﻿/bbs/Gossiping/index.html,Gossiping,6984
/bbs/NBA/index.html,NBA,1792
/bbs/C_Chat/index.html,C_Chat,1578
/bbs/Baseball/index.html,Baseball,1075
/bbs/Stock/index.html,Stock,1048
/bbs/sex/index.html,sex,893
/bbs/HatePolitics/index.html,HatePolitics,772
/bbs/movie/index.html,movie,709
/bbs/MobileComm/index.html,MobileComm,652
/bbs/LoL/index.html,LoL,505
/bbs/Beauty/index.html,Beauty,490
/bbs/Boy-Girl/index.html,Boy-Girl,425
/bbs/Lifeismoney/index.html,Lifeismoney,414
/bbs/ToS/index.html,ToS,397
/bbs/car/index.html,car,394
/bbs/Tech_Job/index.html,Tech_Job,371
/bbs/marvel/index.html,marvel,358
/bbs/PC_Shopping/index.html,PC_Shopping,356
/bbs/BabyMother/index.html,BabyMother,325
/bbs/joke/index.html,joke,316
/bbs/WomenTalk/index.html,WomenTalk,305
/bbs/KR_Entertain/index.html,KR_Entertain,295
/bbs/PlayStation/index.html,PlayStation,265
/bbs/Tennis/index.html,Tennis,250
/bbs/e-shopping/index.html,e-shopping,235
/bbs/Kaohsiung/index.html,Kaohsiung,230
/bbs/marriage/index.html,marriage,223
/bbs/Japan_Travel/index.html,Japan_Travel,222
/bbs/Steam/index.html,Steam,218
/bbs/AllTogether/index.html,AllTogether,217
/bbs/FATE_GO/index.html,FATE_GO,216
/bbs/creditcard/index.html,creditcard,211
/bbs/KanColle/index.html,KanColle,199
/bbs/KoreaStar/index.html,KoreaStar,191
/bbs/Tainan/index.html,Tainan,191
/bbs/japanavgirls/index.html,japanavgirls,190
/bbs/ONE_PIECE/index.html,ONE_PIECE,180
/bbs/Hearthstone/index.html,Hearthstone,176
/bbs/PCReDive/index.html,PCReDive,173
/bbs/CFantasy/index.html,CFantasy,159
/bbs/EAseries/index.html,EAseries,159
/bbs/SportLottery/index.html,SportLottery,154
/bbs/KoreaDrama/index.html,KoreaDrama,149
/bbs/NSwitch/index.html,NSwitch,141
/bbs/home-sale/index.html,home-sale,140
/bbs/AC_In/index.html,AC_In,133
/bbs/TaichungBun/index.html,TaichungBun,132
/bbs/Elephants/index.html,Elephants,129
/bbs/PokemonGO/index.html,PokemonGO,128
/bbs/HardwareSale/index.html,HardwareSale,123
/bbs/NBA_Film/index.html,NBA_Film,122
/bbs/iOS/index.html,iOS,120
/bbs/MakeUp/index.html,MakeUp,120
/bbs/Salary/index.html,Salary,109
/bbs/WOW/index.html,WOW,106
/bbs/CVS/index.html,CVS,104
/bbs/StupidClown/index.html,StupidClown,99
/bbs/Aviation/index.html,Aviation,98
/bbs/BuyTogether/index.html,BuyTogether,91
/bbs/Japandrama/index.html,Japandrama,90
/bbs/BeautySalon/index.html,BeautySalon,90
/bbs/PuzzleDragon/index.html,PuzzleDragon,87
/bbs/YuanChuang/index.html,YuanChuang,81
/bbs/Hsinchu/index.html,Hsinchu,81
/bbs/MuscleBeach/index.html,MuscleBeach,81
/bbs/Palmar_Drama/index.html,Palmar_Drama,81
/bbs/Option/index.html,Option,78
/bbs/MLB/index.html,MLB,78
/bbs/biker/index.html,biker,76
/bbs/Food/index.html,Food,73
/bbs/Headphone/index.html,Headphone,72
/bbs/TaiwanDrama/index.html,TaiwanDrama,72
/bbs/Soft_Job/index.html,Soft_Job,69
/bbs/basketballTW/index.html,basketballTW,69
/bbs/part-time/index.html,part-time,67
/bbs/studyteacher/index.html,studyteacher,65
/bbs/Military/index.html,Military,65
/bbs/Gamesale/index.html,Gamesale,64
/bbs/cat/index.html,cat,63
/bbs/gay/index.html,gay,62
/bbs/DSLR/index.html,DSLR,61
/bbs/China-Drama/index.html,China-Drama,58
/bbs/mobilesales/index.html,mobilesales,57
/bbs/TWICE/index.html,TWICE,55
/bbs/TW_Entertain/index.html,TW_Entertain,54
/bbs/TypeMoon/index.html,TypeMoon,52
/bbs/MobilePay/index.html,MobilePay,51
/bbs/Wanted/index.html,Wanted,51
/bbs/cookclub/index.html,cookclub,51
/bbs/GBF/index.html,GBF,51
/bbs/Monkeys/index.html,Monkeys,50
/bbs/CarShop/index.html,CarShop,49
/bbs/KoreanPop/index.html,KoreanPop,49
/bbs/PublicServan/index.html,PublicServan,48
/bbs/forsale/index.html,forsale,48
/bbs/AKB48/index.html,AKB48,47
/bbs/GetMarry/index.html,GetMarry,47
/bbs/Mobile-game/index.html,Mobile-game,46
/bbs/MacShop/index.html,MacShop,45
/bbs/medstudent/index.html,medstudent,45
/bbs/FITNESS/index.html,FITNESS,45
/bbs/feminine_sex/index.html,feminine_sex,44
/bbs/Examination/index.html,Examination,44
/bbs/Key_Mou_Pad/index.html,Key_Mou_Pad,43
/bbs/LGBT_SEX/index.html,LGBT_SEX,42
/bbs/watch/index.html,watch,42
/bbs/DMM_GAMES/index.html,DMM_GAMES,41
/bbs/DIABLO/index.html,DIABLO,40
/bbs/MH/index.html,MH,39
/bbs/MayDay/index.html,MayDay,39
/bbs/HelpBuy/index.html,HelpBuy,38
/bbs/Gov_owned/index.html,Gov_owned,37
/bbs/IdolMaster/index.html,IdolMaster,36
/bbs/hypermall/index.html,hypermall,35
/bbs/graduate/index.html,graduate,35
/bbs/ClashRoyale/index.html,ClashRoyale,34
/bbs/nb-shopping/index.html,nb-shopping,34
/bbs/job/index.html,job,34
/bbs/IZONE/index.html,IZONE,33
/bbs/BTS/index.html,BTS,33
/bbs/Bank_Service/index.html,Bank_Service,33
/bbs/points/index.html,points,32
/bbs/Lions/index.html,Lions,32
/bbs/Zastrology/index.html,Zastrology,32
/bbs/Guardians/index.html,Guardians,31
/bbs/fastfood/index.html,fastfood,30
/bbs/SuperBike/index.html,SuperBike,30
/bbs/Railway/index.html,Railway,29
