﻿/bbs/Gossiping/index.html,Gossiping,9382
/bbs/C_Chat/index.html,C_Chat,2396
/bbs/NBA/index.html,NBA,2360
/bbs/Baseball/index.html,Baseball,1476
/bbs/Stock/index.html,Stock,1311
/bbs/sex/index.html,sex,1249
/bbs/movie/index.html,movie,1166
/bbs/HatePolitics/index.html,HatePolitics,1026
/bbs/MobileComm/index.html,MobileComm,833
/bbs/LoL/index.html,LoL,823
/bbs/Beauty/index.html,Beauty,669
/bbs/Lifeismoney/index.html,Lifeismoney,633
/bbs/ToS/index.html,ToS,600
/bbs/Boy-Girl/index.html,Boy-Girl,583
/bbs/KR_Entertain/index.html,KR_Entertain,557
/bbs/car/index.html,car,553
/bbs/Tech_Job/index.html,Tech_Job,544
/bbs/marvel/index.html,marvel,492
/bbs/PC_Shopping/index.html,PC_Shopping,482
/bbs/joke/index.html,joke,471
/bbs/Tennis/index.html,Tennis,454
/bbs/WomenTalk/index.html,WomenTalk,442
/bbs/BabyMother/index.html,BabyMother,417
/bbs/KoreaStar/index.html,KoreaStar,382
/bbs/PlayStation/index.html,PlayStation,354
/bbs/e-shopping/index.html,e-shopping,345
/bbs/AllTogether/index.html,AllTogether,339
/bbs/FATE_GO/index.html,FATE_GO,323
/bbs/Kaohsiung/index.html,Kaohsiung,311
/bbs/Steam/index.html,Steam,307
/bbs/Hearthstone/index.html,Hearthstone,297
/bbs/Japan_Travel/index.html,Japan_Travel,297
/bbs/creditcard/index.html,creditcard,290
/bbs/marriage/index.html,marriage,287
/bbs/japanavgirls/index.html,japanavgirls,287
/bbs/KanColle/index.html,KanColle,283
/bbs/KoreaDrama/index.html,KoreaDrama,282
/bbs/Tainan/index.html,Tainan,276
/bbs/SportLottery/index.html,SportLottery,271
/bbs/PCReDive/index.html,PCReDive,262
/bbs/EAseries/index.html,EAseries,255
/bbs/ONE_PIECE/index.html,ONE_PIECE,254
/bbs/MakeUp/index.html,MakeUp,248
/bbs/CFantasy/index.html,CFantasy,242
/bbs/NSwitch/index.html,NSwitch,225
/bbs/AC_In/index.html,AC_In,201
/bbs/home-sale/index.html,home-sale,190
/bbs/NBA_Film/index.html,NBA_Film,184
/bbs/TaichungBun/index.html,TaichungBun,180
/bbs/Elephants/index.html,Elephants,178
/bbs/iOS/index.html,iOS,174
/bbs/Salary/index.html,Salary,174
/bbs/HardwareSale/index.html,HardwareSale,173
/bbs/BeautySalon/index.html,BeautySalon,162
/bbs/StupidClown/index.html,StupidClown,158
/bbs/CVS/index.html,CVS,150
/bbs/PuzzleDragon/index.html,PuzzleDragon,148
/bbs/PokemonGO/index.html,PokemonGO,147
/bbs/biker/index.html,biker,136
/bbs/YuanChuang/index.html,YuanChuang,133
/bbs/WOW/index.html,WOW,129
/bbs/Japandrama/index.html,Japandrama,127
/bbs/BuyTogether/index.html,BuyTogether,125
/bbs/MuscleBeach/index.html,MuscleBeach,111
/bbs/Palmar_Drama/index.html,Palmar_Drama,111
/bbs/Option/index.html,Option,109
/bbs/KoreanPop/index.html,KoreanPop,108
/bbs/Wanted/index.html,Wanted,105
/bbs/Aviation/index.html,Aviation,103
/bbs/Hsinchu/index.html,Hsinchu,102
/bbs/basketballTW/index.html,basketballTW,100
/bbs/Headphone/index.html,Headphone,94
/bbs/part-time/index.html,part-time,94
/bbs/gay/index.html,gay,94
/bbs/China-Drama/index.html,China-Drama,93
/bbs/MLB/index.html,MLB,93
/bbs/TaiwanDrama/index.html,TaiwanDrama,91
/bbs/Food/index.html,Food,91
/bbs/DSLR/index.html,DSLR,89
/bbs/cat/index.html,cat,89
/bbs/Soft_Job/index.html,Soft_Job,86
/bbs/TWICE/index.html,TWICE,86
/bbs/feminine_sex/index.html,feminine_sex,85
/bbs/MayDay/index.html,MayDay,85
/bbs/Gamesale/index.html,Gamesale,83
/bbs/lesbian/index.html,lesbian,83
/bbs/mobilesales/index.html,mobilesales,82
/bbs/Mobile-game/index.html,Mobile-game,80
/bbs/Military/index.html,Military,78
/bbs/GetMarry/index.html,GetMarry,77
/bbs/Key_Mou_Pad/index.html,Key_Mou_Pad,70
/bbs/TW_Entertain/index.html,TW_Entertain,70
/bbs/watch/index.html,watch,67
/bbs/DMM_GAMES/index.html,DMM_GAMES,66
/bbs/nb-shopping/index.html,nb-shopping,65
/bbs/CarShop/index.html,CarShop,64
/bbs/LGBT_SEX/index.html,LGBT_SEX,63
/bbs/graduate/index.html,graduate,63
/bbs/SuperJunior/index.html,SuperJunior,62
/bbs/studyteacher/index.html,studyteacher,62
/bbs/Guardians/index.html,Guardians,61
/bbs/TypeMoon/index.html,TypeMoon,60
/bbs/Examination/index.html,Examination,60
/bbs/cookclub/index.html,cookclub,60
/bbs/GBF/index.html,GBF,59
/bbs/FITNESS/index.html,FITNESS,59
/bbs/AKB48/index.html,AKB48,58
/bbs/MobilePay/index.html,MobilePay,58
/bbs/IZONE/index.html,IZONE,58
/bbs/Lions/index.html,Lions,58
/bbs/MH/index.html,MH,57
/bbs/DIABLO/index.html,DIABLO,57
/bbs/FTV/index.html,FTV,56
/bbs/MacShop/index.html,MacShop,56
/bbs/IdolMaster/index.html,IdolMaster,54
/bbs/HelpBuy/index.html,HelpBuy,53
/bbs/Monkeys/index.html,Monkeys,53
/bbs/forsale/index.html,forsale,53
/bbs/Finance/index.html,Finance,52
/bbs/medstudent/index.html,medstudent,52
/bbs/DC_SALE/index.html,DC_SALE,50
/bbs/BTS/index.html,BTS,50
/bbs/OverWatch/index.html,OverWatch,49
/bbs/job/index.html,job,49
/bbs/Zastrology/index.html,Zastrology,48
/bbs/Nogizaka46/index.html,Nogizaka46,47
/bbs/fastfood/index.html,fastfood,47
/bbs/points/index.html,points,47
