﻿/bbs/Gossiping/index.html,Gossiping,19350
/bbs/Baseball/index.html,Baseball,4642
/bbs/C_Chat/index.html,C_Chat,3365
/bbs/NBA/index.html,NBA,3118
/bbs/HatePolitics/index.html,HatePolitics,2627
/bbs/movie/index.html,movie,2273
/bbs/Stock/index.html,Stock,1687
/bbs/Lifeismoney/index.html,Lifeismoney,1476
/bbs/sex/index.html,sex,1455
/bbs/MobileComm/index.html,MobileComm,1337
/bbs/LoL/index.html,LoL,1264
/bbs/car/index.html,car,1150
/bbs/KR_Entertain/index.html,KR_Entertain,1087
/bbs/BabyMother/index.html,BabyMother,1047
/bbs/e-shopping/index.html,e-shopping,992
/bbs/ToS/index.html,ToS,928
/bbs/WomenTalk/index.html,WomenTalk,839
/bbs/Boy-Girl/index.html,Boy-Girl,822
/bbs/Beauty/index.html,Beauty,800
/bbs/Tech_Job/index.html,Tech_Job,794
/bbs/joke/index.html,joke,789
/bbs/Tennis/index.html,Tennis,723
/bbs/KoreaDrama/index.html,KoreaDrama,683
/bbs/PC_Shopping/index.html,PC_Shopping,680
/bbs/KoreaStar/index.html,KoreaStar,674
/bbs/Japan_Travel/index.html,Japan_Travel,644
/bbs/Hearthstone/index.html,Hearthstone,598
/bbs/AllTogether/index.html,AllTogether,598
/bbs/marriage/index.html,marriage,573
/bbs/marvel/index.html,marvel,568
/bbs/MakeUp/index.html,MakeUp,552
/bbs/Kaohsiung/index.html,Kaohsiung,502
/bbs/Elephants/index.html,Elephants,490
/bbs/PlayStation/index.html,PlayStation,480
/bbs/Tainan/index.html,Tainan,454
/bbs/Steam/index.html,Steam,449
/bbs/StupidClown/index.html,StupidClown,441
/bbs/SportLottery/index.html,SportLottery,439
/bbs/home-sale/index.html,home-sale,428
/bbs/KanColle/index.html,KanColle,402
/bbs/TW_Entertain/index.html,TW_Entertain,399
/bbs/creditcard/index.html,creditcard,396
/bbs/EAseries/index.html,EAseries,391
/bbs/japanavgirls/index.html,japanavgirls,379
/bbs/TaichungBun/index.html,TaichungBun,345
/bbs/BeautySalon/index.html,BeautySalon,334
/bbs/iOS/index.html,iOS,322
/bbs/Japandrama/index.html,Japandrama,313
/bbs/Monkeys/index.html,Monkeys,306
/bbs/CFantasy/index.html,CFantasy,305
/bbs/YuanChuang/index.html,YuanChuang,280
/bbs/NSwitch/index.html,NSwitch,274
/bbs/TaiwanDrama/index.html,TaiwanDrama,267
/bbs/ONE_PIECE/index.html,ONE_PIECE,264
/bbs/BuyTogether/index.html,BuyTogether,253
/bbs/basketballTW/index.html,basketballTW,249
/bbs/CVS/index.html,CVS,243
/bbs/FATE_GO/index.html,FATE_GO,242
/bbs/PokemonGO/index.html,PokemonGO,242
/bbs/studyteacher/index.html,studyteacher,237
/bbs/PCReDive/index.html,PCReDive,233
/bbs/Guardians/index.html,Guardians,227
/bbs/Lions/index.html,Lions,225
/bbs/Salary/index.html,Salary,224
/bbs/AC_In/index.html,AC_In,211
/bbs/PuzzleDragon/index.html,PuzzleDragon,211
/bbs/HardwareSale/index.html,HardwareSale,211
/bbs/Food/index.html,Food,211
/bbs/MuscleBeach/index.html,MuscleBeach,209
/bbs/biker/index.html,biker,205
/bbs/IZONE/index.html,IZONE,203
/bbs/KoreanPop/index.html,KoreanPop,201
/bbs/Hsinchu/index.html,Hsinchu,195
/bbs/MayDay/index.html,MayDay,193
/bbs/China-Drama/index.html,China-Drama,191
/bbs/Examination/index.html,Examination,187
/bbs/NBA_Film/index.html,NBA_Film,181
/bbs/TWICE/index.html,TWICE,179
/bbs/WOW/index.html,WOW,176
/bbs/GetMarry/index.html,GetMarry,169
/bbs/cat/index.html,cat,164
/bbs/Aviation/index.html,Aviation,163
/bbs/lesbian/index.html,lesbian,163
/bbs/gay/index.html,gay,160
/bbs/MLB/index.html,MLB,148
/bbs/BTS/index.html,BTS,147
/bbs/MobilePay/index.html,MobilePay,146
/bbs/Palmar_Drama/index.html,Palmar_Drama,145
/bbs/Wanted/index.html,Wanted,141
/bbs/Headphone/index.html,Headphone,140
/bbs/Gamesale/index.html,Gamesale,139
/bbs/mobilesales/index.html,mobilesales,134
/bbs/GBF/index.html,GBF,134
/bbs/Finance/index.html,Finance,130
/bbs/Soft_Job/index.html,Soft_Job,127
/bbs/cookclub/index.html,cookclub,126
/bbs/MH/index.html,MH,125
/bbs/part-time/index.html,part-time,120
/bbs/HelpBuy/index.html,HelpBuy,119
/bbs/DMM_GAMES/index.html,DMM_GAMES,119
/bbs/Zastrology/index.html,Zastrology,119
/bbs/CarShop/index.html,CarShop,115
/bbs/FITNESS/index.html,FITNESS,113
/bbs/give/index.html,give,109
/bbs/forsale/index.html,forsale,109
/bbs/AKB48/index.html,AKB48,107
/bbs/DSLR/index.html,DSLR,106
/bbs/Military/index.html,Military,106
/bbs/PublicServan/index.html,PublicServan,103
/bbs/Brand/index.html,Brand,103
/bbs/E-appliance/index.html,E-appliance,101
/bbs/facelift/index.html,facelift,100
/bbs/LGBT_SEX/index.html,LGBT_SEX,98
/bbs/TypeMoon/index.html,TypeMoon,97
/bbs/MacShop/index.html,MacShop,96
/bbs/feminine_sex/index.html,feminine_sex,94
/bbs/watch/index.html,watch,94
/bbs/tabletennis/index.html,tabletennis,94
/bbs/fastfood/index.html,fastfood,92
/bbs/Drama-Ticket/index.html,Drama-Ticket,90
/bbs/graduate/index.html,graduate,90
/bbs/Nogizaka46/index.html,Nogizaka46,89
/bbs/medstudent/index.html,medstudent,89
/bbs/BabyProducts/index.html,BabyProducts,88
/bbs/Mobile-game/index.html,Mobile-game,88
/bbs/Gov_owned/index.html,Gov_owned,86
/bbs/Taoyuan/index.html,Taoyuan,85
/bbs/Teacher/index.html,Teacher,82
