﻿/bbs/Gossiping/index.html,Gossiping,15667
/bbs/NBA/index.html,NBA,3869
/bbs/C_Chat/index.html,C_Chat,3011
/bbs/Baseball/index.html,Baseball,2541
/bbs/HatePolitics/index.html,HatePolitics,1767
/bbs/Stock/index.html,Stock,1684
/bbs/movie/index.html,movie,1254
/bbs/MobileComm/index.html,MobileComm,1191
/bbs/sex/index.html,sex,1121
/bbs/Lifeismoney/index.html,Lifeismoney,974
/bbs/Beauty/index.html,Beauty,890
/bbs/car/index.html,car,886
/bbs/LoL/index.html,LoL,871
/bbs/KR_Entertain/index.html,KR_Entertain,870
/bbs/Tech_Job/index.html,Tech_Job,794
/bbs/ToS/index.html,ToS,750
/bbs/Boy-Girl/index.html,Boy-Girl,729
/bbs/WomenTalk/index.html,WomenTalk,671
/bbs/BabyMother/index.html,BabyMother,613
/bbs/KoreaStar/index.html,KoreaStar,612
/bbs/PC_Shopping/index.html,PC_Shopping,547
/bbs/creditcard/index.html,creditcard,523
/bbs/marvel/index.html,marvel,512
/bbs/e-shopping/index.html,e-shopping,500
/bbs/joke/index.html,joke,480
/bbs/Japan_Travel/index.html,Japan_Travel,442
/bbs/SportLottery/index.html,SportLottery,391
/bbs/AllTogether/index.html,AllTogether,383
/bbs/PlayStation/index.html,PlayStation,380
/bbs/marriage/index.html,marriage,361
/bbs/MakeUp/index.html,MakeUp,350
/bbs/Steam/index.html,Steam,347
/bbs/Tainan/index.html,Tainan,336
/bbs/japanavgirls/index.html,japanavgirls,330
/bbs/Kaohsiung/index.html,Kaohsiung,330
/bbs/KoreaDrama/index.html,KoreaDrama,327
/bbs/Tennis/index.html,Tennis,314
/bbs/home-sale/index.html,home-sale,301
/bbs/Hearthstone/index.html,Hearthstone,299
/bbs/FATE_GO/index.html,FATE_GO,293
/bbs/StupidClown/index.html,StupidClown,290
/bbs/PokemonGO/index.html,PokemonGO,282
/bbs/KanColle/index.html,KanColle,281
/bbs/TaichungBun/index.html,TaichungBun,281
/bbs/NSwitch/index.html,NSwitch,263
/bbs/ONE_PIECE/index.html,ONE_PIECE,263
/bbs/PCReDive/index.html,PCReDive,261
/bbs/iOS/index.html,iOS,246
/bbs/EAseries/index.html,EAseries,236
/bbs/CFantasy/index.html,CFantasy,229
/bbs/Salary/index.html,Salary,206
/bbs/BeautySalon/index.html,BeautySalon,194
/bbs/HardwareSale/index.html,HardwareSale,189
/bbs/Elephants/index.html,Elephants,184
/bbs/BuyTogether/index.html,BuyTogether,182
/bbs/AC_In/index.html,AC_In,178
/bbs/NBA_Film/index.html,NBA_Film,178
/bbs/CVS/index.html,CVS,168
/bbs/MuscleBeach/index.html,MuscleBeach,165
/bbs/Food/index.html,Food,157
/bbs/basketballTW/index.html,basketballTW,148
/bbs/PuzzleDragon/index.html,PuzzleDragon,147
/bbs/WOW/index.html,WOW,147
/bbs/Japandrama/index.html,Japandrama,144
/bbs/Soft_Job/index.html,Soft_Job,143
/bbs/YuanChuang/index.html,YuanChuang,142
/bbs/Hsinchu/index.html,Hsinchu,136
/bbs/Aviation/index.html,Aviation,132
/bbs/GBF/index.html,GBF,132
/bbs/MobilePay/index.html,MobilePay,131
/bbs/MLB/index.html,MLB,128
/bbs/Gamesale/index.html,Gamesale,126
/bbs/Palmar_Drama/index.html,Palmar_Drama,126
/bbs/mobilesales/index.html,mobilesales,124
/bbs/biker/index.html,biker,124
/bbs/KoreanPop/index.html,KoreanPop,118
/bbs/TaiwanDrama/index.html,TaiwanDrama,116
/bbs/China-Drama/index.html,China-Drama,115
/bbs/part-time/index.html,part-time,114
/bbs/Examination/index.html,Examination,112
/bbs/Headphone/index.html,Headphone,111
/bbs/TWICE/index.html,TWICE,111
/bbs/MayDay/index.html,MayDay,111
/bbs/Monkeys/index.html,Monkeys,110
/bbs/DSLR/index.html,DSLR,109
/bbs/studyteacher/index.html,studyteacher,103
/bbs/lesbian/index.html,lesbian,102
/bbs/forsale/index.html,forsale,100
/bbs/cat/index.html,cat,99
/bbs/Finance/index.html,Finance,98
/bbs/CarShop/index.html,CarShop,97
/bbs/Gov_owned/index.html,Gov_owned,95
/bbs/GetMarry/index.html,GetMarry,95
/bbs/medstudent/index.html,medstudent,93
/bbs/PublicServan/index.html,PublicServan,87
/bbs/BTS/index.html,BTS,87
/bbs/FITNESS/index.html,FITNESS,86
/bbs/Military/index.html,Military,86
/bbs/DMM_GAMES/index.html,DMM_GAMES,85
/bbs/TW_Entertain/index.html,TW_Entertain,84
/bbs/fastfood/index.html,fastfood,83
/bbs/graduate/index.html,graduate,83
/bbs/Key_Mou_Pad/index.html,Key_Mou_Pad,79
/bbs/HelpBuy/index.html,HelpBuy,78
/bbs/IZONE/index.html,IZONE,78
/bbs/RealmOfValor/index.html,RealmOfValor,78
/bbs/SuperJunior/index.html,SuperJunior,77
/bbs/gay/index.html,gay,76
/bbs/nb-shopping/index.html,nb-shopping,71
/bbs/Wanted/index.html,Wanted,71
/bbs/tabletennis/index.html,tabletennis,71
/bbs/Mobile-game/index.html,Mobile-game,70
/bbs/LGBT_SEX/index.html,LGBT_SEX,69
/bbs/Option/index.html,Option,68
/bbs/watch/index.html,watch,67
/bbs/MH/index.html,MH,66
/bbs/give/index.html,give,66
/bbs/PathofExile/index.html,PathofExile,66
/bbs/Drama-Ticket/index.html,Drama-Ticket,66
/bbs/Taoyuan/index.html,Taoyuan,66
/bbs/feminine_sex/index.html,feminine_sex,66
/bbs/MacShop/index.html,MacShop,65
/bbs/TypeMoon/index.html,TypeMoon,63
/bbs/Brand/index.html,Brand,63
/bbs/BabyProducts/index.html,BabyProducts,61
/bbs/cookclub/index.html,cookclub,61
/bbs/Guardians/index.html,Guardians,61
/bbs/StarCraft/index.html,StarCraft,61
