﻿/bbs/Gossiping/index.html,Gossiping,18705
/bbs/Baseball/index.html,Baseball,3357
/bbs/NBA/index.html,NBA,3346
/bbs/C_Chat/index.html,C_Chat,3085
/bbs/HatePolitics/index.html,HatePolitics,2697
/bbs/Stock/index.html,Stock,1536
/bbs/movie/index.html,movie,1395
/bbs/MobileComm/index.html,MobileComm,1105
/bbs/sex/index.html,sex,1077
/bbs/Lifeismoney/index.html,Lifeismoney,1018
/bbs/KR_Entertain/index.html,KR_Entertain,911
/bbs/LoL/index.html,LoL,906
/bbs/car/index.html,car,818
/bbs/Tech_Job/index.html,Tech_Job,776
/bbs/Beauty/index.html,Beauty,773
/bbs/ToS/index.html,ToS,758
/bbs/WomenTalk/index.html,WomenTalk,732
/bbs/BabyMother/index.html,BabyMother,684
/bbs/KoreaStar/index.html,KoreaStar,615
/bbs/PC_Shopping/index.html,PC_Shopping,600
/bbs/Boy-Girl/index.html,Boy-Girl,598
/bbs/marvel/index.html,marvel,554
/bbs/e-shopping/index.html,e-shopping,549
/bbs/basketballTW/index.html,basketballTW,492
/bbs/Japan_Travel/index.html,Japan_Travel,483
/bbs/joke/index.html,joke,443
/bbs/PlayStation/index.html,PlayStation,425
/bbs/creditcard/index.html,creditcard,416
/bbs/marriage/index.html,marriage,415
/bbs/SportLottery/index.html,SportLottery,406
/bbs/KoreaDrama/index.html,KoreaDrama,383
/bbs/AllTogether/index.html,AllTogether,376
/bbs/MakeUp/index.html,MakeUp,375
/bbs/Kaohsiung/index.html,Kaohsiung,358
/bbs/StupidClown/index.html,StupidClown,355
/bbs/Steam/index.html,Steam,343
/bbs/japanavgirls/index.html,japanavgirls,341
/bbs/Tainan/index.html,Tainan,331
/bbs/KanColle/index.html,KanColle,329
/bbs/Hearthstone/index.html,Hearthstone,317
/bbs/CFantasy/index.html,CFantasy,301
/bbs/home-sale/index.html,home-sale,300
/bbs/Tennis/index.html,Tennis,270
/bbs/FATE_GO/index.html,FATE_GO,267
/bbs/PokemonGO/index.html,PokemonGO,264
/bbs/NSwitch/index.html,NSwitch,262
/bbs/EAseries/index.html,EAseries,259
/bbs/ONE_PIECE/index.html,ONE_PIECE,255
/bbs/iOS/index.html,iOS,254
/bbs/TaichungBun/index.html,TaichungBun,253
/bbs/PCReDive/index.html,PCReDive,238
/bbs/HardwareSale/index.html,HardwareSale,214
/bbs/Japandrama/index.html,Japandrama,206
/bbs/BeautySalon/index.html,BeautySalon,198
/bbs/BuyTogether/index.html,BuyTogether,190
/bbs/AC_In/index.html,AC_In,184
/bbs/Elephants/index.html,Elephants,184
/bbs/NBA_Film/index.html,NBA_Film,183
/bbs/studyteacher/index.html,studyteacher,173
/bbs/CVS/index.html,CVS,171
/bbs/Examination/index.html,Examination,164
/bbs/Monkeys/index.html,Monkeys,162
/bbs/Hsinchu/index.html,Hsinchu,156
/bbs/WOW/index.html,WOW,156
/bbs/MuscleBeach/index.html,MuscleBeach,155
/bbs/PuzzleDragon/index.html,PuzzleDragon,152
/bbs/Salary/index.html,Salary,152
/bbs/mobilesales/index.html,mobilesales,151
/bbs/Food/index.html,Food,139
/bbs/Palmar_Drama/index.html,Palmar_Drama,138
/bbs/tabletennis/index.html,tabletennis,138
/bbs/YuanChuang/index.html,YuanChuang,136
/bbs/TaiwanDrama/index.html,TaiwanDrama,134
/bbs/Gamesale/index.html,Gamesale,133
/bbs/GBF/index.html,GBF,131
/bbs/MobilePay/index.html,MobilePay,130
/bbs/Aviation/index.html,Aviation,130
/bbs/biker/index.html,biker,130
/bbs/MayDay/index.html,MayDay,128
/bbs/China-Drama/index.html,China-Drama,122
/bbs/TWICE/index.html,TWICE,121
/bbs/Soft_Job/index.html,Soft_Job,119
/bbs/Headphone/index.html,Headphone,119
/bbs/KoreanPop/index.html,KoreanPop,116
/bbs/part-time/index.html,part-time,109
/bbs/cat/index.html,cat,106
/bbs/BTS/index.html,BTS,106
/bbs/MLB/index.html,MLB,103
/bbs/gay/index.html,gay,102
/bbs/DMM_GAMES/index.html,DMM_GAMES,100
/bbs/Drama-Ticket/index.html,Drama-Ticket,98
/bbs/Wanted/index.html,Wanted,97
/bbs/StarCraft/index.html,StarCraft,97
/bbs/CarShop/index.html,CarShop,96
/bbs/medstudent/index.html,medstudent,94
/bbs/GetMarry/index.html,GetMarry,92
/bbs/DSLR/index.html,DSLR,90
/bbs/Finance/index.html,Finance,90
/bbs/HelpBuy/index.html,HelpBuy,88
/bbs/fastfood/index.html,fastfood,88
/bbs/forsale/index.html,forsale,88
/bbs/graduate/index.html,graduate,87
/bbs/feminine_sex/index.html,feminine_sex,86
/bbs/nb-shopping/index.html,nb-shopping,84
/bbs/FITNESS/index.html,FITNESS,83
/bbs/PublicServan/index.html,PublicServan,82
/bbs/IZONE/index.html,IZONE,82
/bbs/Gov_owned/index.html,Gov_owned,81
/bbs/lesbian/index.html,lesbian,81
/bbs/Mobile-game/index.html,Mobile-game,79
/bbs/DIABLO/index.html,DIABLO,79
/bbs/PathofExile/index.html,PathofExile,78
/bbs/MacShop/index.html,MacShop,78
/bbs/Guardians/index.html,Guardians,78
/bbs/Military/index.html,Military,78
/bbs/TW_Entertain/index.html,TW_Entertain,77
/bbs/watch/index.html,watch,76
/bbs/AKB48/index.html,AKB48,75
/bbs/TypeMoon/index.html,TypeMoon,75
/bbs/E-appliance/index.html,E-appliance,74
/bbs/Key_Mou_Pad/index.html,Key_Mou_Pad,74
/bbs/MH/index.html,MH,73
/bbs/SuperJunior/index.html,SuperJunior,71
/bbs/Brand/index.html,Brand,70
/bbs/Lakers/index.html,Lakers,70
/bbs/IdolMaster/index.html,IdolMaster,66
/bbs/LGBT_SEX/index.html,LGBT_SEX,66
/bbs/give/index.html,give,62
