﻿/bbs/Gossiping/index.html,Gossiping,18046
/bbs/Baseball/index.html,Baseball,6244
/bbs/NBA/index.html,NBA,3175
/bbs/C_Chat/index.html,C_Chat,2960
/bbs/HatePolitics/index.html,HatePolitics,2741
/bbs/Stock/index.html,Stock,1496
/bbs/movie/index.html,movie,1383
/bbs/MobileComm/index.html,MobileComm,1102
/bbs/sex/index.html,sex,1060
/bbs/Lifeismoney/index.html,Lifeismoney,1025
/bbs/KR_Entertain/index.html,KR_Entertain,908
/bbs/LoL/index.html,LoL,885
/bbs/car/index.html,car,839
/bbs/Tech_Job/index.html,Tech_Job,770
/bbs/ToS/index.html,ToS,766
/bbs/BabyMother/index.html,BabyMother,720
/bbs/WomenTalk/index.html,WomenTalk,717
/bbs/Beauty/index.html,Beauty,687
/bbs/PC_Shopping/index.html,PC_Shopping,621
/bbs/Boy-Girl/index.html,Boy-Girl,594
/bbs/e-shopping/index.html,e-shopping,589
/bbs/marvel/index.html,marvel,578
/bbs/KoreaStar/index.html,KoreaStar,539
/bbs/Japan_Travel/index.html,Japan_Travel,461
/bbs/SportLottery/index.html,SportLottery,435
/bbs/creditcard/index.html,creditcard,431
/bbs/joke/index.html,joke,424
/bbs/PlayStation/index.html,PlayStation,413
/bbs/marriage/index.html,marriage,407
/bbs/basketballTW/index.html,basketballTW,401
/bbs/AllTogether/index.html,AllTogether,395
/bbs/Kaohsiung/index.html,Kaohsiung,368
/bbs/Steam/index.html,Steam,367
/bbs/KoreaDrama/index.html,KoreaDrama,364
/bbs/MakeUp/index.html,MakeUp,362
/bbs/StupidClown/index.html,StupidClown,351
/bbs/KanColle/index.html,KanColle,341
/bbs/japanavgirls/index.html,japanavgirls,326
/bbs/Tainan/index.html,Tainan,325
/bbs/Hearthstone/index.html,Hearthstone,324
/bbs/CFantasy/index.html,CFantasy,305
/bbs/home-sale/index.html,home-sale,294
/bbs/NSwitch/index.html,NSwitch,276
/bbs/EAseries/index.html,EAseries,263
/bbs/TaichungBun/index.html,TaichungBun,262
/bbs/iOS/index.html,iOS,255
/bbs/FATE_GO/index.html,FATE_GO,253
/bbs/ONE_PIECE/index.html,ONE_PIECE,250
/bbs/PokemonGO/index.html,PokemonGO,249
/bbs/Tennis/index.html,Tennis,248
/bbs/PCReDive/index.html,PCReDive,222
/bbs/HardwareSale/index.html,HardwareSale,208
/bbs/CVS/index.html,CVS,203
/bbs/Japandrama/index.html,Japandrama,201
/bbs/BeautySalon/index.html,BeautySalon,197
/bbs/BuyTogether/index.html,BuyTogether,188
/bbs/Elephants/index.html,Elephants,186
/bbs/AC_In/index.html,AC_In,177
/bbs/NBA_Film/index.html,NBA_Film,171
/bbs/studyteacher/index.html,studyteacher,163
/bbs/PuzzleDragon/index.html,PuzzleDragon,155
/bbs/Salary/index.html,Salary,153
/bbs/MuscleBeach/index.html,MuscleBeach,149
/bbs/Monkeys/index.html,Monkeys,146
/bbs/MayDay/index.html,MayDay,145
/bbs/Examination/index.html,Examination,144
/bbs/mobilesales/index.html,mobilesales,143
/bbs/WOW/index.html,WOW,141
/bbs/YuanChuang/index.html,YuanChuang,138
/bbs/TaiwanDrama/index.html,TaiwanDrama,135
/bbs/biker/index.html,biker,132
/bbs/Palmar_Drama/index.html,Palmar_Drama,132
/bbs/Food/index.html,Food,131
/bbs/Aviation/index.html,Aviation,130
/bbs/Hsinchu/index.html,Hsinchu,128
/bbs/MobilePay/index.html,MobilePay,125
/bbs/GBF/index.html,GBF,123
/bbs/KoreanPop/index.html,KoreanPop,122
/bbs/TWICE/index.html,TWICE,122
/bbs/China-Drama/index.html,China-Drama,119
/bbs/tabletennis/index.html,tabletennis,116
/bbs/Soft_Job/index.html,Soft_Job,115
/bbs/Gamesale/index.html,Gamesale,114
/bbs/Headphone/index.html,Headphone,114
/bbs/cat/index.html,cat,114
/bbs/MLB/index.html,MLB,113
/bbs/Drama-Ticket/index.html,Drama-Ticket,112
/bbs/StarCraft/index.html,StarCraft,110
/bbs/GetMarry/index.html,GetMarry,109
/bbs/BTS/index.html,BTS,105
/bbs/medstudent/index.html,medstudent,103
/bbs/forsale/index.html,forsale,103
/bbs/part-time/index.html,part-time,102
/bbs/DMM_GAMES/index.html,DMM_GAMES,101
/bbs/CarShop/index.html,CarShop,99
/bbs/Finance/index.html,Finance,96
/bbs/Wanted/index.html,Wanted,96
/bbs/Key_Mou_Pad/index.html,Key_Mou_Pad,95
/bbs/DSLR/index.html,DSLR,94
/bbs/PathofExile/index.html,PathofExile,88
/bbs/nb-shopping/index.html,nb-shopping,87
/bbs/HelpBuy/index.html,HelpBuy,87
/bbs/gay/index.html,gay,87
/bbs/lesbian/index.html,lesbian,86
/bbs/Gov_owned/index.html,Gov_owned,82
/bbs/Guardians/index.html,Guardians,82
/bbs/TW_Entertain/index.html,TW_Entertain,82
/bbs/Mobile-game/index.html,Mobile-game,81
/bbs/IZONE/index.html,IZONE,78
/bbs/fastfood/index.html,fastfood,77
/bbs/AKB48/index.html,AKB48,76
/bbs/LGBT_SEX/index.html,LGBT_SEX,76
/bbs/Military/index.html,Military,76
/bbs/SuperJunior/index.html,SuperJunior,75
/bbs/watch/index.html,watch,75
/bbs/PublicServan/index.html,PublicServan,74
/bbs/DIABLO/index.html,DIABLO,74
/bbs/E-appliance/index.html,E-appliance,72
/bbs/feminine_sex/index.html,feminine_sex,72
/bbs/TypeMoon/index.html,TypeMoon,71
/bbs/MacShop/index.html,MacShop,69
/bbs/hypermall/index.html,hypermall,69
/bbs/FITNESS/index.html,FITNESS,68
/bbs/IdolMaster/index.html,IdolMaster,66
/bbs/graduate/index.html,graduate,66
/bbs/MH/index.html,MH,63
/bbs/Brand/index.html,Brand,62
/bbs/facelift/index.html,facelift,62
