﻿/bbs/Gossiping/index.html,Gossiping,18937
/bbs/Baseball/index.html,Baseball,5149
/bbs/C_Chat/index.html,C_Chat,3182
/bbs/NBA/index.html,NBA,3087
/bbs/HatePolitics/index.html,HatePolitics,2775
/bbs/movie/index.html,movie,2100
/bbs/Stock/index.html,Stock,1707
/bbs/Lifeismoney/index.html,Lifeismoney,1427
/bbs/LoL/index.html,LoL,1378
/bbs/MobileComm/index.html,MobileComm,1373
/bbs/sex/index.html,sex,1304
/bbs/car/index.html,car,1147
/bbs/KR_Entertain/index.html,KR_Entertain,1084
/bbs/BabyMother/index.html,BabyMother,1033
/bbs/e-shopping/index.html,e-shopping,880
/bbs/ToS/index.html,ToS,879
/bbs/Tennis/index.html,Tennis,879
/bbs/joke/index.html,joke,842
/bbs/WomenTalk/index.html,WomenTalk,830
/bbs/Beauty/index.html,Beauty,773
/bbs/Tech_Job/index.html,Tech_Job,720
/bbs/Boy-Girl/index.html,Boy-Girl,687
/bbs/Hearthstone/index.html,Hearthstone,665
/bbs/Elephants/index.html,Elephants,657
/bbs/PC_Shopping/index.html,PC_Shopping,647
/bbs/KoreaDrama/index.html,KoreaDrama,633
/bbs/Japan_Travel/index.html,Japan_Travel,617
/bbs/marvel/index.html,marvel,563
/bbs/KoreaStar/index.html,KoreaStar,556
/bbs/marriage/index.html,marriage,525
/bbs/MakeUp/index.html,MakeUp,523
/bbs/AllTogether/index.html,AllTogether,516
/bbs/Kaohsiung/index.html,Kaohsiung,512
/bbs/PlayStation/index.html,PlayStation,449
/bbs/StupidClown/index.html,StupidClown,448
/bbs/Tainan/index.html,Tainan,439
/bbs/KanColle/index.html,KanColle,436
/bbs/SportLottery/index.html,SportLottery,435
/bbs/Steam/index.html,Steam,422
/bbs/home-sale/index.html,home-sale,420
/bbs/Monkeys/index.html,Monkeys,413
/bbs/creditcard/index.html,creditcard,405
/bbs/Guardians/index.html,Guardians,353
/bbs/EAseries/index.html,EAseries,344
/bbs/TaichungBun/index.html,TaichungBun,343
/bbs/TW_Entertain/index.html,TW_Entertain,318
/bbs/Japandrama/index.html,Japandrama,313
/bbs/japanavgirls/index.html,japanavgirls,310
/bbs/iOS/index.html,iOS,308
/bbs/TaiwanDrama/index.html,TaiwanDrama,300
/bbs/CFantasy/index.html,CFantasy,296
/bbs/Lions/index.html,Lions,293
/bbs/BeautySalon/index.html,BeautySalon,285
/bbs/NSwitch/index.html,NSwitch,272
/bbs/BuyTogether/index.html,BuyTogether,266
/bbs/basketballTW/index.html,basketballTW,249
/bbs/PCReDive/index.html,PCReDive,247
/bbs/FATE_GO/index.html,FATE_GO,245
/bbs/studyteacher/index.html,studyteacher,245
/bbs/PokemonGO/index.html,PokemonGO,241
/bbs/ONE_PIECE/index.html,ONE_PIECE,238
/bbs/HardwareSale/index.html,HardwareSale,236
/bbs/YuanChuang/index.html,YuanChuang,229
/bbs/Hsinchu/index.html,Hsinchu,225
/bbs/CVS/index.html,CVS,214
/bbs/AC_In/index.html,AC_In,206
/bbs/Salary/index.html,Salary,204
/bbs/MuscleBeach/index.html,MuscleBeach,202
/bbs/biker/index.html,biker,200
/bbs/Examination/index.html,Examination,194
/bbs/WOW/index.html,WOW,187
/bbs/PuzzleDragon/index.html,PuzzleDragon,185
/bbs/KoreanPop/index.html,KoreanPop,184
/bbs/gay/index.html,gay,184
/bbs/NBA_Film/index.html,NBA_Film,182
/bbs/MayDay/index.html,MayDay,182
/bbs/China-Drama/index.html,China-Drama,172
/bbs/Food/index.html,Food,169
/bbs/Aviation/index.html,Aviation,167
/bbs/TWICE/index.html,TWICE,162
/bbs/cat/index.html,cat,161
/bbs/BTS/index.html,BTS,153
/bbs/Palmar_Drama/index.html,Palmar_Drama,150
/bbs/GetMarry/index.html,GetMarry,148
/bbs/lesbian/index.html,lesbian,147
/bbs/MobilePay/index.html,MobilePay,146
/bbs/GBF/index.html,GBF,145
/bbs/Gamesale/index.html,Gamesale,142
/bbs/MLB/index.html,MLB,138
/bbs/IZONE/index.html,IZONE,136
/bbs/Headphone/index.html,Headphone,136
/bbs/Soft_Job/index.html,Soft_Job,135
/bbs/mobilesales/index.html,mobilesales,133
/bbs/forsale/index.html,forsale,129
/bbs/Finance/index.html,Finance,126
/bbs/part-time/index.html,part-time,125
/bbs/MH/index.html,MH,121
/bbs/HelpBuy/index.html,HelpBuy,121
/bbs/cookclub/index.html,cookclub,121
/bbs/MacShop/index.html,MacShop,117
/bbs/watch/index.html,watch,115
/bbs/AKB48/index.html,AKB48,112
/bbs/tabletennis/index.html,tabletennis,112
/bbs/DSLR/index.html,DSLR,111
/bbs/CarShop/index.html,CarShop,110
/bbs/DMM_GAMES/index.html,DMM_GAMES,108
/bbs/Wanted/index.html,Wanted,104
/bbs/medstudent/index.html,medstudent,102
/bbs/TypeMoon/index.html,TypeMoon,101
/bbs/Nogizaka46/index.html,Nogizaka46,99
/bbs/Key_Mou_Pad/index.html,Key_Mou_Pad,99
/bbs/PublicServan/index.html,PublicServan,98
/bbs/give/index.html,give,94
/bbs/fastfood/index.html,fastfood,92
/bbs/Drama-Ticket/index.html,Drama-Ticket,91
/bbs/Gov_owned/index.html,Gov_owned,91
/bbs/Zastrology/index.html,Zastrology,91
/bbs/FITNESS/index.html,FITNESS,90
/bbs/Mobile-game/index.html,Mobile-game,89
/bbs/Brand/index.html,Brand,89
/bbs/feminine_sex/index.html,feminine_sex,84
/bbs/E-appliance/index.html,E-appliance,83
/bbs/points/index.html,points,83
/bbs/Military/index.html,Military,83
/bbs/Teacher/index.html,Teacher,81
/bbs/RealmOfValor/index.html,RealmOfValor,79
/bbs/BabyProducts/index.html,BabyProducts,78
/bbs/DC_SALE/index.html,DC_SALE,77
