﻿/bbs/Gossiping/index.html,Gossiping,7591
/bbs/NBA/index.html,NBA,1876
/bbs/C_Chat/index.html,C_Chat,1606
/bbs/Baseball/index.html,Baseball,1132
/bbs/Stock/index.html,Stock,1111
/bbs/sex/index.html,sex,1022
/bbs/HatePolitics/index.html,HatePolitics,849
/bbs/movie/index.html,movie,759
/bbs/MobileComm/index.html,MobileComm,682
/bbs/Beauty/index.html,Beauty,557
/bbs/LoL/index.html,LoL,516
/bbs/Boy-Girl/index.html,Boy-Girl,458
/bbs/Lifeismoney/index.html,Lifeismoney,448
/bbs/car/index.html,car,437
/bbs/Tech_Job/index.html,Tech_Job,430
/bbs/ToS/index.html,ToS,421
/bbs/BabyMother/index.html,BabyMother,390
/bbs/marvel/index.html,marvel,372
/bbs/PC_Shopping/index.html,PC_Shopping,352
/bbs/joke/index.html,joke,339
/bbs/KR_Entertain/index.html,KR_Entertain,333
/bbs/WomenTalk/index.html,WomenTalk,330
/bbs/AllTogether/index.html,AllTogether,273
/bbs/PlayStation/index.html,PlayStation,273
/bbs/Tennis/index.html,Tennis,272
/bbs/e-shopping/index.html,e-shopping,240
/bbs/FATE_GO/index.html,FATE_GO,238
/bbs/marriage/index.html,marriage,236
/bbs/creditcard/index.html,creditcard,224
/bbs/Steam/index.html,Steam,218
/bbs/Japan_Travel/index.html,Japan_Travel,216
/bbs/Kaohsiung/index.html,Kaohsiung,216
/bbs/japanavgirls/index.html,japanavgirls,212
/bbs/Tainan/index.html,Tainan,211
/bbs/KoreaStar/index.html,KoreaStar,205
/bbs/ONE_PIECE/index.html,ONE_PIECE,193
/bbs/KanColle/index.html,KanColle,186
/bbs/CFantasy/index.html,CFantasy,179
/bbs/PCReDive/index.html,PCReDive,178
/bbs/SportLottery/index.html,SportLottery,175
/bbs/Hearthstone/index.html,Hearthstone,168
/bbs/home-sale/index.html,home-sale,163
/bbs/NSwitch/index.html,NSwitch,160
/bbs/EAseries/index.html,EAseries,160
/bbs/KoreaDrama/index.html,KoreaDrama,151
/bbs/iOS/index.html,iOS,145
/bbs/TaichungBun/index.html,TaichungBun,138
/bbs/PokemonGO/index.html,PokemonGO,135
/bbs/Salary/index.html,Salary,133
/bbs/MakeUp/index.html,MakeUp,131
/bbs/HardwareSale/index.html,HardwareSale,129
/bbs/Elephants/index.html,Elephants,129
/bbs/AC_In/index.html,AC_In,127
/bbs/NBA_Film/index.html,NBA_Film,123
/bbs/StupidClown/index.html,StupidClown,121
/bbs/WOW/index.html,WOW,109
/bbs/BeautySalon/index.html,BeautySalon,107
/bbs/CVS/index.html,CVS,101
/bbs/PuzzleDragon/index.html,PuzzleDragon,97
/bbs/BuyTogether/index.html,BuyTogether,94
/bbs/Japandrama/index.html,Japandrama,94
/bbs/YuanChuang/index.html,YuanChuang,90
/bbs/biker/index.html,biker,90
/bbs/MuscleBeach/index.html,MuscleBeach,89
/bbs/Aviation/index.html,Aviation,86
/bbs/MLB/index.html,MLB,85
/bbs/Hsinchu/index.html,Hsinchu,82
/bbs/Palmar_Drama/index.html,Palmar_Drama,81
/bbs/studyteacher/index.html,studyteacher,79
/bbs/Option/index.html,Option,77
/bbs/basketballTW/index.html,basketballTW,76
/bbs/gay/index.html,gay,76
/bbs/Headphone/index.html,Headphone,75
/bbs/Food/index.html,Food,74
/bbs/DSLR/index.html,DSLR,72
/bbs/Military/index.html,Military,72
/bbs/China-Drama/index.html,China-Drama,70
/bbs/cat/index.html,cat,70
/bbs/TaiwanDrama/index.html,TaiwanDrama,70
/bbs/Gamesale/index.html,Gamesale,67
/bbs/part-time/index.html,part-time,67
/bbs/Soft_Job/index.html,Soft_Job,64
/bbs/feminine_sex/index.html,feminine_sex,59
/bbs/TWICE/index.html,TWICE,58
/bbs/MobilePay/index.html,MobilePay,57
/bbs/LGBT_SEX/index.html,LGBT_SEX,56
/bbs/mobilesales/index.html,mobilesales,53
/bbs/AKB48/index.html,AKB48,52
/bbs/Wanted/index.html,Wanted,52
/bbs/KoreanPop/index.html,KoreanPop,51
/bbs/watch/index.html,watch,51
/bbs/Examination/index.html,Examination,50
/bbs/GetMarry/index.html,GetMarry,50
/bbs/TW_Entertain/index.html,TW_Entertain,50
/bbs/PublicServan/index.html,PublicServan,49
/bbs/Key_Mou_Pad/index.html,Key_Mou_Pad,48
/bbs/MayDay/index.html,MayDay,47
/bbs/CarShop/index.html,CarShop,46
/bbs/Gov_owned/index.html,Gov_owned,46
/bbs/Mobile-game/index.html,Mobile-game,45
/bbs/Monkeys/index.html,Monkeys,45
/bbs/medstudent/index.html,medstudent,45
/bbs/DMM_GAMES/index.html,DMM_GAMES,45
/bbs/MacShop/index.html,MacShop,44
/bbs/forsale/index.html,forsale,44
/bbs/TypeMoon/index.html,TypeMoon,42
/bbs/GBF/index.html,GBF,42
/bbs/MH/index.html,MH,41
/bbs/nb-shopping/index.html,nb-shopping,41
/bbs/DIABLO/index.html,DIABLO,41
/bbs/FITNESS/index.html,FITNESS,41
/bbs/HelpBuy/index.html,HelpBuy,40
/bbs/cookclub/index.html,cookclub,39
/bbs/Bank_Service/index.html,Bank_Service,39
/bbs/Lions/index.html,Lions,37
/bbs/IdolMaster/index.html,IdolMaster,36
/bbs/G-S-WARRIORS/index.html,G-S-WARRIORS,36
/bbs/graduate/index.html,graduate,36
/bbs/Guardians/index.html,Guardians,36
/bbs/ClashRoyale/index.html,ClashRoyale,35
/bbs/Chiayi/index.html,Chiayi,35
/bbs/hypermall/index.html,hypermall,35
/bbs/Taoyuan/index.html,Taoyuan,35
/bbs/BTS/index.html,BTS,35
/bbs/fastfood/index.html,fastfood,34
/bbs/Finance/index.html,Finance,33
/bbs/SuperJunior/index.html,SuperJunior,33
/bbs/IZONE/index.html,IZONE,33
