﻿/bbs/Gossiping/index.html,Gossiping,15057
/bbs/NBA/index.html,NBA,3955
/bbs/C_Chat/index.html,C_Chat,3234
/bbs/Baseball/index.html,Baseball,2653
/bbs/Stock/index.html,Stock,2235
/bbs/sex/index.html,sex,1960
/bbs/movie/index.html,movie,1934
/bbs/KR_Entertain/index.html,KR_Entertain,1611
/bbs/HatePolitics/index.html,HatePolitics,1563
/bbs/MobileComm/index.html,MobileComm,1278
/bbs/Lifeismoney/index.html,Lifeismoney,1238
/bbs/Tennis/index.html,Tennis,1035
/bbs/LoL/index.html,LoL,1022
/bbs/Beauty/index.html,Beauty,1015
/bbs/ToS/index.html,ToS,1006
/bbs/Tech_Job/index.html,Tech_Job,1000
/bbs/car/index.html,car,932
/bbs/BabyMother/index.html,BabyMother,854
/bbs/Boy-Girl/index.html,Boy-Girl,844
/bbs/e-shopping/index.html,e-shopping,826
/bbs/WomenTalk/index.html,WomenTalk,799
/bbs/Kaohsiung/index.html,Kaohsiung,733
/bbs/Tainan/index.html,Tainan,720
/bbs/KoreaStar/index.html,KoreaStar,703
/bbs/AllTogether/index.html,AllTogether,671
/bbs/marvel/index.html,marvel,664
/bbs/Japan_Travel/index.html,Japan_Travel,643
/bbs/joke/index.html,joke,638
/bbs/FATE_GO/index.html,FATE_GO,621
/bbs/PC_Shopping/index.html,PC_Shopping,604
/bbs/KoreaDrama/index.html,KoreaDrama,539
/bbs/marriage/index.html,marriage,523
/bbs/creditcard/index.html,creditcard,505
/bbs/PlayStation/index.html,PlayStation,493
/bbs/MakeUp/index.html,MakeUp,458
/bbs/SportLottery/index.html,SportLottery,455
/bbs/japanavgirls/index.html,japanavgirls,434
/bbs/PCReDive/index.html,PCReDive,413
/bbs/Steam/index.html,Steam,404
/bbs/Hearthstone/index.html,Hearthstone,397
/bbs/KanColle/index.html,KanColle,386
/bbs/Elephants/index.html,Elephants,379
/bbs/ONE_PIECE/index.html,ONE_PIECE,379
/bbs/home-sale/index.html,home-sale,360
/bbs/CFantasy/index.html,CFantasy,347
/bbs/EAseries/index.html,EAseries,344
/bbs/NSwitch/index.html,NSwitch,340
/bbs/TaichungBun/index.html,TaichungBun,333
/bbs/Salary/index.html,Salary,313
/bbs/NBA_Film/index.html,NBA_Film,285
/bbs/iOS/index.html,iOS,284
/bbs/BeautySalon/index.html,BeautySalon,277
/bbs/TaiwanDrama/index.html,TaiwanDrama,273
/bbs/CVS/index.html,CVS,272
/bbs/StupidClown/index.html,StupidClown,271
/bbs/BuyTogether/index.html,BuyTogether,270
/bbs/Japandrama/index.html,Japandrama,257
/bbs/AC_In/index.html,AC_In,256
/bbs/PokemonGO/index.html,PokemonGO,240
/bbs/MuscleBeach/index.html,MuscleBeach,233
/bbs/YuanChuang/index.html,YuanChuang,221
/bbs/PuzzleDragon/index.html,PuzzleDragon,216
/bbs/HardwareSale/index.html,HardwareSale,207
/bbs/MayDay/index.html,MayDay,200
/bbs/Option/index.html,Option,192
/bbs/Palmar_Drama/index.html,Palmar_Drama,189
/bbs/MLB/index.html,MLB,179
/bbs/Hsinchu/index.html,Hsinchu,178
/bbs/basketballTW/index.html,basketballTW,177
/bbs/Food/index.html,Food,176
/bbs/Aviation/index.html,Aviation,172
/bbs/lesbian/index.html,lesbian,171
/bbs/SuperJunior/index.html,SuperJunior,169
/bbs/KoreanPop/index.html,KoreanPop,169
/bbs/biker/index.html,biker,165
/bbs/part-time/index.html,part-time,165
/bbs/TWICE/index.html,TWICE,163
/bbs/WOW/index.html,WOW,161
/bbs/China-Drama/index.html,China-Drama,157
/bbs/gay/index.html,gay,157
/bbs/Headphone/index.html,Headphone,153
/bbs/cat/index.html,cat,153
/bbs/studyteacher/index.html,studyteacher,151
/bbs/Soft_Job/index.html,Soft_Job,140
/bbs/Monkeys/index.html,Monkeys,137
/bbs/BTS/index.html,BTS,134
/bbs/Gamesale/index.html,Gamesale,130
/bbs/Examination/index.html,Examination,130
/bbs/mobilesales/index.html,mobilesales,128
/bbs/GetMarry/index.html,GetMarry,128
/bbs/Guardians/index.html,Guardians,128
/bbs/DSLR/index.html,DSLR,127
/bbs/Wanted/index.html,Wanted,125
/bbs/feminine_sex/index.html,feminine_sex,125
/bbs/TW_Entertain/index.html,TW_Entertain,124
/bbs/Finance/index.html,Finance,121
/bbs/MobilePay/index.html,MobilePay,115
/bbs/Military/index.html,Military,114
/bbs/TypeMoon/index.html,TypeMoon,113
/bbs/LGBT_SEX/index.html,LGBT_SEX,109
/bbs/CarShop/index.html,CarShop,108
/bbs/FITNESS/index.html,FITNESS,106
/bbs/Key_Mou_Pad/index.html,Key_Mou_Pad,105
/bbs/Brand/index.html,Brand,104
/bbs/AKB48/index.html,AKB48,103
/bbs/FTV/index.html,FTV,103
/bbs/forsale/index.html,forsale,100
/bbs/DMM_GAMES/index.html,DMM_GAMES,99
/bbs/Lions/index.html,Lions,98
/bbs/job/index.html,job,97
/bbs/HelpBuy/index.html,HelpBuy,96
/bbs/BB-Love/index.html,BB-Love,96
/bbs/graduate/index.html,graduate,96
/bbs/nb-shopping/index.html,nb-shopping,94
/bbs/MacShop/index.html,MacShop,94
/bbs/MH/index.html,MH,93
/bbs/PublicServan/index.html,PublicServan,93
/bbs/cookclub/index.html,cookclub,93
/bbs/Mobile-game/index.html,Mobile-game,92
/bbs/medstudent/index.html,medstudent,92
/bbs/watch/index.html,watch,90
/bbs/GBF/index.html,GBF,88
/bbs/DC_SALE/index.html,DC_SALE,86
/bbs/ClashRoyale/index.html,ClashRoyale,86
/bbs/RealmOfValor/index.html,RealmOfValor,86
/bbs/Taoyuan/index.html,Taoyuan,85
/bbs/Zastrology/index.html,Zastrology,85
/bbs/give/index.html,give,84
