﻿/bbs/Gossiping/index.html,Gossiping,15443
/bbs/NBA/index.html,NBA,3663
/bbs/C_Chat/index.html,C_Chat,2911
/bbs/Baseball/index.html,Baseball,2491
/bbs/Stock/index.html,Stock,1728
/bbs/HatePolitics/index.html,HatePolitics,1630
/bbs/movie/index.html,movie,1232
/bbs/sex/index.html,sex,1195
/bbs/MobileComm/index.html,MobileComm,1161
/bbs/Beauty/index.html,Beauty,953
/bbs/Lifeismoney/index.html,Lifeismoney,941
/bbs/car/index.html,car,934
/bbs/KR_Entertain/index.html,KR_Entertain,853
/bbs/LoL/index.html,LoL,811
/bbs/Tech_Job/index.html,Tech_Job,767
/bbs/Boy-Girl/index.html,Boy-Girl,727
/bbs/ToS/index.html,ToS,726
/bbs/WomenTalk/index.html,WomenTalk,696
/bbs/BabyMother/index.html,BabyMother,659
/bbs/KoreaStar/index.html,KoreaStar,588
/bbs/creditcard/index.html,creditcard,543
/bbs/PC_Shopping/index.html,PC_Shopping,539
/bbs/marvel/index.html,marvel,537
/bbs/e-shopping/index.html,e-shopping,494
/bbs/joke/index.html,joke,486
/bbs/Japan_Travel/index.html,Japan_Travel,449
/bbs/AllTogether/index.html,AllTogether,426
/bbs/Tainan/index.html,Tainan,381
/bbs/PlayStation/index.html,PlayStation,373
/bbs/marriage/index.html,marriage,368
/bbs/SportLottery/index.html,SportLottery,368
/bbs/Kaohsiung/index.html,Kaohsiung,367
/bbs/KoreaDrama/index.html,KoreaDrama,347
/bbs/Steam/index.html,Steam,342
/bbs/MakeUp/index.html,MakeUp,325
/bbs/Tennis/index.html,Tennis,311
/bbs/Hearthstone/index.html,Hearthstone,302
/bbs/japanavgirls/index.html,japanavgirls,294
/bbs/home-sale/index.html,home-sale,290
/bbs/StupidClown/index.html,StupidClown,284
/bbs/FATE_GO/index.html,FATE_GO,281
/bbs/KanColle/index.html,KanColle,276
/bbs/PokemonGO/index.html,PokemonGO,275
/bbs/PCReDive/index.html,PCReDive,266
/bbs/ONE_PIECE/index.html,ONE_PIECE,266
/bbs/EAseries/index.html,EAseries,262
/bbs/NSwitch/index.html,NSwitch,261
/bbs/iOS/index.html,iOS,253
/bbs/TaichungBun/index.html,TaichungBun,250
/bbs/CFantasy/index.html,CFantasy,232
/bbs/Salary/index.html,Salary,199
/bbs/BeautySalon/index.html,BeautySalon,192
/bbs/Elephants/index.html,Elephants,188
/bbs/HardwareSale/index.html,HardwareSale,181
/bbs/AC_In/index.html,AC_In,180
/bbs/MuscleBeach/index.html,MuscleBeach,178
/bbs/NBA_Film/index.html,NBA_Film,171
/bbs/BuyTogether/index.html,BuyTogether,169
/bbs/CVS/index.html,CVS,167
/bbs/MobilePay/index.html,MobilePay,159
/bbs/Soft_Job/index.html,Soft_Job,157
/bbs/Food/index.html,Food,156
/bbs/basketballTW/index.html,basketballTW,154
/bbs/Hsinchu/index.html,Hsinchu,153
/bbs/Examination/index.html,Examination,153
/bbs/Japandrama/index.html,Japandrama,150
/bbs/PuzzleDragon/index.html,PuzzleDragon,147
/bbs/WOW/index.html,WOW,146
/bbs/YuanChuang/index.html,YuanChuang,138
/bbs/Gamesale/index.html,Gamesale,134
/bbs/Aviation/index.html,Aviation,132
/bbs/biker/index.html,biker,131
/bbs/MLB/index.html,MLB,130
/bbs/mobilesales/index.html,mobilesales,129
/bbs/MayDay/index.html,MayDay,127
/bbs/Palmar_Drama/index.html,Palmar_Drama,125
/bbs/GBF/index.html,GBF,118
/bbs/part-time/index.html,part-time,117
/bbs/China-Drama/index.html,China-Drama,115
/bbs/KoreanPop/index.html,KoreanPop,112
/bbs/GetMarry/index.html,GetMarry,111
/bbs/TaiwanDrama/index.html,TaiwanDrama,109
/bbs/Headphone/index.html,Headphone,108
/bbs/forsale/index.html,forsale,104
/bbs/studyteacher/index.html,studyteacher,102
/bbs/cat/index.html,cat,100
/bbs/DSLR/index.html,DSLR,99
/bbs/Finance/index.html,Finance,99
/bbs/CarShop/index.html,CarShop,99
/bbs/lesbian/index.html,lesbian,99
/bbs/DMM_GAMES/index.html,DMM_GAMES,98
/bbs/TWICE/index.html,TWICE,97
/bbs/Monkeys/index.html,Monkeys,94
/bbs/medstudent/index.html,medstudent,92
/bbs/gay/index.html,gay,92
/bbs/BTS/index.html,BTS,87
/bbs/watch/index.html,watch,87
/bbs/Gov_owned/index.html,Gov_owned,86
/bbs/Military/index.html,Military,85
/bbs/PublicServan/index.html,PublicServan,82
/bbs/Wanted/index.html,Wanted,82
/bbs/HelpBuy/index.html,HelpBuy,79
/bbs/LGBT_SEX/index.html,LGBT_SEX,79
/bbs/IZONE/index.html,IZONE,78
/bbs/graduate/index.html,graduate,78
/bbs/feminine_sex/index.html,feminine_sex,78
/bbs/TypeMoon/index.html,TypeMoon,76
/bbs/TW_Entertain/index.html,TW_Entertain,76
/bbs/nb-shopping/index.html,nb-shopping,75
/bbs/SuperJunior/index.html,SuperJunior,74
/bbs/FITNESS/index.html,FITNESS,74
/bbs/job/index.html,job,74
/bbs/fastfood/index.html,fastfood,73
/bbs/PathofExile/index.html,PathofExile,72
/bbs/hypermall/index.html,hypermall,72
/bbs/MacShop/index.html,MacShop,70
/bbs/RealmOfValor/index.html,RealmOfValor,69
/bbs/tabletennis/index.html,tabletennis,68
/bbs/DIABLO/index.html,DIABLO,67
/bbs/Key_Mou_Pad/index.html,Key_Mou_Pad,65
/bbs/give/index.html,give,64
/bbs/Brand/index.html,Brand,64
/bbs/MH/index.html,MH,62
/bbs/Lions/index.html,Lions,62
/bbs/Mobile-game/index.html,Mobile-game,60
/bbs/Drama-Ticket/index.html,Drama-Ticket,60
/bbs/cookclub/index.html,cookclub,60
/bbs/Zastrology/index.html,Zastrology,60
