﻿/bbs/Gossiping/index.html,Gossiping,9022
/bbs/NBA/index.html,NBA,2324
/bbs/C_Chat/index.html,C_Chat,2309
/bbs/Baseball/index.html,Baseball,1404
/bbs/Stock/index.html,Stock,1256
/bbs/movie/index.html,movie,1163
/bbs/sex/index.html,sex,1156
/bbs/HatePolitics/index.html,HatePolitics,998
/bbs/LoL/index.html,LoL,801
/bbs/MobileComm/index.html,MobileComm,797
/bbs/Beauty/index.html,Beauty,623
/bbs/Lifeismoney/index.html,Lifeismoney,598
/bbs/ToS/index.html,ToS,589
/bbs/Boy-Girl/index.html,Boy-Girl,523
/bbs/car/index.html,car,515
/bbs/KR_Entertain/index.html,KR_Entertain,508
/bbs/Tech_Job/index.html,Tech_Job,508
/bbs/marvel/index.html,marvel,488
/bbs/joke/index.html,joke,472
/bbs/PC_Shopping/index.html,PC_Shopping,455
/bbs/Tennis/index.html,Tennis,436
/bbs/WomenTalk/index.html,WomenTalk,434
/bbs/BabyMother/index.html,BabyMother,401
/bbs/KoreaStar/index.html,KoreaStar,359
/bbs/PlayStation/index.html,PlayStation,345
/bbs/e-shopping/index.html,e-shopping,332
/bbs/FATE_GO/index.html,FATE_GO,326
/bbs/AllTogether/index.html,AllTogether,303
/bbs/Steam/index.html,Steam,300
/bbs/Kaohsiung/index.html,Kaohsiung,298
/bbs/japanavgirls/index.html,japanavgirls,290
/bbs/Japan_Travel/index.html,Japan_Travel,279
/bbs/creditcard/index.html,creditcard,277
/bbs/marriage/index.html,marriage,275
/bbs/KoreaDrama/index.html,KoreaDrama,274
/bbs/Hearthstone/index.html,Hearthstone,273
/bbs/KanColle/index.html,KanColle,266
/bbs/SportLottery/index.html,SportLottery,263
/bbs/Tainan/index.html,Tainan,259
/bbs/EAseries/index.html,EAseries,255
/bbs/PCReDive/index.html,PCReDive,254
/bbs/ONE_PIECE/index.html,ONE_PIECE,244
/bbs/CFantasy/index.html,CFantasy,232
/bbs/MakeUp/index.html,MakeUp,229
/bbs/NSwitch/index.html,NSwitch,208
/bbs/AC_In/index.html,AC_In,197
/bbs/iOS/index.html,iOS,185
/bbs/TaichungBun/index.html,TaichungBun,181
/bbs/HardwareSale/index.html,HardwareSale,175
/bbs/Elephants/index.html,Elephants,175
/bbs/home-sale/index.html,home-sale,173
/bbs/NBA_Film/index.html,NBA_Film,173
/bbs/Salary/index.html,Salary,161
/bbs/StupidClown/index.html,StupidClown,156
/bbs/BeautySalon/index.html,BeautySalon,150
/bbs/PuzzleDragon/index.html,PuzzleDragon,145
/bbs/PokemonGO/index.html,PokemonGO,143
/bbs/CVS/index.html,CVS,137
/bbs/BuyTogether/index.html,BuyTogether,131
/bbs/WOW/index.html,WOW,125
/bbs/YuanChuang/index.html,YuanChuang,124
/bbs/Japandrama/index.html,Japandrama,121
/bbs/biker/index.html,biker,120
/bbs/Palmar_Drama/index.html,Palmar_Drama,108
/bbs/Option/index.html,Option,107
/bbs/MuscleBeach/index.html,MuscleBeach,104
/bbs/KoreanPop/index.html,KoreanPop,101
/bbs/gay/index.html,gay,98
/bbs/basketballTW/index.html,basketballTW,97
/bbs/Soft_Job/index.html,Soft_Job,95
/bbs/Headphone/index.html,Headphone,95
/bbs/Aviation/index.html,Aviation,95
/bbs/part-time/index.html,part-time,94
/bbs/Hsinchu/index.html,Hsinchu,92
/bbs/cat/index.html,cat,92
/bbs/DSLR/index.html,DSLR,91
/bbs/China-Drama/index.html,China-Drama,90
/bbs/Wanted/index.html,Wanted,90
/bbs/Food/index.html,Food,88
/bbs/MLB/index.html,MLB,84
/bbs/MayDay/index.html,MayDay,83
/bbs/Gamesale/index.html,Gamesale,82
/bbs/TaiwanDrama/index.html,TaiwanDrama,82
/bbs/Military/index.html,Military,80
/bbs/lesbian/index.html,lesbian,78
/bbs/Mobile-game/index.html,Mobile-game,76
/bbs/feminine_sex/index.html,feminine_sex,76
/bbs/TWICE/index.html,TWICE,76
/bbs/mobilesales/index.html,mobilesales,75
/bbs/GetMarry/index.html,GetMarry,75
/bbs/Key_Mou_Pad/index.html,Key_Mou_Pad,74
/bbs/DMM_GAMES/index.html,DMM_GAMES,73
/bbs/TW_Entertain/index.html,TW_Entertain,69
/bbs/cookclub/index.html,cookclub,68
/bbs/graduate/index.html,graduate,65
/bbs/studyteacher/index.html,studyteacher,63
/bbs/Examination/index.html,Examination,63
/bbs/nb-shopping/index.html,nb-shopping,62
/bbs/MobilePay/index.html,MobilePay,62
/bbs/AKB48/index.html,AKB48,60
/bbs/watch/index.html,watch,59
/bbs/CarShop/index.html,CarShop,58
/bbs/IdolMaster/index.html,IdolMaster,58
/bbs/TypeMoon/index.html,TypeMoon,58
/bbs/LGBT_SEX/index.html,LGBT_SEX,58
/bbs/SuperJunior/index.html,SuperJunior,57
/bbs/DIABLO/index.html,DIABLO,56
/bbs/GBF/index.html,GBF,56
/bbs/FITNESS/index.html,FITNESS,55
/bbs/fastfood/index.html,fastfood,54
/bbs/IZONE/index.html,IZONE,53
/bbs/FTV/index.html,FTV,52
/bbs/Lions/index.html,Lions,52
/bbs/forsale/index.html,forsale,52
/bbs/HelpBuy/index.html,HelpBuy,51
/bbs/medstudent/index.html,medstudent,51
/bbs/MH/index.html,MH,50
/bbs/MacShop/index.html,MacShop,50
/bbs/BTS/index.html,BTS,50
/bbs/Zastrology/index.html,Zastrology,48
/bbs/ClashRoyale/index.html,ClashRoyale,47
/bbs/Nogizaka46/index.html,Nogizaka46,47
/bbs/SuperBike/index.html,SuperBike,47
/bbs/job/index.html,job,47
/bbs/points/index.html,points,45
/bbs/Monkeys/index.html,Monkeys,45
/bbs/Gov_owned/index.html,Gov_owned,45
/bbs/Guardians/index.html,Guardians,45
