﻿/bbs/Gossiping/index.html,Gossiping,7281
/bbs/NBA/index.html,NBA,1833
/bbs/C_Chat/index.html,C_Chat,1574
/bbs/Baseball/index.html,Baseball,1145
/bbs/Stock/index.html,Stock,1104
/bbs/sex/index.html,sex,971
/bbs/HatePolitics/index.html,HatePolitics,838
/bbs/movie/index.html,movie,725
/bbs/MobileComm/index.html,MobileComm,654
/bbs/Beauty/index.html,Beauty,544
/bbs/LoL/index.html,LoL,511
/bbs/car/index.html,car,450
/bbs/Boy-Girl/index.html,Boy-Girl,440
/bbs/Lifeismoney/index.html,Lifeismoney,434
/bbs/Tech_Job/index.html,Tech_Job,416
/bbs/ToS/index.html,ToS,402
/bbs/marvel/index.html,marvel,364
/bbs/PC_Shopping/index.html,PC_Shopping,353
/bbs/BabyMother/index.html,BabyMother,353
/bbs/WomenTalk/index.html,WomenTalk,334
/bbs/joke/index.html,joke,325
/bbs/KR_Entertain/index.html,KR_Entertain,309
/bbs/PlayStation/index.html,PlayStation,264
/bbs/Tennis/index.html,Tennis,262
/bbs/AllTogether/index.html,AllTogether,241
/bbs/e-shopping/index.html,e-shopping,235
/bbs/FATE_GO/index.html,FATE_GO,233
/bbs/Kaohsiung/index.html,Kaohsiung,225
/bbs/Tainan/index.html,Tainan,222
/bbs/marriage/index.html,marriage,220
/bbs/Japan_Travel/index.html,Japan_Travel,217
/bbs/Steam/index.html,Steam,214
/bbs/creditcard/index.html,creditcard,209
/bbs/KoreaStar/index.html,KoreaStar,203
/bbs/japanavgirls/index.html,japanavgirls,198
/bbs/PCReDive/index.html,PCReDive,192
/bbs/KanColle/index.html,KanColle,189
/bbs/ONE_PIECE/index.html,ONE_PIECE,186
/bbs/Hearthstone/index.html,Hearthstone,172
/bbs/CFantasy/index.html,CFantasy,168
/bbs/EAseries/index.html,EAseries,168
/bbs/SportLottery/index.html,SportLottery,163
/bbs/NSwitch/index.html,NSwitch,159
/bbs/KoreaDrama/index.html,KoreaDrama,158
/bbs/home-sale/index.html,home-sale,148
/bbs/TaichungBun/index.html,TaichungBun,140
/bbs/PokemonGO/index.html,PokemonGO,135
/bbs/iOS/index.html,iOS,131
/bbs/AC_In/index.html,AC_In,127
/bbs/Elephants/index.html,Elephants,127
/bbs/MakeUp/index.html,MakeUp,126
/bbs/Salary/index.html,Salary,125
/bbs/NBA_Film/index.html,NBA_Film,125
/bbs/HardwareSale/index.html,HardwareSale,121
/bbs/WOW/index.html,WOW,113
/bbs/StupidClown/index.html,StupidClown,110
/bbs/BeautySalon/index.html,BeautySalon,105
/bbs/CVS/index.html,CVS,102
/bbs/Japandrama/index.html,Japandrama,100
/bbs/PuzzleDragon/index.html,PuzzleDragon,97
/bbs/Aviation/index.html,Aviation,96
/bbs/biker/index.html,biker,90
/bbs/YuanChuang/index.html,YuanChuang,88
/bbs/MuscleBeach/index.html,MuscleBeach,88
/bbs/BuyTogether/index.html,BuyTogether,85
/bbs/Hsinchu/index.html,Hsinchu,82
/bbs/basketballTW/index.html,basketballTW,81
/bbs/Food/index.html,Food,81
/bbs/Palmar_Drama/index.html,Palmar_Drama,79
/bbs/MLB/index.html,MLB,79
/bbs/Option/index.html,Option,76
/bbs/studyteacher/index.html,studyteacher,75
/bbs/Soft_Job/index.html,Soft_Job,71
/bbs/Gamesale/index.html,Gamesale,70
/bbs/Headphone/index.html,Headphone,69
/bbs/gay/index.html,gay,69
/bbs/part-time/index.html,part-time,67
/bbs/Military/index.html,Military,66
/bbs/China-Drama/index.html,China-Drama,65
/bbs/cat/index.html,cat,65
/bbs/TaiwanDrama/index.html,TaiwanDrama,64
/bbs/DSLR/index.html,DSLR,61
/bbs/MobilePay/index.html,MobilePay,61
/bbs/TWICE/index.html,TWICE,61
/bbs/mobilesales/index.html,mobilesales,60
/bbs/PublicServan/index.html,PublicServan,57
/bbs/LGBT_SEX/index.html,LGBT_SEX,52
/bbs/feminine_sex/index.html,feminine_sex,52
/bbs/GetMarry/index.html,GetMarry,52
/bbs/forsale/index.html,forsale,51
/bbs/Wanted/index.html,Wanted,50
/bbs/Monkeys/index.html,Monkeys,50
/bbs/AKB48/index.html,AKB48,48
/bbs/MayDay/index.html,MayDay,48
/bbs/KoreanPop/index.html,KoreanPop,47
/bbs/Key_Mou_Pad/index.html,Key_Mou_Pad,47
/bbs/Examination/index.html,Examination,46
/bbs/Gov_owned/index.html,Gov_owned,45
/bbs/DMM_GAMES/index.html,DMM_GAMES,45
/bbs/TW_Entertain/index.html,TW_Entertain,45
/bbs/CarShop/index.html,CarShop,44
/bbs/DIABLO/index.html,DIABLO,44
/bbs/cookclub/index.html,cookclub,44
/bbs/FITNESS/index.html,FITNESS,44
/bbs/MacShop/index.html,MacShop,43
/bbs/watch/index.html,watch,43
/bbs/TypeMoon/index.html,TypeMoon,42
/bbs/Mobile-game/index.html,Mobile-game,41
/bbs/medstudent/index.html,medstudent,41
/bbs/GBF/index.html,GBF,41
/bbs/MH/index.html,MH,40
/bbs/Lions/index.html,Lions,40
/bbs/HelpBuy/index.html,HelpBuy,39
/bbs/nb-shopping/index.html,nb-shopping,38
/bbs/fastfood/index.html,fastfood,38
/bbs/graduate/index.html,graduate,37
/bbs/BTS/index.html,BTS,36
/bbs/IdolMaster/index.html,IdolMaster,35
/bbs/Bank_Service/index.html,Bank_Service,34
/bbs/lesbian/index.html,lesbian,34
/bbs/ClashRoyale/index.html,ClashRoyale,33
/bbs/Suckcomic/index.html,Suckcomic,33
/bbs/SuperJunior/index.html,SuperJunior,33
/bbs/IZONE/index.html,IZONE,33
/bbs/points/index.html,points,33
/bbs/Finance/index.html,Finance,32
/bbs/G-S-WARRIORS/index.html,G-S-WARRIORS,32
/bbs/Guardians/index.html,Guardians,32
