﻿/bbs/Gossiping/index.html,Gossiping,19295
/bbs/Baseball/index.html,Baseball,4440
/bbs/C_Chat/index.html,C_Chat,3332
/bbs/NBA/index.html,NBA,3187
/bbs/HatePolitics/index.html,HatePolitics,2523
/bbs/movie/index.html,movie,2309
/bbs/Stock/index.html,Stock,1622
/bbs/sex/index.html,sex,1503
/bbs/Lifeismoney/index.html,Lifeismoney,1456
/bbs/MobileComm/index.html,MobileComm,1383
/bbs/LoL/index.html,LoL,1224
/bbs/car/index.html,car,1173
/bbs/KR_Entertain/index.html,KR_Entertain,1118
/bbs/BabyMother/index.html,BabyMother,1091
/bbs/e-shopping/index.html,e-shopping,1016
/bbs/ToS/index.html,ToS,923
/bbs/Boy-Girl/index.html,Boy-Girl,922
/bbs/WomenTalk/index.html,WomenTalk,888
/bbs/Beauty/index.html,Beauty,848
/bbs/Tech_Job/index.html,Tech_Job,816
/bbs/joke/index.html,joke,769
/bbs/Tennis/index.html,Tennis,690
/bbs/KoreaStar/index.html,KoreaStar,683
/bbs/PC_Shopping/index.html,PC_Shopping,670
/bbs/marriage/index.html,marriage,657
/bbs/Japan_Travel/index.html,Japan_Travel,645
/bbs/KoreaDrama/index.html,KoreaDrama,634
/bbs/marvel/index.html,marvel,624
/bbs/AllTogether/index.html,AllTogether,575
/bbs/Hearthstone/index.html,Hearthstone,574
/bbs/SportLottery/index.html,SportLottery,536
/bbs/Kaohsiung/index.html,Kaohsiung,530
/bbs/MakeUp/index.html,MakeUp,516
/bbs/Steam/index.html,Steam,489
/bbs/Elephants/index.html,Elephants,464
/bbs/PlayStation/index.html,PlayStation,458
/bbs/StupidClown/index.html,StupidClown,458
/bbs/home-sale/index.html,home-sale,450
/bbs/Tainan/index.html,Tainan,425
/bbs/KanColle/index.html,KanColle,420
/bbs/japanavgirls/index.html,japanavgirls,418
/bbs/creditcard/index.html,creditcard,403
/bbs/EAseries/index.html,EAseries,374
/bbs/BeautySalon/index.html,BeautySalon,340
/bbs/TaichungBun/index.html,TaichungBun,339
/bbs/iOS/index.html,iOS,321
/bbs/NSwitch/index.html,NSwitch,320
/bbs/CFantasy/index.html,CFantasy,312
/bbs/Japandrama/index.html,Japandrama,308
/bbs/TW_Entertain/index.html,TW_Entertain,272
/bbs/YuanChuang/index.html,YuanChuang,260
/bbs/ONE_PIECE/index.html,ONE_PIECE,254
/bbs/basketballTW/index.html,basketballTW,253
/bbs/PokemonGO/index.html,PokemonGO,250
/bbs/BuyTogether/index.html,BuyTogether,249
/bbs/CVS/index.html,CVS,248
/bbs/Monkeys/index.html,Monkeys,238
/bbs/IZONE/index.html,IZONE,237
/bbs/Hsinchu/index.html,Hsinchu,236
/bbs/TaiwanDrama/index.html,TaiwanDrama,235
/bbs/PCReDive/index.html,PCReDive,233
/bbs/FATE_GO/index.html,FATE_GO,230
/bbs/Guardians/index.html,Guardians,228
/bbs/HardwareSale/index.html,HardwareSale,222
/bbs/PuzzleDragon/index.html,PuzzleDragon,220
/bbs/studyteacher/index.html,studyteacher,220
/bbs/MuscleBeach/index.html,MuscleBeach,219
/bbs/AC_In/index.html,AC_In,217
/bbs/China-Drama/index.html,China-Drama,199
/bbs/MayDay/index.html,MayDay,199
/bbs/GetMarry/index.html,GetMarry,197
/bbs/gay/index.html,gay,195
/bbs/Food/index.html,Food,192
/bbs/Salary/index.html,Salary,191
/bbs/Examination/index.html,Examination,186
/bbs/KoreanPop/index.html,KoreanPop,182
/bbs/biker/index.html,biker,181
/bbs/Lions/index.html,Lions,179
/bbs/NBA_Film/index.html,NBA_Film,176
/bbs/lesbian/index.html,lesbian,175
/bbs/WOW/index.html,WOW,165
/bbs/TWICE/index.html,TWICE,164
/bbs/Aviation/index.html,Aviation,157
/bbs/MLB/index.html,MLB,157
/bbs/BTS/index.html,BTS,155
/bbs/mobilesales/index.html,mobilesales,150
/bbs/cat/index.html,cat,146
/bbs/Gamesale/index.html,Gamesale,144
/bbs/Wanted/index.html,Wanted,144
/bbs/Palmar_Drama/index.html,Palmar_Drama,144
/bbs/Soft_Job/index.html,Soft_Job,143
/bbs/Finance/index.html,Finance,141
/bbs/forsale/index.html,forsale,137
/bbs/GBF/index.html,GBF,136
/bbs/Headphone/index.html,Headphone,135
/bbs/MobilePay/index.html,MobilePay,134
/bbs/part-time/index.html,part-time,134
/bbs/HelpBuy/index.html,HelpBuy,131
/bbs/Zastrology/index.html,Zastrology,127
/bbs/MH/index.html,MH,124
/bbs/DSLR/index.html,DSLR,121
/bbs/CarShop/index.html,CarShop,119
/bbs/watch/index.html,watch,118
/bbs/PublicServan/index.html,PublicServan,117
/bbs/feminine_sex/index.html,feminine_sex,117
/bbs/FITNESS/index.html,FITNESS,117
/bbs/cookclub/index.html,cookclub,116
/bbs/DMM_GAMES/index.html,DMM_GAMES,114
/bbs/AKB48/index.html,AKB48,111
/bbs/LGBT_SEX/index.html,LGBT_SEX,109
/bbs/medstudent/index.html,medstudent,107
/bbs/tabletennis/index.html,tabletennis,106
/bbs/give/index.html,give,105
/bbs/Military/index.html,Military,105
/bbs/BabyProducts/index.html,BabyProducts,103
/bbs/Nogizaka46/index.html,Nogizaka46,102
/bbs/Brand/index.html,Brand,102
/bbs/MacShop/index.html,MacShop,102
/bbs/job/index.html,job,101
/bbs/Mobile-game/index.html,Mobile-game,99
/bbs/E-appliance/index.html,E-appliance,97
/bbs/Gov_owned/index.html,Gov_owned,97
/bbs/SuperBike/index.html,SuperBike,96
/bbs/TypeMoon/index.html,TypeMoon,93
/bbs/Drama-Ticket/index.html,Drama-Ticket,91
/bbs/graduate/index.html,graduate,89
/bbs/RealmOfValor/index.html,RealmOfValor,89
/bbs/hypermall/index.html,hypermall,88
