﻿/bbs/Gossiping/index.html,Gossiping,13761
/bbs/NBA/index.html,NBA,3584
/bbs/C_Chat/index.html,C_Chat,2697
/bbs/Baseball/index.html,Baseball,2217
/bbs/Stock/index.html,Stock,1747
/bbs/HatePolitics/index.html,HatePolitics,1415
/bbs/sex/index.html,sex,1392
/bbs/movie/index.html,movie,1141
/bbs/MobileComm/index.html,MobileComm,1066
/bbs/Beauty/index.html,Beauty,965
/bbs/Lifeismoney/index.html,Lifeismoney,912
/bbs/car/index.html,car,889
/bbs/Tech_Job/index.html,Tech_Job,794
/bbs/ToS/index.html,ToS,748
/bbs/LoL/index.html,LoL,745
/bbs/KR_Entertain/index.html,KR_Entertain,734
/bbs/Boy-Girl/index.html,Boy-Girl,722
/bbs/BabyMother/index.html,BabyMother,715
/bbs/creditcard/index.html,creditcard,658
/bbs/WomenTalk/index.html,WomenTalk,576
/bbs/PC_Shopping/index.html,PC_Shopping,541
/bbs/KoreaStar/index.html,KoreaStar,519
/bbs/marvel/index.html,marvel,508
/bbs/e-shopping/index.html,e-shopping,498
/bbs/joke/index.html,joke,486
/bbs/AllTogether/index.html,AllTogether,452
/bbs/Japan_Travel/index.html,Japan_Travel,440
/bbs/PlayStation/index.html,PlayStation,385
/bbs/Steam/index.html,Steam,368
/bbs/Tainan/index.html,Tainan,359
/bbs/Kaohsiung/index.html,Kaohsiung,351
/bbs/marriage/index.html,marriage,344
/bbs/japanavgirls/index.html,japanavgirls,323
/bbs/MakeUp/index.html,MakeUp,317
/bbs/KoreaDrama/index.html,KoreaDrama,309
/bbs/Tennis/index.html,Tennis,299
/bbs/SportLottery/index.html,SportLottery,289
/bbs/ONE_PIECE/index.html,ONE_PIECE,286
/bbs/FATE_GO/index.html,FATE_GO,282
/bbs/home-sale/index.html,home-sale,281
/bbs/KanColle/index.html,KanColle,278
/bbs/Hearthstone/index.html,Hearthstone,263
/bbs/TaichungBun/index.html,TaichungBun,248
/bbs/PokemonGO/index.html,PokemonGO,246
/bbs/PCReDive/index.html,PCReDive,234
/bbs/StupidClown/index.html,StupidClown,233
/bbs/iOS/index.html,iOS,231
/bbs/NSwitch/index.html,NSwitch,231
/bbs/CFantasy/index.html,CFantasy,218
/bbs/Salary/index.html,Salary,213
/bbs/EAseries/index.html,EAseries,212
/bbs/BeautySalon/index.html,BeautySalon,201
/bbs/Elephants/index.html,Elephants,199
/bbs/HardwareSale/index.html,HardwareSale,180
/bbs/NBA_Film/index.html,NBA_Film,176
/bbs/CVS/index.html,CVS,175
/bbs/AC_In/index.html,AC_In,170
/bbs/BuyTogether/index.html,BuyTogether,170
/bbs/Japandrama/index.html,Japandrama,165
/bbs/basketballTW/index.html,basketballTW,160
/bbs/PuzzleDragon/index.html,PuzzleDragon,152
/bbs/Hsinchu/index.html,Hsinchu,143
/bbs/MobilePay/index.html,MobilePay,139
/bbs/WOW/index.html,WOW,134
/bbs/NY-Yankees/index.html,NY-Yankees,131
/bbs/MuscleBeach/index.html,MuscleBeach,126
/bbs/TaiwanDrama/index.html,TaiwanDrama,126
/bbs/Aviation/index.html,Aviation,124
/bbs/Palmar_Drama/index.html,Palmar_Drama,124
/bbs/studyteacher/index.html,studyteacher,122
/bbs/biker/index.html,biker,122
/bbs/Soft_Job/index.html,Soft_Job,121
/bbs/part-time/index.html,part-time,117
/bbs/MLB/index.html,MLB,116
/bbs/Gamesale/index.html,Gamesale,115
/bbs/KoreanPop/index.html,KoreanPop,114
/bbs/mobilesales/index.html,mobilesales,113
/bbs/YuanChuang/index.html,YuanChuang,112
/bbs/MayDay/index.html,MayDay,110
/bbs/Examination/index.html,Examination,106
/bbs/Headphone/index.html,Headphone,105
/bbs/TWICE/index.html,TWICE,104
/bbs/Food/index.html,Food,104
/bbs/GetMarry/index.html,GetMarry,103
/bbs/lesbian/index.html,lesbian,103
/bbs/DSLR/index.html,DSLR,98
/bbs/Finance/index.html,Finance,97
/bbs/forsale/index.html,forsale,94
/bbs/gay/index.html,gay,90
/bbs/cat/index.html,cat,89
/bbs/feminine_sex/index.html,feminine_sex,87
/bbs/China-Drama/index.html,China-Drama,85
/bbs/FITNESS/index.html,FITNESS,85
/bbs/PublicServan/index.html,PublicServan,84
/bbs/medstudent/index.html,medstudent,84
/bbs/GBF/index.html,GBF,83
/bbs/Military/index.html,Military,83
/bbs/watch/index.html,watch,82
/bbs/DMM_GAMES/index.html,DMM_GAMES,81
/bbs/CarShop/index.html,CarShop,80
/bbs/Wanted/index.html,Wanted,79
/bbs/tabletennis/index.html,tabletennis,78
/bbs/IZONE/index.html,IZONE,77
/bbs/Mobile-game/index.html,Mobile-game,76
/bbs/TypeMoon/index.html,TypeMoon,75
/bbs/LGBT_SEX/index.html,LGBT_SEX,75
/bbs/give/index.html,give,73
/bbs/Monkeys/index.html,Monkeys,73
/bbs/SuperJunior/index.html,SuperJunior,72
/bbs/Option/index.html,Option,71
/bbs/AKB48/index.html,AKB48,70
/bbs/TW_Entertain/index.html,TW_Entertain,70
/bbs/nb-shopping/index.html,nb-shopping,69
/bbs/job/index.html,job,68
/bbs/Key_Mou_Pad/index.html,Key_Mou_Pad,66
/bbs/BTS/index.html,BTS,66
/bbs/Lions/index.html,Lions,66
/bbs/Gov_owned/index.html,Gov_owned,65
/bbs/points/index.html,points,64
/bbs/graduate/index.html,graduate,64
/bbs/HelpBuy/index.html,HelpBuy,63
/bbs/BB-Love/index.html,BB-Love,63
/bbs/MacShop/index.html,MacShop,63
/bbs/RealmOfValor/index.html,RealmOfValor,62
/bbs/hypermall/index.html,hypermall,60
/bbs/Bank_Service/index.html,Bank_Service,60
/bbs/Drama-Ticket/index.html,Drama-Ticket,59
/bbs/DIABLO/index.html,DIABLO,59
