﻿/bbs/Gossiping/index.html,Gossiping,17869
/bbs/Baseball/index.html,Baseball,5610
/bbs/C_Chat/index.html,C_Chat,2973
/bbs/HatePolitics/index.html,HatePolitics,2966
/bbs/NBA/index.html,NBA,2820
/bbs/movie/index.html,movie,1535
/bbs/Stock/index.html,Stock,1451
/bbs/MobileComm/index.html,MobileComm,1096
/bbs/LoL/index.html,LoL,1077
/bbs/sex/index.html,sex,1010
/bbs/Lifeismoney/index.html,Lifeismoney,999
/bbs/Tech_Job/index.html,Tech_Job,821
/bbs/car/index.html,car,815
/bbs/KR_Entertain/index.html,KR_Entertain,781
/bbs/Beauty/index.html,Beauty,757
/bbs/ToS/index.html,ToS,732
/bbs/BabyMother/index.html,BabyMother,692
/bbs/WomenTalk/index.html,WomenTalk,673
/bbs/KoreaStar/index.html,KoreaStar,624
/bbs/Boy-Girl/index.html,Boy-Girl,619
/bbs/PC_Shopping/index.html,PC_Shopping,610
/bbs/e-shopping/index.html,e-shopping,598
/bbs/marvel/index.html,marvel,552
/bbs/Japan_Travel/index.html,Japan_Travel,480
/bbs/marriage/index.html,marriage,456
/bbs/joke/index.html,joke,433
/bbs/KoreaDrama/index.html,KoreaDrama,409
/bbs/creditcard/index.html,creditcard,397
/bbs/SportLottery/index.html,SportLottery,395
/bbs/PlayStation/index.html,PlayStation,392
/bbs/KanColle/index.html,KanColle,377
/bbs/MakeUp/index.html,MakeUp,374
/bbs/StupidClown/index.html,StupidClown,364
/bbs/AllTogether/index.html,AllTogether,363
/bbs/Kaohsiung/index.html,Kaohsiung,358
/bbs/Steam/index.html,Steam,349
/bbs/Tainan/index.html,Tainan,346
/bbs/japanavgirls/index.html,japanavgirls,343
/bbs/EAseries/index.html,EAseries,303
/bbs/CFantasy/index.html,CFantasy,295
/bbs/Hearthstone/index.html,Hearthstone,293
/bbs/NSwitch/index.html,NSwitch,290
/bbs/basketballTW/index.html,basketballTW,280
/bbs/home-sale/index.html,home-sale,279
/bbs/Elephants/index.html,Elephants,272
/bbs/TaichungBun/index.html,TaichungBun,265
/bbs/FATE_GO/index.html,FATE_GO,258
/bbs/Tennis/index.html,Tennis,255
/bbs/iOS/index.html,iOS,246
/bbs/ONE_PIECE/index.html,ONE_PIECE,244
/bbs/BeautySalon/index.html,BeautySalon,241
/bbs/PokemonGO/index.html,PokemonGO,232
/bbs/HardwareSale/index.html,HardwareSale,221
/bbs/PCReDive/index.html,PCReDive,221
/bbs/Japandrama/index.html,Japandrama,212
/bbs/BuyTogether/index.html,BuyTogether,207
/bbs/AC_In/index.html,AC_In,197
/bbs/CVS/index.html,CVS,187
/bbs/Salary/index.html,Salary,177
/bbs/studyteacher/index.html,studyteacher,173
/bbs/PuzzleDragon/index.html,PuzzleDragon,166
/bbs/Hsinchu/index.html,Hsinchu,166
/bbs/Examination/index.html,Examination,166
/bbs/NBA_Film/index.html,NBA_Film,165
/bbs/MuscleBeach/index.html,MuscleBeach,160
/bbs/Monkeys/index.html,Monkeys,156
/bbs/WOW/index.html,WOW,153
/bbs/biker/index.html,biker,150
/bbs/TWICE/index.html,TWICE,150
/bbs/Food/index.html,Food,147
/bbs/Guardians/index.html,Guardians,146
/bbs/Palmar_Drama/index.html,Palmar_Drama,142
/bbs/Soft_Job/index.html,Soft_Job,140
/bbs/YuanChuang/index.html,YuanChuang,139
/bbs/MLB/index.html,MLB,138
/bbs/TaiwanDrama/index.html,TaiwanDrama,134
/bbs/MayDay/index.html,MayDay,133
/bbs/MH/index.html,MH,132
/bbs/KoreanPop/index.html,KoreanPop,130
/bbs/mobilesales/index.html,mobilesales,128
/bbs/BTS/index.html,BTS,127
/bbs/MobilePay/index.html,MobilePay,126
/bbs/Aviation/index.html,Aviation,124
/bbs/GetMarry/index.html,GetMarry,117
/bbs/GBF/index.html,GBF,116
/bbs/Gamesale/index.html,Gamesale,115
/bbs/cat/index.html,cat,113
/bbs/Headphone/index.html,Headphone,106
/bbs/HelpBuy/index.html,HelpBuy,104
/bbs/China-Drama/index.html,China-Drama,104
/bbs/Drama-Ticket/index.html,Drama-Ticket,102
/bbs/PublicServan/index.html,PublicServan,97
/bbs/Wanted/index.html,Wanted,97
/bbs/gay/index.html,gay,96
/bbs/part-time/index.html,part-time,94
/bbs/Gov_owned/index.html,Gov_owned,92
/bbs/Lions/index.html,Lions,92
/bbs/Finance/index.html,Finance,91
/bbs/Key_Mou_Pad/index.html,Key_Mou_Pad,90
/bbs/FITNESS/index.html,FITNESS,90
/bbs/cookclub/index.html,cookclub,89
/bbs/DMM_GAMES/index.html,DMM_GAMES,87
/bbs/AKB48/index.html,AKB48,85
/bbs/CarShop/index.html,CarShop,85
/bbs/fastfood/index.html,fastfood,84
/bbs/DSLR/index.html,DSLR,83
/bbs/medstudent/index.html,medstudent,82
/bbs/Military/index.html,Military,82
/bbs/forsale/index.html,forsale,82
/bbs/Mobile-game/index.html,Mobile-game,76
/bbs/nb-shopping/index.html,nb-shopping,75
/bbs/Nogizaka46/index.html,Nogizaka46,75
/bbs/graduate/index.html,graduate,75
/bbs/MacShop/index.html,MacShop,74
/bbs/lesbian/index.html,lesbian,74
/bbs/DIABLO/index.html,DIABLO,73
/bbs/watch/index.html,watch,73
/bbs/tabletennis/index.html,tabletennis,73
/bbs/IZONE/index.html,IZONE,72
/bbs/hypermall/index.html,hypermall,72
/bbs/TypeMoon/index.html,TypeMoon,71
/bbs/StarCraft/index.html,StarCraft,71
/bbs/DC_SALE/index.html,DC_SALE,69
/bbs/Brand/index.html,Brand,67
/bbs/Taoyuan/index.html,Taoyuan,67
/bbs/TW_Entertain/index.html,TW_Entertain,66
/bbs/BabyProducts/index.html,BabyProducts,64
/bbs/give/index.html,give,63
