﻿/bbs/Gossiping/index.html,Gossiping,18329
/bbs/Baseball/index.html,Baseball,5785
/bbs/C_Chat/index.html,C_Chat,3160
/bbs/HatePolitics/index.html,HatePolitics,2844
/bbs/NBA/index.html,NBA,2760
/bbs/movie/index.html,movie,2010
/bbs/Stock/index.html,Stock,1590
/bbs/LoL/index.html,LoL,1455
/bbs/Lifeismoney/index.html,Lifeismoney,1358
/bbs/MobileComm/index.html,MobileComm,1298
/bbs/sex/index.html,sex,1162
/bbs/car/index.html,car,1058
/bbs/KR_Entertain/index.html,KR_Entertain,1048
/bbs/BabyMother/index.html,BabyMother,877
/bbs/ToS/index.html,ToS,826
/bbs/Elephants/index.html,Elephants,816
/bbs/WomenTalk/index.html,WomenTalk,809
/bbs/Tennis/index.html,Tennis,792
/bbs/joke/index.html,joke,776
/bbs/e-shopping/index.html,e-shopping,750
/bbs/Beauty/index.html,Beauty,748
/bbs/Tech_Job/index.html,Tech_Job,719
/bbs/Monkeys/index.html,Monkeys,660
/bbs/PC_Shopping/index.html,PC_Shopping,633
/bbs/Boy-Girl/index.html,Boy-Girl,622
/bbs/Guardians/index.html,Guardians,608
/bbs/KoreaStar/index.html,KoreaStar,597
/bbs/Hearthstone/index.html,Hearthstone,590
/bbs/Japan_Travel/index.html,Japan_Travel,529
/bbs/marvel/index.html,marvel,529
/bbs/KoreaDrama/index.html,KoreaDrama,524
/bbs/MakeUp/index.html,MakeUp,504
/bbs/AllTogether/index.html,AllTogether,498
/bbs/Kaohsiung/index.html,Kaohsiung,488
/bbs/marriage/index.html,marriage,471
/bbs/StupidClown/index.html,StupidClown,465
/bbs/PlayStation/index.html,PlayStation,428
/bbs/Steam/index.html,Steam,427
/bbs/KanColle/index.html,KanColle,407
/bbs/home-sale/index.html,home-sale,397
/bbs/Tainan/index.html,Tainan,395
/bbs/creditcard/index.html,creditcard,386
/bbs/Lions/index.html,Lions,346
/bbs/EAseries/index.html,EAseries,336
/bbs/SportLottery/index.html,SportLottery,332
/bbs/japanavgirls/index.html,japanavgirls,310
/bbs/TW_Entertain/index.html,TW_Entertain,288
/bbs/TaichungBun/index.html,TaichungBun,287
/bbs/CFantasy/index.html,CFantasy,282
/bbs/iOS/index.html,iOS,280
/bbs/NSwitch/index.html,NSwitch,278
/bbs/BeautySalon/index.html,BeautySalon,266
/bbs/Japandrama/index.html,Japandrama,263
/bbs/PCReDive/index.html,PCReDive,254
/bbs/FATE_GO/index.html,FATE_GO,247
/bbs/PokemonGO/index.html,PokemonGO,240
/bbs/BuyTogether/index.html,BuyTogether,238
/bbs/ONE_PIECE/index.html,ONE_PIECE,228
/bbs/basketballTW/index.html,basketballTW,226
/bbs/studyteacher/index.html,studyteacher,221
/bbs/YuanChuang/index.html,YuanChuang,220
/bbs/HardwareSale/index.html,HardwareSale,215
/bbs/TaiwanDrama/index.html,TaiwanDrama,210
/bbs/Hsinchu/index.html,Hsinchu,202
/bbs/Salary/index.html,Salary,200
/bbs/Examination/index.html,Examination,198
/bbs/AC_In/index.html,AC_In,196
/bbs/CVS/index.html,CVS,189
/bbs/KoreanPop/index.html,KoreanPop,184
/bbs/NBA_Film/index.html,NBA_Film,182
/bbs/MuscleBeach/index.html,MuscleBeach,180
/bbs/biker/index.html,biker,175
/bbs/gay/index.html,gay,173
/bbs/PuzzleDragon/index.html,PuzzleDragon,164
/bbs/Food/index.html,Food,163
/bbs/TWICE/index.html,TWICE,161
/bbs/GBF/index.html,GBF,161
/bbs/WOW/index.html,WOW,160
/bbs/China-Drama/index.html,China-Drama,157
/bbs/Palmar_Drama/index.html,Palmar_Drama,156
/bbs/GetMarry/index.html,GetMarry,147
/bbs/Aviation/index.html,Aviation,145
/bbs/mobilesales/index.html,mobilesales,142
/bbs/cat/index.html,cat,142
/bbs/MayDay/index.html,MayDay,142
/bbs/Soft_Job/index.html,Soft_Job,139
/bbs/BTS/index.html,BTS,139
/bbs/MLB/index.html,MLB,138
/bbs/IZONE/index.html,IZONE,136
/bbs/Gamesale/index.html,Gamesale,131
/bbs/lesbian/index.html,lesbian,125
/bbs/MH/index.html,MH,124
/bbs/forsale/index.html,forsale,124
/bbs/Wanted/index.html,Wanted,118
/bbs/Headphone/index.html,Headphone,113
/bbs/CarShop/index.html,CarShop,111
/bbs/PublicServan/index.html,PublicServan,111
/bbs/part-time/index.html,part-time,109
/bbs/TypeMoon/index.html,TypeMoon,107
/bbs/AKB48/index.html,AKB48,105
/bbs/DMM_GAMES/index.html,DMM_GAMES,105
/bbs/tabletennis/index.html,tabletennis,104
/bbs/HelpBuy/index.html,HelpBuy,102
/bbs/Mobile-game/index.html,Mobile-game,100
/bbs/MobilePay/index.html,MobilePay,100
/bbs/DSLR/index.html,DSLR,96
/bbs/MacShop/index.html,MacShop,96
/bbs/cookclub/index.html,cookclub,95
/bbs/BabyProducts/index.html,BabyProducts,94
/bbs/Finance/index.html,Finance,94
/bbs/Key_Mou_Pad/index.html,Key_Mou_Pad,94
/bbs/fastfood/index.html,fastfood,93
/bbs/E-appliance/index.html,E-appliance,92
/bbs/medstudent/index.html,medstudent,91
/bbs/IdolMaster/index.html,IdolMaster,89
/bbs/Gov_owned/index.html,Gov_owned,89
/bbs/Drama-Ticket/index.html,Drama-Ticket,87
/bbs/Moto_GP/index.html,Moto_GP,87
/bbs/watch/index.html,watch,86
/bbs/FITNESS/index.html,FITNESS,86
/bbs/StarCraft/index.html,StarCraft,85
/bbs/SuperJunior/index.html,SuperJunior,84
/bbs/Teacher/index.html,Teacher,82
/bbs/LGBT_SEX/index.html,LGBT_SEX,81
/bbs/give/index.html,give,79
/bbs/Nogizaka46/index.html,Nogizaka46,79
/bbs/RealmOfValor/index.html,RealmOfValor,79
/bbs/ChungLi/index.html,ChungLi,78
