﻿/bbs/Gossiping/index.html,Gossiping,8368
/bbs/C_Chat/index.html,C_Chat,2171
/bbs/NBA/index.html,NBA,2155
/bbs/Baseball/index.html,Baseball,1312
/bbs/Stock/index.html,Stock,1149
/bbs/sex/index.html,sex,1132
/bbs/movie/index.html,movie,1063
/bbs/HatePolitics/index.html,HatePolitics,964
/bbs/MobileComm/index.html,MobileComm,755
/bbs/LoL/index.html,LoL,726
/bbs/Beauty/index.html,Beauty,555
/bbs/ToS/index.html,ToS,545
/bbs/Lifeismoney/index.html,Lifeismoney,537
/bbs/Boy-Girl/index.html,Boy-Girl,495
/bbs/Tech_Job/index.html,Tech_Job,488
/bbs/marvel/index.html,marvel,468
/bbs/car/index.html,car,454
/bbs/KR_Entertain/index.html,KR_Entertain,449
/bbs/joke/index.html,joke,421
/bbs/PC_Shopping/index.html,PC_Shopping,417
/bbs/Tennis/index.html,Tennis,414
/bbs/WomenTalk/index.html,WomenTalk,405
/bbs/BabyMother/index.html,BabyMother,379
/bbs/FATE_GO/index.html,FATE_GO,349
/bbs/KoreaStar/index.html,KoreaStar,319
/bbs/PlayStation/index.html,PlayStation,312
/bbs/e-shopping/index.html,e-shopping,303
/bbs/Steam/index.html,Steam,284
/bbs/AllTogether/index.html,AllTogether,282
/bbs/japanavgirls/index.html,japanavgirls,272
/bbs/KanColle/index.html,KanColle,270
/bbs/Japan_Travel/index.html,Japan_Travel,268
/bbs/Kaohsiung/index.html,Kaohsiung,268
/bbs/marriage/index.html,marriage,258
/bbs/creditcard/index.html,creditcard,257
/bbs/Hearthstone/index.html,Hearthstone,252
/bbs/Tainan/index.html,Tainan,239
/bbs/ONE_PIECE/index.html,ONE_PIECE,239
/bbs/KoreaDrama/index.html,KoreaDrama,238
/bbs/PCReDive/index.html,PCReDive,236
/bbs/EAseries/index.html,EAseries,233
/bbs/SportLottery/index.html,SportLottery,228
/bbs/CFantasy/index.html,CFantasy,215
/bbs/NSwitch/index.html,NSwitch,193
/bbs/MakeUp/index.html,MakeUp,189
/bbs/iOS/index.html,iOS,183
/bbs/AC_In/index.html,AC_In,183
/bbs/TaichungBun/index.html,TaichungBun,168
/bbs/HardwareSale/index.html,HardwareSale,160
/bbs/NBA_Film/index.html,NBA_Film,153
/bbs/Elephants/index.html,Elephants,153
/bbs/home-sale/index.html,home-sale,152
/bbs/Salary/index.html,Salary,152
/bbs/BeautySalon/index.html,BeautySalon,144
/bbs/PokemonGO/index.html,PokemonGO,141
/bbs/StupidClown/index.html,StupidClown,141
/bbs/CVS/index.html,CVS,136
/bbs/PuzzleDragon/index.html,PuzzleDragon,131
/bbs/WOW/index.html,WOW,126
/bbs/Japandrama/index.html,Japandrama,121
/bbs/YuanChuang/index.html,YuanChuang,112
/bbs/biker/index.html,biker,111
/bbs/BuyTogether/index.html,BuyTogether,110
/bbs/MuscleBeach/index.html,MuscleBeach,107
/bbs/Headphone/index.html,Headphone,99
/bbs/Option/index.html,Option,99
/bbs/basketballTW/index.html,basketballTW,98
/bbs/Palmar_Drama/index.html,Palmar_Drama,98
/bbs/Food/index.html,Food,93
/bbs/MLB/index.html,MLB,93
/bbs/Aviation/index.html,Aviation,91
/bbs/Wanted/index.html,Wanted,90
/bbs/KoreanPop/index.html,KoreanPop,85
/bbs/Hsinchu/index.html,Hsinchu,84
/bbs/Soft_Job/index.html,Soft_Job,83
/bbs/gay/index.html,gay,83
/bbs/cat/index.html,cat,81
/bbs/part-time/index.html,part-time,80
/bbs/Gamesale/index.html,Gamesale,79
/bbs/China-Drama/index.html,China-Drama,78
/bbs/TaiwanDrama/index.html,TaiwanDrama,78
/bbs/Military/index.html,Military,78
/bbs/DSLR/index.html,DSLR,77
/bbs/mobilesales/index.html,mobilesales,76
/bbs/MayDay/index.html,MayDay,76
/bbs/feminine_sex/index.html,feminine_sex,69
/bbs/GetMarry/index.html,GetMarry,69
/bbs/TWICE/index.html,TWICE,69
/bbs/Mobile-game/index.html,Mobile-game,67
/bbs/Key_Mou_Pad/index.html,Key_Mou_Pad,67
/bbs/DMM_GAMES/index.html,DMM_GAMES,67
/bbs/lesbian/index.html,lesbian,66
/bbs/MobilePay/index.html,MobilePay,64
/bbs/TypeMoon/index.html,TypeMoon,61
/bbs/LGBT_SEX/index.html,LGBT_SEX,61
/bbs/studyteacher/index.html,studyteacher,60
/bbs/TW_Entertain/index.html,TW_Entertain,59
/bbs/nb-shopping/index.html,nb-shopping,58
/bbs/graduate/index.html,graduate,58
/bbs/MH/index.html,MH,57
/bbs/IdolMaster/index.html,IdolMaster,57
/bbs/CarShop/index.html,CarShop,56
/bbs/DIABLO/index.html,DIABLO,56
/bbs/cookclub/index.html,cookclub,56
/bbs/Examination/index.html,Examination,55
/bbs/watch/index.html,watch,54
/bbs/AKB48/index.html,AKB48,53
/bbs/SuperBike/index.html,SuperBike,53
/bbs/FITNESS/index.html,FITNESS,53
/bbs/GBF/index.html,GBF,50
/bbs/SuperJunior/index.html,SuperJunior,48
/bbs/BTS/index.html,BTS,47
/bbs/job/index.html,job,47
/bbs/HelpBuy/index.html,HelpBuy,46
/bbs/medstudent/index.html,medstudent,46
/bbs/forsale/index.html,forsale,46
/bbs/ClashRoyale/index.html,ClashRoyale,45
/bbs/BB-Love/index.html,BB-Love,45
/bbs/Monkeys/index.html,Monkeys,45
/bbs/Guardians/index.html,Guardians,45
/bbs/Zastrology/index.html,Zastrology,45
/bbs/FTV/index.html,FTV,44
/bbs/Lions/index.html,Lions,44
/bbs/RealmOfValor/index.html,RealmOfValor,44
/bbs/IZONE/index.html,IZONE,43
/bbs/MacShop/index.html,MacShop,43
/bbs/Gov_owned/index.html,Gov_owned,42
/bbs/DC_SALE/index.html,DC_SALE,41
