﻿/bbs/Gossiping/index.html,Gossiping,8652
/bbs/NBA/index.html,NBA,2236
/bbs/C_Chat/index.html,C_Chat,2198
/bbs/Baseball/index.html,Baseball,1357
/bbs/Stock/index.html,Stock,1221
/bbs/sex/index.html,sex,1160
/bbs/movie/index.html,movie,1115
/bbs/HatePolitics/index.html,HatePolitics,963
/bbs/MobileComm/index.html,MobileComm,785
/bbs/LoL/index.html,LoL,780
/bbs/Beauty/index.html,Beauty,577
/bbs/ToS/index.html,ToS,573
/bbs/Lifeismoney/index.html,Lifeismoney,564
/bbs/Boy-Girl/index.html,Boy-Girl,527
/bbs/Tech_Job/index.html,Tech_Job,503
/bbs/marvel/index.html,marvel,496
/bbs/car/index.html,car,491
/bbs/KR_Entertain/index.html,KR_Entertain,474
/bbs/joke/index.html,joke,440
/bbs/Tennis/index.html,Tennis,432
/bbs/PC_Shopping/index.html,PC_Shopping,431
/bbs/WomenTalk/index.html,WomenTalk,407
/bbs/BabyMother/index.html,BabyMother,384
/bbs/FATE_GO/index.html,FATE_GO,346
/bbs/KoreaStar/index.html,KoreaStar,338
/bbs/PlayStation/index.html,PlayStation,321
/bbs/e-shopping/index.html,e-shopping,314
/bbs/AllTogether/index.html,AllTogether,301
/bbs/Steam/index.html,Steam,296
/bbs/Japan_Travel/index.html,Japan_Travel,283
/bbs/Hearthstone/index.html,Hearthstone,277
/bbs/Kaohsiung/index.html,Kaohsiung,274
/bbs/KanColle/index.html,KanColle,272
/bbs/creditcard/index.html,creditcard,270
/bbs/marriage/index.html,marriage,266
/bbs/japanavgirls/index.html,japanavgirls,266
/bbs/SportLottery/index.html,SportLottery,260
/bbs/Tainan/index.html,Tainan,251
/bbs/KoreaDrama/index.html,KoreaDrama,251
/bbs/ONE_PIECE/index.html,ONE_PIECE,247
/bbs/PCReDive/index.html,PCReDive,244
/bbs/EAseries/index.html,EAseries,242
/bbs/CFantasy/index.html,CFantasy,224
/bbs/MakeUp/index.html,MakeUp,211
/bbs/NSwitch/index.html,NSwitch,196
/bbs/AC_In/index.html,AC_In,192
/bbs/TaichungBun/index.html,TaichungBun,184
/bbs/iOS/index.html,iOS,176
/bbs/HardwareSale/index.html,HardwareSale,168
/bbs/Elephants/index.html,Elephants,164
/bbs/StupidClown/index.html,StupidClown,158
/bbs/home-sale/index.html,home-sale,156
/bbs/NBA_Film/index.html,NBA_Film,156
/bbs/PuzzleDragon/index.html,PuzzleDragon,150
/bbs/Salary/index.html,Salary,145
/bbs/PokemonGO/index.html,PokemonGO,145
/bbs/BeautySalon/index.html,BeautySalon,145
/bbs/CVS/index.html,CVS,136
/bbs/Japandrama/index.html,Japandrama,124
/bbs/BuyTogether/index.html,BuyTogether,121
/bbs/WOW/index.html,WOW,121
/bbs/YuanChuang/index.html,YuanChuang,118
/bbs/MuscleBeach/index.html,MuscleBeach,112
/bbs/biker/index.html,biker,107
/bbs/Option/index.html,Option,105
/bbs/Palmar_Drama/index.html,Palmar_Drama,105
/bbs/Headphone/index.html,Headphone,97
/bbs/basketballTW/index.html,basketballTW,93
/bbs/Wanted/index.html,Wanted,92
/bbs/Food/index.html,Food,92
/bbs/Hsinchu/index.html,Hsinchu,91
/bbs/MLB/index.html,MLB,90
/bbs/KoreanPop/index.html,KoreanPop,87
/bbs/Aviation/index.html,Aviation,87
/bbs/TaiwanDrama/index.html,TaiwanDrama,87
/bbs/part-time/index.html,part-time,87
/bbs/Soft_Job/index.html,Soft_Job,86
/bbs/China-Drama/index.html,China-Drama,84
/bbs/cat/index.html,cat,84
/bbs/gay/index.html,gay,82
/bbs/DSLR/index.html,DSLR,81
/bbs/Gamesale/index.html,Gamesale,79
/bbs/Military/index.html,Military,78
/bbs/GetMarry/index.html,GetMarry,77
/bbs/MayDay/index.html,MayDay,77
/bbs/Mobile-game/index.html,Mobile-game,75
/bbs/DMM_GAMES/index.html,DMM_GAMES,74
/bbs/mobilesales/index.html,mobilesales,73
/bbs/TWICE/index.html,TWICE,73
/bbs/feminine_sex/index.html,feminine_sex,72
/bbs/Key_Mou_Pad/index.html,Key_Mou_Pad,70
/bbs/lesbian/index.html,lesbian,67
/bbs/LGBT_SEX/index.html,LGBT_SEX,64
/bbs/TW_Entertain/index.html,TW_Entertain,63
/bbs/studyteacher/index.html,studyteacher,62
/bbs/TypeMoon/index.html,TypeMoon,61
/bbs/MobilePay/index.html,MobilePay,61
/bbs/AKB48/index.html,AKB48,60
/bbs/nb-shopping/index.html,nb-shopping,60
/bbs/FITNESS/index.html,FITNESS,58
/bbs/CarShop/index.html,CarShop,57
/bbs/IdolMaster/index.html,IdolMaster,57
/bbs/cookclub/index.html,cookclub,57
/bbs/GBF/index.html,GBF,56
/bbs/Examination/index.html,Examination,55
/bbs/MH/index.html,MH,53
/bbs/graduate/index.html,graduate,53
/bbs/DIABLO/index.html,DIABLO,53
/bbs/forsale/index.html,forsale,53
/bbs/watch/index.html,watch,52
/bbs/Guardians/index.html,Guardians,50
/bbs/HelpBuy/index.html,HelpBuy,49
/bbs/IZONE/index.html,IZONE,48
/bbs/BTS/index.html,BTS,48
/bbs/SuperBike/index.html,SuperBike,48
/bbs/Lions/index.html,Lions,48
/bbs/SuperJunior/index.html,SuperJunior,47
/bbs/FTV/index.html,FTV,47
/bbs/fastfood/index.html,fastfood,47
/bbs/MacShop/index.html,MacShop,47
/bbs/medstudent/index.html,medstudent,47
/bbs/job/index.html,job,47
/bbs/ClashRoyale/index.html,ClashRoyale,46
/bbs/Monkeys/index.html,Monkeys,46
/bbs/Zastrology/index.html,Zastrology,46
/bbs/Nogizaka46/index.html,Nogizaka46,45
/bbs/BB-Love/index.html,BB-Love,45
/bbs/Battlegirlhs/index.html,Battlegirlhs,45
