﻿/bbs/Gossiping/index.html,Gossiping,18089
/bbs/Baseball/index.html,Baseball,5382
/bbs/HatePolitics/index.html,HatePolitics,2989
/bbs/C_Chat/index.html,C_Chat,2950
/bbs/NBA/index.html,NBA,2782
/bbs/movie/index.html,movie,1523
/bbs/Stock/index.html,Stock,1419
/bbs/LoL/index.html,LoL,1090
/bbs/MobileComm/index.html,MobileComm,1086
/bbs/sex/index.html,sex,1021
/bbs/Lifeismoney/index.html,Lifeismoney,1018
/bbs/car/index.html,car,861
/bbs/KR_Entertain/index.html,KR_Entertain,793
/bbs/Tech_Job/index.html,Tech_Job,781
/bbs/ToS/index.html,ToS,750
/bbs/WomenTalk/index.html,WomenTalk,713
/bbs/Beauty/index.html,Beauty,692
/bbs/BabyMother/index.html,BabyMother,672
/bbs/PC_Shopping/index.html,PC_Shopping,628
/bbs/Boy-Girl/index.html,Boy-Girl,622
/bbs/KoreaStar/index.html,KoreaStar,596
/bbs/e-shopping/index.html,e-shopping,581
/bbs/marvel/index.html,marvel,551
/bbs/Japan_Travel/index.html,Japan_Travel,507
/bbs/marriage/index.html,marriage,458
/bbs/joke/index.html,joke,440
/bbs/SportLottery/index.html,SportLottery,419
/bbs/PlayStation/index.html,PlayStation,417
/bbs/KoreaDrama/index.html,KoreaDrama,414
/bbs/creditcard/index.html,creditcard,401
/bbs/KanColle/index.html,KanColle,376
/bbs/Kaohsiung/index.html,Kaohsiung,369
/bbs/StupidClown/index.html,StupidClown,367
/bbs/AllTogether/index.html,AllTogether,362
/bbs/Tainan/index.html,Tainan,357
/bbs/Steam/index.html,Steam,354
/bbs/MakeUp/index.html,MakeUp,346
/bbs/japanavgirls/index.html,japanavgirls,333
/bbs/CFantasy/index.html,CFantasy,312
/bbs/Hearthstone/index.html,Hearthstone,305
/bbs/EAseries/index.html,EAseries,292
/bbs/Elephants/index.html,Elephants,286
/bbs/NSwitch/index.html,NSwitch,285
/bbs/home-sale/index.html,home-sale,283
/bbs/basketballTW/index.html,basketballTW,280
/bbs/FATE_GO/index.html,FATE_GO,251
/bbs/ONE_PIECE/index.html,ONE_PIECE,251
/bbs/Tennis/index.html,Tennis,250
/bbs/TaichungBun/index.html,TaichungBun,234
/bbs/PokemonGO/index.html,PokemonGO,232
/bbs/BeautySalon/index.html,BeautySalon,231
/bbs/iOS/index.html,iOS,227
/bbs/PCReDive/index.html,PCReDive,226
/bbs/BuyTogether/index.html,BuyTogether,216
/bbs/Japandrama/index.html,Japandrama,216
/bbs/HardwareSale/index.html,HardwareSale,212
/bbs/AC_In/index.html,AC_In,204
/bbs/studyteacher/index.html,studyteacher,200
/bbs/Salary/index.html,Salary,182
/bbs/CVS/index.html,CVS,177
/bbs/NBA_Film/index.html,NBA_Film,169
/bbs/Food/index.html,Food,165
/bbs/Examination/index.html,Examination,164
/bbs/Monkeys/index.html,Monkeys,163
/bbs/WOW/index.html,WOW,162
/bbs/MuscleBeach/index.html,MuscleBeach,154
/bbs/PuzzleDragon/index.html,PuzzleDragon,152
/bbs/YuanChuang/index.html,YuanChuang,150
/bbs/TWICE/index.html,TWICE,150
/bbs/Guardians/index.html,Guardians,150
/bbs/Hsinchu/index.html,Hsinchu,148
/bbs/biker/index.html,biker,147
/bbs/Soft_Job/index.html,Soft_Job,146
/bbs/Palmar_Drama/index.html,Palmar_Drama,143
/bbs/mobilesales/index.html,mobilesales,142
/bbs/MH/index.html,MH,141
/bbs/MLB/index.html,MLB,133
/bbs/MobilePay/index.html,MobilePay,130
/bbs/BTS/index.html,BTS,128
/bbs/Aviation/index.html,Aviation,126
/bbs/MayDay/index.html,MayDay,125
/bbs/China-Drama/index.html,China-Drama,122
/bbs/GBF/index.html,GBF,121
/bbs/TaiwanDrama/index.html,TaiwanDrama,120
/bbs/KoreanPop/index.html,KoreanPop,118
/bbs/Wanted/index.html,Wanted,112
/bbs/GetMarry/index.html,GetMarry,112
/bbs/Headphone/index.html,Headphone,110
/bbs/Gamesale/index.html,Gamesale,109
/bbs/cat/index.html,cat,108
/bbs/part-time/index.html,part-time,107
/bbs/cookclub/index.html,cookclub,102
/bbs/Finance/index.html,Finance,100
/bbs/gay/index.html,gay,98
/bbs/medstudent/index.html,medstudent,96
/bbs/CarShop/index.html,CarShop,95
/bbs/Military/index.html,Military,95
/bbs/Key_Mou_Pad/index.html,Key_Mou_Pad,94
/bbs/PublicServan/index.html,PublicServan,93
/bbs/AKB48/index.html,AKB48,92
/bbs/Drama-Ticket/index.html,Drama-Ticket,92
/bbs/FITNESS/index.html,FITNESS,91
/bbs/HelpBuy/index.html,HelpBuy,90
/bbs/DMM_GAMES/index.html,DMM_GAMES,86
/bbs/lesbian/index.html,lesbian,85
/bbs/forsale/index.html,forsale,81
/bbs/give/index.html,give,80
/bbs/Gov_owned/index.html,Gov_owned,80
/bbs/Lions/index.html,Lions,80
/bbs/Mobile-game/index.html,Mobile-game,79
/bbs/watch/index.html,watch,78
/bbs/DSLR/index.html,DSLR,77
/bbs/DIABLO/index.html,DIABLO,77
/bbs/TW_Entertain/index.html,TW_Entertain,77
/bbs/MacShop/index.html,MacShop,76
/bbs/hypermall/index.html,hypermall,76
/bbs/feminine_sex/index.html,feminine_sex,76
/bbs/Nogizaka46/index.html,Nogizaka46,75
/bbs/fastfood/index.html,fastfood,75
/bbs/DC_SALE/index.html,DC_SALE,74
/bbs/StarCraft/index.html,StarCraft,74
/bbs/graduate/index.html,graduate,73
/bbs/E-appliance/index.html,E-appliance,70
/bbs/Brand/index.html,Brand,70
/bbs/TypeMoon/index.html,TypeMoon,68
/bbs/PathofExile/index.html,PathofExile,68
/bbs/nb-shopping/index.html,nb-shopping,67
/bbs/IZONE/index.html,IZONE,67
