﻿/bbs/Gossiping/index.html,Gossiping,14566
/bbs/NBA/index.html,NBA,3837
/bbs/C_Chat/index.html,C_Chat,3166
/bbs/Baseball/index.html,Baseball,2553
/bbs/Stock/index.html,Stock,2127
/bbs/sex/index.html,sex,1982
/bbs/movie/index.html,movie,1933
/bbs/HatePolitics/index.html,HatePolitics,1528
/bbs/KR_Entertain/index.html,KR_Entertain,1433
/bbs/MobileComm/index.html,MobileComm,1251
/bbs/Lifeismoney/index.html,Lifeismoney,1235
/bbs/Beauty/index.html,Beauty,1021
/bbs/LoL/index.html,LoL,1014
/bbs/Tech_Job/index.html,Tech_Job,993
/bbs/Tennis/index.html,Tennis,977
/bbs/ToS/index.html,ToS,967
/bbs/car/index.html,car,910
/bbs/Boy-Girl/index.html,Boy-Girl,840
/bbs/BabyMother/index.html,BabyMother,833
/bbs/e-shopping/index.html,e-shopping,820
/bbs/WomenTalk/index.html,WomenTalk,795
/bbs/KoreaStar/index.html,KoreaStar,673
/bbs/Tainan/index.html,Tainan,663
/bbs/marvel/index.html,marvel,662
/bbs/joke/index.html,joke,652
/bbs/Kaohsiung/index.html,Kaohsiung,638
/bbs/AllTogether/index.html,AllTogether,637
/bbs/PC_Shopping/index.html,PC_Shopping,590
/bbs/Japan_Travel/index.html,Japan_Travel,590
/bbs/FATE_GO/index.html,FATE_GO,566
/bbs/KoreaDrama/index.html,KoreaDrama,543
/bbs/marriage/index.html,marriage,493
/bbs/creditcard/index.html,creditcard,493
/bbs/MakeUp/index.html,MakeUp,470
/bbs/PlayStation/index.html,PlayStation,468
/bbs/SportLottery/index.html,SportLottery,459
/bbs/japanavgirls/index.html,japanavgirls,421
/bbs/Hearthstone/index.html,Hearthstone,414
/bbs/KanColle/index.html,KanColle,398
/bbs/PCReDive/index.html,PCReDive,394
/bbs/Steam/index.html,Steam,386
/bbs/ONE_PIECE/index.html,ONE_PIECE,383
/bbs/Elephants/index.html,Elephants,345
/bbs/EAseries/index.html,EAseries,343
/bbs/home-sale/index.html,home-sale,337
/bbs/CFantasy/index.html,CFantasy,334
/bbs/TaichungBun/index.html,TaichungBun,334
/bbs/NSwitch/index.html,NSwitch,330
/bbs/Salary/index.html,Salary,294
/bbs/iOS/index.html,iOS,280
/bbs/BeautySalon/index.html,BeautySalon,272
/bbs/NBA_Film/index.html,NBA_Film,270
/bbs/StupidClown/index.html,StupidClown,270
/bbs/CVS/index.html,CVS,257
/bbs/BuyTogether/index.html,BuyTogether,255
/bbs/Japandrama/index.html,Japandrama,246
/bbs/TaiwanDrama/index.html,TaiwanDrama,245
/bbs/PokemonGO/index.html,PokemonGO,243
/bbs/AC_In/index.html,AC_In,237
/bbs/YuanChuang/index.html,YuanChuang,211
/bbs/HardwareSale/index.html,HardwareSale,211
/bbs/MuscleBeach/index.html,MuscleBeach,209
/bbs/Hsinchu/index.html,Hsinchu,206
/bbs/PuzzleDragon/index.html,PuzzleDragon,204
/bbs/MayDay/index.html,MayDay,192
/bbs/Palmar_Drama/index.html,Palmar_Drama,179
/bbs/KoreanPop/index.html,KoreanPop,178
/bbs/basketballTW/index.html,basketballTW,178
/bbs/Option/index.html,Option,173
/bbs/lesbian/index.html,lesbian,173
/bbs/Food/index.html,Food,169
/bbs/WOW/index.html,WOW,167
/bbs/biker/index.html,biker,167
/bbs/Aviation/index.html,Aviation,164
/bbs/MLB/index.html,MLB,159
/bbs/SuperJunior/index.html,SuperJunior,158
/bbs/gay/index.html,gay,154
/bbs/China-Drama/index.html,China-Drama,150
/bbs/TWICE/index.html,TWICE,150
/bbs/part-time/index.html,part-time,148
/bbs/Soft_Job/index.html,Soft_Job,138
/bbs/Headphone/index.html,Headphone,132
/bbs/studyteacher/index.html,studyteacher,131
/bbs/feminine_sex/index.html,feminine_sex,131
/bbs/Wanted/index.html,Wanted,130
/bbs/Examination/index.html,Examination,129
/bbs/GetMarry/index.html,GetMarry,128
/bbs/Finance/index.html,Finance,127
/bbs/TW_Entertain/index.html,TW_Entertain,127
/bbs/mobilesales/index.html,mobilesales,126
/bbs/MobilePay/index.html,MobilePay,126
/bbs/cat/index.html,cat,124
/bbs/DSLR/index.html,DSLR,121
/bbs/LGBT_SEX/index.html,LGBT_SEX,121
/bbs/Gamesale/index.html,Gamesale,120
/bbs/Monkeys/index.html,Monkeys,120
/bbs/BTS/index.html,BTS,120
/bbs/Guardians/index.html,Guardians,115
/bbs/CarShop/index.html,CarShop,114
/bbs/Military/index.html,Military,110
/bbs/BB-Love/index.html,BB-Love,109
/bbs/TypeMoon/index.html,TypeMoon,106
/bbs/FTV/index.html,FTV,106
/bbs/Key_Mou_Pad/index.html,Key_Mou_Pad,106
/bbs/Lions/index.html,Lions,102
/bbs/FITNESS/index.html,FITNESS,101
/bbs/PublicServan/index.html,PublicServan,100
/bbs/DMM_GAMES/index.html,DMM_GAMES,100
/bbs/Brand/index.html,Brand,99
/bbs/graduate/index.html,graduate,98
/bbs/HelpBuy/index.html,HelpBuy,96
/bbs/watch/index.html,watch,96
/bbs/forsale/index.html,forsale,95
/bbs/cookclub/index.html,cookclub,94
/bbs/AKB48/index.html,AKB48,93
/bbs/MH/index.html,MH,91
/bbs/Mobile-game/index.html,Mobile-game,91
/bbs/medstudent/index.html,medstudent,90
/bbs/nb-shopping/index.html,nb-shopping,89
/bbs/MacShop/index.html,MacShop,87
/bbs/give/index.html,give,86
/bbs/GBF/index.html,GBF,86
/bbs/ClashRoyale/index.html,ClashRoyale,85
/bbs/job/index.html,job,81
/bbs/BabyProducts/index.html,BabyProducts,80
/bbs/IdolMaster/index.html,IdolMaster,80
/bbs/DC_SALE/index.html,DC_SALE,79
/bbs/IZONE/index.html,IZONE,79
