﻿/bbs/Gossiping/index.html,Gossiping,18920
/bbs/Baseball/index.html,Baseball,4367
/bbs/C_Chat/index.html,C_Chat,3348
/bbs/NBA/index.html,NBA,3225
/bbs/HatePolitics/index.html,HatePolitics,2496
/bbs/movie/index.html,movie,2304
/bbs/Stock/index.html,Stock,1691
/bbs/sex/index.html,sex,1600
/bbs/Lifeismoney/index.html,Lifeismoney,1436
/bbs/MobileComm/index.html,MobileComm,1341
/bbs/LoL/index.html,LoL,1184
/bbs/car/index.html,car,1166
/bbs/KR_Entertain/index.html,KR_Entertain,1077
/bbs/BabyMother/index.html,BabyMother,1074
/bbs/e-shopping/index.html,e-shopping,1021
/bbs/Beauty/index.html,Beauty,964
/bbs/WomenTalk/index.html,WomenTalk,958
/bbs/ToS/index.html,ToS,924
/bbs/Boy-Girl/index.html,Boy-Girl,915
/bbs/joke/index.html,joke,862
/bbs/Tech_Job/index.html,Tech_Job,837
/bbs/KoreaStar/index.html,KoreaStar,709
/bbs/marriage/index.html,marriage,708
/bbs/PC_Shopping/index.html,PC_Shopping,682
/bbs/marvel/index.html,marvel,658
/bbs/Tennis/index.html,Tennis,651
/bbs/AllTogether/index.html,AllTogether,629
/bbs/Japan_Travel/index.html,Japan_Travel,627
/bbs/KoreaDrama/index.html,KoreaDrama,595
/bbs/SportLottery/index.html,SportLottery,560
/bbs/Hearthstone/index.html,Hearthstone,548
/bbs/MakeUp/index.html,MakeUp,540
/bbs/Kaohsiung/index.html,Kaohsiung,493
/bbs/Steam/index.html,Steam,482
/bbs/PlayStation/index.html,PlayStation,480
/bbs/home-sale/index.html,home-sale,458
/bbs/Elephants/index.html,Elephants,451
/bbs/StupidClown/index.html,StupidClown,450
/bbs/japanavgirls/index.html,japanavgirls,446
/bbs/creditcard/index.html,creditcard,427
/bbs/KanColle/index.html,KanColle,423
/bbs/Tainan/index.html,Tainan,414
/bbs/EAseries/index.html,EAseries,377
/bbs/BeautySalon/index.html,BeautySalon,357
/bbs/NSwitch/index.html,NSwitch,325
/bbs/TaichungBun/index.html,TaichungBun,322
/bbs/iOS/index.html,iOS,320
/bbs/CFantasy/index.html,CFantasy,302
/bbs/Japandrama/index.html,Japandrama,296
/bbs/TW_Entertain/index.html,TW_Entertain,281
/bbs/basketballTW/index.html,basketballTW,274
/bbs/PokemonGO/index.html,PokemonGO,264
/bbs/YuanChuang/index.html,YuanChuang,259
/bbs/CVS/index.html,CVS,250
/bbs/ONE_PIECE/index.html,ONE_PIECE,250
/bbs/TaiwanDrama/index.html,TaiwanDrama,237
/bbs/BuyTogether/index.html,BuyTogether,235
/bbs/AC_In/index.html,AC_In,234
/bbs/MuscleBeach/index.html,MuscleBeach,233
/bbs/Monkeys/index.html,Monkeys,233
/bbs/Hsinchu/index.html,Hsinchu,229
/bbs/PCReDive/index.html,PCReDive,227
/bbs/Guardians/index.html,Guardians,225
/bbs/HardwareSale/index.html,HardwareSale,221
/bbs/FATE_GO/index.html,FATE_GO,219
/bbs/GetMarry/index.html,GetMarry,213
/bbs/PuzzleDragon/index.html,PuzzleDragon,212
/bbs/China-Drama/index.html,China-Drama,212
/bbs/Salary/index.html,Salary,209
/bbs/MayDay/index.html,MayDay,207
/bbs/gay/index.html,gay,204
/bbs/IZONE/index.html,IZONE,200
/bbs/Food/index.html,Food,193
/bbs/KoreanPop/index.html,KoreanPop,191
/bbs/studyteacher/index.html,studyteacher,187
/bbs/NBA_Film/index.html,NBA_Film,187
/bbs/Lions/index.html,Lions,179
/bbs/Examination/index.html,Examination,174
/bbs/WOW/index.html,WOW,173
/bbs/biker/index.html,biker,172
/bbs/TWICE/index.html,TWICE,170
/bbs/BTS/index.html,BTS,162
/bbs/lesbian/index.html,lesbian,158
/bbs/MLB/index.html,MLB,157
/bbs/Aviation/index.html,Aviation,156
/bbs/cat/index.html,cat,155
/bbs/MobilePay/index.html,MobilePay,150
/bbs/forsale/index.html,forsale,148
/bbs/part-time/index.html,part-time,143
/bbs/mobilesales/index.html,mobilesales,140
/bbs/Zastrology/index.html,Zastrology,140
/bbs/GBF/index.html,GBF,139
/bbs/Palmar_Drama/index.html,Palmar_Drama,136
/bbs/Gamesale/index.html,Gamesale,135
/bbs/Soft_Job/index.html,Soft_Job,132
/bbs/Headphone/index.html,Headphone,132
/bbs/HelpBuy/index.html,HelpBuy,131
/bbs/DSLR/index.html,DSLR,130
/bbs/Wanted/index.html,Wanted,129
/bbs/Finance/index.html,Finance,128
/bbs/CarShop/index.html,CarShop,128
/bbs/cookclub/index.html,cookclub,128
/bbs/FITNESS/index.html,FITNESS,125
/bbs/feminine_sex/index.html,feminine_sex,117
/bbs/give/index.html,give,115
/bbs/PublicServan/index.html,PublicServan,113
/bbs/medstudent/index.html,medstudent,113
/bbs/DMM_GAMES/index.html,DMM_GAMES,113
/bbs/MH/index.html,MH,112
/bbs/watch/index.html,watch,112
/bbs/AKB48/index.html,AKB48,108
/bbs/Military/index.html,Military,102
/bbs/tabletennis/index.html,tabletennis,99
/bbs/BabyProducts/index.html,BabyProducts,96
/bbs/MacShop/index.html,MacShop,95
/bbs/E-appliance/index.html,E-appliance,94
/bbs/Mobile-game/index.html,Mobile-game,93
/bbs/Nogizaka46/index.html,Nogizaka46,91
/bbs/Key_Mou_Pad/index.html,Key_Mou_Pad,91
/bbs/LGBT_SEX/index.html,LGBT_SEX,90
/bbs/hypermall/index.html,hypermall,90
/bbs/TypeMoon/index.html,TypeMoon,89
/bbs/job/index.html,job,89
/bbs/DC_SALE/index.html,DC_SALE,88
/bbs/graduate/index.html,graduate,88
/bbs/RealmOfValor/index.html,RealmOfValor,86
/bbs/Korea_Travel/index.html,Korea_Travel,85
/bbs/BB-Love/index.html,BB-Love,85
