﻿/bbs/Gossiping/index.html,Gossiping,18120
/bbs/Baseball/index.html,Baseball,5740
/bbs/C_Chat/index.html,C_Chat,3126
/bbs/HatePolitics/index.html,HatePolitics,2882
/bbs/NBA/index.html,NBA,2855
/bbs/movie/index.html,movie,1908
/bbs/Stock/index.html,Stock,1542
/bbs/LoL/index.html,LoL,1529
/bbs/Lifeismoney/index.html,Lifeismoney,1339
/bbs/MobileComm/index.html,MobileComm,1251
/bbs/Elephants/index.html,Elephants,1107
/bbs/KR_Entertain/index.html,KR_Entertain,1085
/bbs/sex/index.html,sex,1042
/bbs/car/index.html,car,1006
/bbs/ToS/index.html,ToS,819
/bbs/Tennis/index.html,Tennis,776
/bbs/WomenTalk/index.html,WomenTalk,768
/bbs/Tech_Job/index.html,Tech_Job,764
/bbs/BabyMother/index.html,BabyMother,762
/bbs/joke/index.html,joke,739
/bbs/Beauty/index.html,Beauty,694
/bbs/e-shopping/index.html,e-shopping,626
/bbs/PC_Shopping/index.html,PC_Shopping,607
/bbs/Boy-Girl/index.html,Boy-Girl,589
/bbs/KoreaStar/index.html,KoreaStar,584
/bbs/Japan_Travel/index.html,Japan_Travel,548
/bbs/Monkeys/index.html,Monkeys,547
/bbs/marvel/index.html,marvel,528
/bbs/Hearthstone/index.html,Hearthstone,499
/bbs/Kaohsiung/index.html,Kaohsiung,495
/bbs/Guardians/index.html,Guardians,491
/bbs/marriage/index.html,marriage,488
/bbs/MakeUp/index.html,MakeUp,478
/bbs/KoreaDrama/index.html,KoreaDrama,473
/bbs/AllTogether/index.html,AllTogether,454
/bbs/StupidClown/index.html,StupidClown,446
/bbs/Steam/index.html,Steam,438
/bbs/PlayStation/index.html,PlayStation,435
/bbs/Lions/index.html,Lions,415
/bbs/KanColle/index.html,KanColle,391
/bbs/creditcard/index.html,creditcard,386
/bbs/Tainan/index.html,Tainan,374
/bbs/home-sale/index.html,home-sale,369
/bbs/EAseries/index.html,EAseries,315
/bbs/japanavgirls/index.html,japanavgirls,309
/bbs/SportLottery/index.html,SportLottery,305
/bbs/CFantasy/index.html,CFantasy,293
/bbs/iOS/index.html,iOS,281
/bbs/TaichungBun/index.html,TaichungBun,279
/bbs/NSwitch/index.html,NSwitch,278
/bbs/BuyTogether/index.html,BuyTogether,251
/bbs/BeautySalon/index.html,BeautySalon,247
/bbs/PCReDive/index.html,PCReDive,246
/bbs/HardwareSale/index.html,HardwareSale,235
/bbs/basketballTW/index.html,basketballTW,226
/bbs/FATE_GO/index.html,FATE_GO,223
/bbs/studyteacher/index.html,studyteacher,218
/bbs/ONE_PIECE/index.html,ONE_PIECE,218
/bbs/CVS/index.html,CVS,216
/bbs/PokemonGO/index.html,PokemonGO,216
/bbs/Japandrama/index.html,Japandrama,213
/bbs/Hsinchu/index.html,Hsinchu,203
/bbs/YuanChuang/index.html,YuanChuang,199
/bbs/TW_Entertain/index.html,TW_Entertain,199
/bbs/Examination/index.html,Examination,196
/bbs/TaiwanDrama/index.html,TaiwanDrama,194
/bbs/AC_In/index.html,AC_In,192
/bbs/KoreanPop/index.html,KoreanPop,185
/bbs/Salary/index.html,Salary,177
/bbs/biker/index.html,biker,173
/bbs/NBA_Film/index.html,NBA_Film,171
/bbs/PuzzleDragon/index.html,PuzzleDragon,168
/bbs/WOW/index.html,WOW,165
/bbs/MuscleBeach/index.html,MuscleBeach,164
/bbs/TWICE/index.html,TWICE,162
/bbs/GBF/index.html,GBF,159
/bbs/gay/index.html,gay,158
/bbs/China-Drama/index.html,China-Drama,157
/bbs/IZONE/index.html,IZONE,150
/bbs/Aviation/index.html,Aviation,147
/bbs/MayDay/index.html,MayDay,144
/bbs/Food/index.html,Food,144
/bbs/mobilesales/index.html,mobilesales,138
/bbs/cat/index.html,cat,137
/bbs/Palmar_Drama/index.html,Palmar_Drama,135
/bbs/Gamesale/index.html,Gamesale,134
/bbs/BTS/index.html,BTS,129
/bbs/GetMarry/index.html,GetMarry,129
/bbs/Soft_Job/index.html,Soft_Job,128
/bbs/cookclub/index.html,cookclub,127
/bbs/part-time/index.html,part-time,123
/bbs/lesbian/index.html,lesbian,119
/bbs/MH/index.html,MH,118
/bbs/Headphone/index.html,Headphone,116
/bbs/forsale/index.html,forsale,114
/bbs/TypeMoon/index.html,TypeMoon,108
/bbs/MacShop/index.html,MacShop,108
/bbs/DSLR/index.html,DSLR,107
/bbs/MLB/index.html,MLB,107
/bbs/tabletennis/index.html,tabletennis,107
/bbs/CarShop/index.html,CarShop,106
/bbs/AKB48/index.html,AKB48,105
/bbs/MobilePay/index.html,MobilePay,104
/bbs/Wanted/index.html,Wanted,104
/bbs/HelpBuy/index.html,HelpBuy,103
/bbs/Finance/index.html,Finance,102
/bbs/PublicServan/index.html,PublicServan,102
/bbs/Key_Mou_Pad/index.html,Key_Mou_Pad,102
/bbs/DMM_GAMES/index.html,DMM_GAMES,100
/bbs/watch/index.html,watch,100
/bbs/medstudent/index.html,medstudent,97
/bbs/Military/index.html,Military,94
/bbs/nb-shopping/index.html,nb-shopping,93
/bbs/fastfood/index.html,fastfood,92
/bbs/Moto_GP/index.html,Moto_GP,92
/bbs/FITNESS/index.html,FITNESS,92
/bbs/Nogizaka46/index.html,Nogizaka46,91
/bbs/Gov_owned/index.html,Gov_owned,89
/bbs/Mobile-game/index.html,Mobile-game,88
/bbs/IdolMaster/index.html,IdolMaster,87
/bbs/Drama-Ticket/index.html,Drama-Ticket,85
/bbs/StarCraft/index.html,StarCraft,85
/bbs/SuperJunior/index.html,SuperJunior,82
/bbs/E-appliance/index.html,E-appliance,82
/bbs/Brand/index.html,Brand,79
/bbs/Taoyuan/index.html,Taoyuan,79
/bbs/BabyProducts/index.html,BabyProducts,78
/bbs/give/index.html,give,76
