﻿/bbs/Gossiping/index.html,Gossiping,13096
/bbs/NBA/index.html,NBA,3463
/bbs/C_Chat/index.html,C_Chat,2981
/bbs/Baseball/index.html,Baseball,2200
/bbs/Stock/index.html,Stock,1853
/bbs/sex/index.html,sex,1793
/bbs/movie/index.html,movie,1667
/bbs/HatePolitics/index.html,HatePolitics,1427
/bbs/MobileComm/index.html,MobileComm,1133
/bbs/KR_Entertain/index.html,KR_Entertain,1033
/bbs/Lifeismoney/index.html,Lifeismoney,1000
/bbs/LoL/index.html,LoL,939
/bbs/Beauty/index.html,Beauty,932
/bbs/ToS/index.html,ToS,883
/bbs/Tech_Job/index.html,Tech_Job,866
/bbs/car/index.html,car,772
/bbs/Boy-Girl/index.html,Boy-Girl,771
/bbs/Tennis/index.html,Tennis,766
/bbs/WomenTalk/index.html,WomenTalk,688
/bbs/BabyMother/index.html,BabyMother,683
/bbs/marvel/index.html,marvel,660
/bbs/e-shopping/index.html,e-shopping,633
/bbs/joke/index.html,joke,628
/bbs/KoreaStar/index.html,KoreaStar,567
/bbs/PC_Shopping/index.html,PC_Shopping,563
/bbs/AllTogether/index.html,AllTogether,526
/bbs/Kaohsiung/index.html,Kaohsiung,491
/bbs/Tainan/index.html,Tainan,479
/bbs/FATE_GO/index.html,FATE_GO,478
/bbs/PlayStation/index.html,PlayStation,467
/bbs/Japan_Travel/index.html,Japan_Travel,449
/bbs/KoreaDrama/index.html,KoreaDrama,444
/bbs/marriage/index.html,marriage,439
/bbs/SportLottery/index.html,SportLottery,417
/bbs/creditcard/index.html,creditcard,409
/bbs/MakeUp/index.html,MakeUp,387
/bbs/Hearthstone/index.html,Hearthstone,383
/bbs/KanColle/index.html,KanColle,367
/bbs/Steam/index.html,Steam,366
/bbs/japanavgirls/index.html,japanavgirls,358
/bbs/PCReDive/index.html,PCReDive,342
/bbs/EAseries/index.html,EAseries,336
/bbs/ONE_PIECE/index.html,ONE_PIECE,336
/bbs/home-sale/index.html,home-sale,328
/bbs/CFantasy/index.html,CFantasy,315
/bbs/NSwitch/index.html,NSwitch,299
/bbs/TaichungBun/index.html,TaichungBun,281
/bbs/Elephants/index.html,Elephants,270
/bbs/StupidClown/index.html,StupidClown,260
/bbs/iOS/index.html,iOS,256
/bbs/Salary/index.html,Salary,249
/bbs/AC_In/index.html,AC_In,239
/bbs/BeautySalon/index.html,BeautySalon,235
/bbs/CVS/index.html,CVS,225
/bbs/NBA_Film/index.html,NBA_Film,222
/bbs/HardwareSale/index.html,HardwareSale,221
/bbs/YuanChuang/index.html,YuanChuang,207
/bbs/PuzzleDragon/index.html,PuzzleDragon,205
/bbs/PokemonGO/index.html,PokemonGO,201
/bbs/MuscleBeach/index.html,MuscleBeach,197
/bbs/BuyTogether/index.html,BuyTogether,190
/bbs/Japandrama/index.html,Japandrama,188
/bbs/TaiwanDrama/index.html,TaiwanDrama,185
/bbs/Hsinchu/index.html,Hsinchu,174
/bbs/Option/index.html,Option,165
/bbs/WOW/index.html,WOW,154
/bbs/MLB/index.html,MLB,154
/bbs/MayDay/index.html,MayDay,153
/bbs/biker/index.html,biker,152
/bbs/Aviation/index.html,Aviation,151
/bbs/basketballTW/index.html,basketballTW,148
/bbs/Palmar_Drama/index.html,Palmar_Drama,147
/bbs/lesbian/index.html,lesbian,146
/bbs/part-time/index.html,part-time,145
/bbs/Food/index.html,Food,144
/bbs/Soft_Job/index.html,Soft_Job,138
/bbs/Headphone/index.html,Headphone,135
/bbs/KoreanPop/index.html,KoreanPop,132
/bbs/TWICE/index.html,TWICE,132
/bbs/gay/index.html,gay,132
/bbs/China-Drama/index.html,China-Drama,129
/bbs/cat/index.html,cat,125
/bbs/Wanted/index.html,Wanted,120
/bbs/DSLR/index.html,DSLR,118
/bbs/SuperJunior/index.html,SuperJunior,117
/bbs/MobilePay/index.html,MobilePay,113
/bbs/Military/index.html,Military,113
/bbs/mobilesales/index.html,mobilesales,110
/bbs/BTS/index.html,BTS,109
/bbs/LGBT_SEX/index.html,LGBT_SEX,108
/bbs/Monkeys/index.html,Monkeys,108
/bbs/Gamesale/index.html,Gamesale,107
/bbs/GetMarry/index.html,GetMarry,105
/bbs/Examination/index.html,Examination,103
/bbs/feminine_sex/index.html,feminine_sex,102
/bbs/Finance/index.html,Finance,101
/bbs/studyteacher/index.html,studyteacher,99
/bbs/Guardians/index.html,Guardians,99
/bbs/watch/index.html,watch,99
/bbs/TW_Entertain/index.html,TW_Entertain,98
/bbs/cookclub/index.html,cookclub,94
/bbs/CarShop/index.html,CarShop,91
/bbs/Key_Mou_Pad/index.html,Key_Mou_Pad,90
/bbs/graduate/index.html,graduate,89
/bbs/job/index.html,job,89
/bbs/AKB48/index.html,AKB48,88
/bbs/FITNESS/index.html,FITNESS,88
/bbs/TypeMoon/index.html,TypeMoon,86
/bbs/forsale/index.html,forsale,86
/bbs/DMM_GAMES/index.html,DMM_GAMES,85
/bbs/FTV/index.html,FTV,84
/bbs/Mobile-game/index.html,Mobile-game,83
/bbs/nb-shopping/index.html,nb-shopping,82
/bbs/HelpBuy/index.html,HelpBuy,81
/bbs/GBF/index.html,GBF,81
/bbs/RealmOfValor/index.html,RealmOfValor,80
/bbs/MH/index.html,MH,79
/bbs/IZONE/index.html,IZONE,78
/bbs/Brand/index.html,Brand,78
/bbs/BB-Love/index.html,BB-Love,77
/bbs/IdolMaster/index.html,IdolMaster,74
/bbs/MacShop/index.html,MacShop,74
/bbs/SuperBike/index.html,SuperBike,74
/bbs/DC_SALE/index.html,DC_SALE,69
/bbs/PublicServan/index.html,PublicServan,68
/bbs/DIABLO/index.html,DIABLO,68
/bbs/medstudent/index.html,medstudent,67
/bbs/Gov_owned/index.html,Gov_owned,67
