﻿/bbs/Gossiping/index.html,Gossiping,14659
/bbs/NBA/index.html,NBA,3694
/bbs/C_Chat/index.html,C_Chat,2815
/bbs/Baseball/index.html,Baseball,2232
/bbs/Stock/index.html,Stock,1805
/bbs/HatePolitics/index.html,HatePolitics,1452
/bbs/sex/index.html,sex,1352
/bbs/movie/index.html,movie,1196
/bbs/MobileComm/index.html,MobileComm,1099
/bbs/Beauty/index.html,Beauty,938
/bbs/car/index.html,car,931
/bbs/Lifeismoney/index.html,Lifeismoney,898
/bbs/KR_Entertain/index.html,KR_Entertain,828
/bbs/Tech_Job/index.html,Tech_Job,769
/bbs/ToS/index.html,ToS,752
/bbs/LoL/index.html,LoL,739
/bbs/Boy-Girl/index.html,Boy-Girl,718
/bbs/BabyMother/index.html,BabyMother,676
/bbs/creditcard/index.html,creditcard,634
/bbs/WomenTalk/index.html,WomenTalk,618
/bbs/KoreaStar/index.html,KoreaStar,584
/bbs/PC_Shopping/index.html,PC_Shopping,571
/bbs/marvel/index.html,marvel,535
/bbs/e-shopping/index.html,e-shopping,503
/bbs/joke/index.html,joke,498
/bbs/Japan_Travel/index.html,Japan_Travel,486
/bbs/AllTogether/index.html,AllTogether,438
/bbs/PlayStation/index.html,PlayStation,412
/bbs/Tainan/index.html,Tainan,375
/bbs/Kaohsiung/index.html,Kaohsiung,346
/bbs/MakeUp/index.html,MakeUp,345
/bbs/Steam/index.html,Steam,345
/bbs/marriage/index.html,marriage,344
/bbs/japanavgirls/index.html,japanavgirls,335
/bbs/Tennis/index.html,Tennis,327
/bbs/KoreaDrama/index.html,KoreaDrama,324
/bbs/home-sale/index.html,home-sale,302
/bbs/KanColle/index.html,KanColle,293
/bbs/FATE_GO/index.html,FATE_GO,285
/bbs/Hearthstone/index.html,Hearthstone,283
/bbs/ONE_PIECE/index.html,ONE_PIECE,281
/bbs/SportLottery/index.html,SportLottery,279
/bbs/PokemonGO/index.html,PokemonGO,266
/bbs/iOS/index.html,iOS,262
/bbs/PCReDive/index.html,PCReDive,257
/bbs/TaichungBun/index.html,TaichungBun,247
/bbs/Salary/index.html,Salary,223
/bbs/StupidClown/index.html,StupidClown,222
/bbs/NSwitch/index.html,NSwitch,219
/bbs/BeautySalon/index.html,BeautySalon,213
/bbs/CFantasy/index.html,CFantasy,212
/bbs/EAseries/index.html,EAseries,211
/bbs/Elephants/index.html,Elephants,203
/bbs/AC_In/index.html,AC_In,200
/bbs/NBA_Film/index.html,NBA_Film,193
/bbs/HardwareSale/index.html,HardwareSale,180
/bbs/BuyTogether/index.html,BuyTogether,175
/bbs/CVS/index.html,CVS,175
/bbs/Japandrama/index.html,Japandrama,169
/bbs/MuscleBeach/index.html,MuscleBeach,158
/bbs/MobilePay/index.html,MobilePay,152
/bbs/Hsinchu/index.html,Hsinchu,152
/bbs/WOW/index.html,WOW,151
/bbs/PuzzleDragon/index.html,PuzzleDragon,144
/bbs/basketballTW/index.html,basketballTW,143
/bbs/biker/index.html,biker,136
/bbs/Soft_Job/index.html,Soft_Job,135
/bbs/Food/index.html,Food,135
/bbs/YuanChuang/index.html,YuanChuang,133
/bbs/Aviation/index.html,Aviation,133
/bbs/mobilesales/index.html,mobilesales,126
/bbs/MLB/index.html,MLB,123
/bbs/Gamesale/index.html,Gamesale,122
/bbs/Palmar_Drama/index.html,Palmar_Drama,122
/bbs/China-Drama/index.html,China-Drama,116
/bbs/Headphone/index.html,Headphone,110
/bbs/cat/index.html,cat,110
/bbs/Examination/index.html,Examination,110
/bbs/TWICE/index.html,TWICE,109
/bbs/MayDay/index.html,MayDay,109
/bbs/GetMarry/index.html,GetMarry,108
/bbs/studyteacher/index.html,studyteacher,107
/bbs/part-time/index.html,part-time,107
/bbs/DSLR/index.html,DSLR,102
/bbs/TaiwanDrama/index.html,TaiwanDrama,102
/bbs/forsale/index.html,forsale,99
/bbs/CarShop/index.html,CarShop,97
/bbs/gay/index.html,gay,97
/bbs/Monkeys/index.html,Monkeys,95
/bbs/Military/index.html,Military,95
/bbs/KoreanPop/index.html,KoreanPop,92
/bbs/IZONE/index.html,IZONE,89
/bbs/NY-Yankees/index.html,NY-Yankees,89
/bbs/FITNESS/index.html,FITNESS,88
/bbs/Finance/index.html,Finance,87
/bbs/medstudent/index.html,medstudent,86
/bbs/GBF/index.html,GBF,86
/bbs/tabletennis/index.html,tabletennis,85
/bbs/lesbian/index.html,lesbian,84
/bbs/Wanted/index.html,Wanted,83
/bbs/feminine_sex/index.html,feminine_sex,83
/bbs/DMM_GAMES/index.html,DMM_GAMES,83
/bbs/Gov_owned/index.html,Gov_owned,81
/bbs/Mobile-game/index.html,Mobile-game,80
/bbs/TypeMoon/index.html,TypeMoon,77
/bbs/graduate/index.html,graduate,77
/bbs/RealmOfValor/index.html,RealmOfValor,77
/bbs/job/index.html,job,77
/bbs/watch/index.html,watch,76
/bbs/MacShop/index.html,MacShop,75
/bbs/Key_Mou_Pad/index.html,Key_Mou_Pad,74
/bbs/BTS/index.html,BTS,74
/bbs/PublicServan/index.html,PublicServan,72
/bbs/HelpBuy/index.html,HelpBuy,71
/bbs/give/index.html,give,68
/bbs/SuperJunior/index.html,SuperJunior,68
/bbs/nb-shopping/index.html,nb-shopping,65
/bbs/Bank_Service/index.html,Bank_Service,65
/bbs/TW_Entertain/index.html,TW_Entertain,65
/bbs/hypermall/index.html,hypermall,64
/bbs/LGBT_SEX/index.html,LGBT_SEX,63
/bbs/cookclub/index.html,cookclub,63
/bbs/BabyProducts/index.html,BabyProducts,62
/bbs/Guardians/index.html,Guardians,62
/bbs/IdolMaster/index.html,IdolMaster,61
/bbs/PathofExile/index.html,PathofExile,61
/bbs/Drama-Ticket/index.html,Drama-Ticket,60
/bbs/Taoyuan/index.html,Taoyuan,60
