﻿/bbs/Gossiping/index.html,Gossiping,7832
/bbs/NBA/index.html,NBA,1924
/bbs/C_Chat/index.html,C_Chat,1658
/bbs/Baseball/index.html,Baseball,1217
/bbs/Stock/index.html,Stock,1160
/bbs/sex/index.html,sex,1051
/bbs/HatePolitics/index.html,HatePolitics,852
/bbs/movie/index.html,movie,782
/bbs/MobileComm/index.html,MobileComm,649
/bbs/Beauty/index.html,Beauty,566
/bbs/LoL/index.html,LoL,503
/bbs/car/index.html,car,486
/bbs/Tech_Job/index.html,Tech_Job,479
/bbs/Lifeismoney/index.html,Lifeismoney,465
/bbs/Boy-Girl/index.html,Boy-Girl,461
/bbs/ToS/index.html,ToS,435
/bbs/BabyMother/index.html,BabyMother,385
/bbs/PC_Shopping/index.html,PC_Shopping,365
/bbs/marvel/index.html,marvel,362
/bbs/KR_Entertain/index.html,KR_Entertain,352
/bbs/WomenTalk/index.html,WomenTalk,350
/bbs/joke/index.html,joke,330
/bbs/PlayStation/index.html,PlayStation,284
/bbs/Tennis/index.html,Tennis,259
/bbs/e-shopping/index.html,e-shopping,251
/bbs/AllTogether/index.html,AllTogether,249
/bbs/marriage/index.html,marriage,248
/bbs/Kaohsiung/index.html,Kaohsiung,236
/bbs/FATE_GO/index.html,FATE_GO,235
/bbs/Tainan/index.html,Tainan,232
/bbs/creditcard/index.html,creditcard,231
/bbs/Japan_Travel/index.html,Japan_Travel,230
/bbs/japanavgirls/index.html,japanavgirls,217
/bbs/Steam/index.html,Steam,217
/bbs/KanColle/index.html,KanColle,200
/bbs/KoreaStar/index.html,KoreaStar,198
/bbs/ONE_PIECE/index.html,ONE_PIECE,193
/bbs/EAseries/index.html,EAseries,184
/bbs/CFantasy/index.html,CFantasy,178
/bbs/Hearthstone/index.html,Hearthstone,172
/bbs/SportLottery/index.html,SportLottery,171
/bbs/PCReDive/index.html,PCReDive,165
/bbs/NSwitch/index.html,NSwitch,152
/bbs/home-sale/index.html,home-sale,152
/bbs/KoreaDrama/index.html,KoreaDrama,152
/bbs/TaichungBun/index.html,TaichungBun,150
/bbs/iOS/index.html,iOS,147
/bbs/PokemonGO/index.html,PokemonGO,142
/bbs/MakeUp/index.html,MakeUp,133
/bbs/Elephants/index.html,Elephants,130
/bbs/StupidClown/index.html,StupidClown,128
/bbs/HardwareSale/index.html,HardwareSale,126
/bbs/NBA_Film/index.html,NBA_Film,124
/bbs/CVS/index.html,CVS,122
/bbs/Salary/index.html,Salary,121
/bbs/AC_In/index.html,AC_In,119
/bbs/WOW/index.html,WOW,112
/bbs/BeautySalon/index.html,BeautySalon,111
/bbs/PuzzleDragon/index.html,PuzzleDragon,101
/bbs/BuyTogether/index.html,BuyTogether,96
/bbs/Japandrama/index.html,Japandrama,95
/bbs/MuscleBeach/index.html,MuscleBeach,93
/bbs/YuanChuang/index.html,YuanChuang,92
/bbs/Palmar_Drama/index.html,Palmar_Drama,92
/bbs/studyteacher/index.html,studyteacher,91
/bbs/biker/index.html,biker,91
/bbs/basketballTW/index.html,basketballTW,87
/bbs/Aviation/index.html,Aviation,83
/bbs/MLB/index.html,MLB,83
/bbs/TaiwanDrama/index.html,TaiwanDrama,81
/bbs/Hsinchu/index.html,Hsinchu,79
/bbs/gay/index.html,gay,77
/bbs/Food/index.html,Food,77
/bbs/Option/index.html,Option,75
/bbs/Military/index.html,Military,75
/bbs/Headphone/index.html,Headphone,73
/bbs/China-Drama/index.html,China-Drama,71
/bbs/Soft_Job/index.html,Soft_Job,70
/bbs/DSLR/index.html,DSLR,68
/bbs/part-time/index.html,part-time,67
/bbs/Gamesale/index.html,Gamesale,66
/bbs/cat/index.html,cat,63
/bbs/Wanted/index.html,Wanted,61
/bbs/TWICE/index.html,TWICE,61
/bbs/mobilesales/index.html,mobilesales,59
/bbs/Examination/index.html,Examination,59
/bbs/MobilePay/index.html,MobilePay,58
/bbs/PublicServan/index.html,PublicServan,56
/bbs/forsale/index.html,forsale,56
/bbs/KoreanPop/index.html,KoreanPop,55
/bbs/CarShop/index.html,CarShop,54
/bbs/feminine_sex/index.html,feminine_sex,53
/bbs/LGBT_SEX/index.html,LGBT_SEX,52
/bbs/AKB48/index.html,AKB48,51
/bbs/cookclub/index.html,cookclub,49
/bbs/Mobile-game/index.html,Mobile-game,48
/bbs/TypeMoon/index.html,TypeMoon,48
/bbs/DMM_GAMES/index.html,DMM_GAMES,48
/bbs/Monkeys/index.html,Monkeys,47
/bbs/Gov_owned/index.html,Gov_owned,47
/bbs/GetMarry/index.html,GetMarry,47
/bbs/GBF/index.html,GBF,47
/bbs/watch/index.html,watch,47
/bbs/HelpBuy/index.html,HelpBuy,46
/bbs/medstudent/index.html,medstudent,46
/bbs/FITNESS/index.html,FITNESS,46
/bbs/MayDay/index.html,MayDay,45
/bbs/TW_Entertain/index.html,TW_Entertain,45
/bbs/Key_Mou_Pad/index.html,Key_Mou_Pad,44
/bbs/hypermall/index.html,hypermall,44
/bbs/lesbian/index.html,lesbian,43
/bbs/ClashRoyale/index.html,ClashRoyale,42
/bbs/DIABLO/index.html,DIABLO,42
/bbs/Guardians/index.html,Guardians,42
/bbs/MH/index.html,MH,41
/bbs/BTS/index.html,BTS,41
/bbs/graduate/index.html,graduate,40
/bbs/points/index.html,points,38
/bbs/MacShop/index.html,MacShop,38
/bbs/IdolMaster/index.html,IdolMaster,37
/bbs/nb-shopping/index.html,nb-shopping,36
/bbs/Chiayi/index.html,Chiayi,36
/bbs/Bank_Service/index.html,Bank_Service,35
/bbs/Lions/index.html,Lions,35
/bbs/SuperJunior/index.html,SuperJunior,33
/bbs/Nogizaka46/index.html,Nogizaka46,33
/bbs/ChungLi/index.html,ChungLi,32
/bbs/fastfood/index.html,fastfood,32
