﻿/bbs/Gossiping/index.html,Gossiping,14937
/bbs/NBA/index.html,NBA,3670
/bbs/C_Chat/index.html,C_Chat,2868
/bbs/Baseball/index.html,Baseball,2284
/bbs/Stock/index.html,Stock,1799
/bbs/HatePolitics/index.html,HatePolitics,1556
/bbs/sex/index.html,sex,1319
/bbs/movie/index.html,movie,1232
/bbs/MobileComm/index.html,MobileComm,1146
/bbs/Beauty/index.html,Beauty,981
/bbs/Lifeismoney/index.html,Lifeismoney,957
/bbs/car/index.html,car,909
/bbs/KR_Entertain/index.html,KR_Entertain,843
/bbs/LoL/index.html,LoL,777
/bbs/Tech_Job/index.html,Tech_Job,776
/bbs/ToS/index.html,ToS,767
/bbs/Boy-Girl/index.html,Boy-Girl,721
/bbs/BabyMother/index.html,BabyMother,690
/bbs/WomenTalk/index.html,WomenTalk,632
/bbs/KoreaStar/index.html,KoreaStar,605
/bbs/creditcard/index.html,creditcard,581
/bbs/marvel/index.html,marvel,561
/bbs/PC_Shopping/index.html,PC_Shopping,554
/bbs/e-shopping/index.html,e-shopping,509
/bbs/joke/index.html,joke,466
/bbs/Japan_Travel/index.html,Japan_Travel,443
/bbs/AllTogether/index.html,AllTogether,428
/bbs/PlayStation/index.html,PlayStation,399
/bbs/Tainan/index.html,Tainan,359
/bbs/MakeUp/index.html,MakeUp,354
/bbs/Kaohsiung/index.html,Kaohsiung,348
/bbs/Steam/index.html,Steam,338
/bbs/Tennis/index.html,Tennis,332
/bbs/KoreaDrama/index.html,KoreaDrama,329
/bbs/marriage/index.html,marriage,326
/bbs/japanavgirls/index.html,japanavgirls,320
/bbs/SportLottery/index.html,SportLottery,314
/bbs/home-sale/index.html,home-sale,303
/bbs/Hearthstone/index.html,Hearthstone,302
/bbs/FATE_GO/index.html,FATE_GO,286
/bbs/iOS/index.html,iOS,280
/bbs/KanColle/index.html,KanColle,273
/bbs/ONE_PIECE/index.html,ONE_PIECE,270
/bbs/PokemonGO/index.html,PokemonGO,268
/bbs/PCReDive/index.html,PCReDive,251
/bbs/TaichungBun/index.html,TaichungBun,246
/bbs/NSwitch/index.html,NSwitch,244
/bbs/EAseries/index.html,EAseries,242
/bbs/Elephants/index.html,Elephants,215
/bbs/StupidClown/index.html,StupidClown,215
/bbs/CFantasy/index.html,CFantasy,208
/bbs/BeautySalon/index.html,BeautySalon,205
/bbs/AC_In/index.html,AC_In,200
/bbs/NBA_Film/index.html,NBA_Film,192
/bbs/Salary/index.html,Salary,191
/bbs/BuyTogether/index.html,BuyTogether,188
/bbs/HardwareSale/index.html,HardwareSale,177
/bbs/CVS/index.html,CVS,173
/bbs/Japandrama/index.html,Japandrama,166
/bbs/MobilePay/index.html,MobilePay,165
/bbs/WOW/index.html,WOW,164
/bbs/Soft_Job/index.html,Soft_Job,149
/bbs/MuscleBeach/index.html,MuscleBeach,149
/bbs/PuzzleDragon/index.html,PuzzleDragon,148
/bbs/basketballTW/index.html,basketballTW,147
/bbs/Hsinchu/index.html,Hsinchu,142
/bbs/Aviation/index.html,Aviation,142
/bbs/Food/index.html,Food,141
/bbs/biker/index.html,biker,140
/bbs/YuanChuang/index.html,YuanChuang,136
/bbs/Examination/index.html,Examination,133
/bbs/mobilesales/index.html,mobilesales,132
/bbs/GBF/index.html,GBF,131
/bbs/MLB/index.html,MLB,126
/bbs/TaiwanDrama/index.html,TaiwanDrama,125
/bbs/Palmar_Drama/index.html,Palmar_Drama,123
/bbs/KoreanPop/index.html,KoreanPop,117
/bbs/cat/index.html,cat,117
/bbs/Gamesale/index.html,Gamesale,113
/bbs/part-time/index.html,part-time,113
/bbs/China-Drama/index.html,China-Drama,112
/bbs/GetMarry/index.html,GetMarry,112
/bbs/MayDay/index.html,MayDay,110
/bbs/gay/index.html,gay,104
/bbs/TWICE/index.html,TWICE,102
/bbs/medstudent/index.html,medstudent,99
/bbs/Finance/index.html,Finance,98
/bbs/studyteacher/index.html,studyteacher,97
/bbs/forsale/index.html,forsale,97
/bbs/Headphone/index.html,Headphone,96
/bbs/Military/index.html,Military,95
/bbs/DMM_GAMES/index.html,DMM_GAMES,90
/bbs/lesbian/index.html,lesbian,90
/bbs/DSLR/index.html,DSLR,89
/bbs/Monkeys/index.html,Monkeys,89
/bbs/IZONE/index.html,IZONE,88
/bbs/Wanted/index.html,Wanted,88
/bbs/Gov_owned/index.html,Gov_owned,87
/bbs/CarShop/index.html,CarShop,85
/bbs/PublicServan/index.html,PublicServan,84
/bbs/BTS/index.html,BTS,82
/bbs/NY-Yankees/index.html,NY-Yankees,81
/bbs/MacShop/index.html,MacShop,79
/bbs/tabletennis/index.html,tabletennis,79
/bbs/Key_Mou_Pad/index.html,Key_Mou_Pad,78
/bbs/Mobile-game/index.html,Mobile-game,76
/bbs/watch/index.html,watch,76
/bbs/RealmOfValor/index.html,RealmOfValor,74
/bbs/job/index.html,job,74
/bbs/TypeMoon/index.html,TypeMoon,73
/bbs/feminine_sex/index.html,feminine_sex,73
/bbs/FITNESS/index.html,FITNESS,73
/bbs/graduate/index.html,graduate,72
/bbs/HelpBuy/index.html,HelpBuy,71
/bbs/LGBT_SEX/index.html,LGBT_SEX,71
/bbs/hypermall/index.html,hypermall,71
/bbs/BabyProducts/index.html,BabyProducts,70
/bbs/give/index.html,give,70
/bbs/MH/index.html,MH,67
/bbs/fastfood/index.html,fastfood,67
/bbs/TW_Entertain/index.html,TW_Entertain,66
/bbs/cookclub/index.html,cookclub,65
/bbs/Zastrology/index.html,Zastrology,65
/bbs/DIABLO/index.html,DIABLO,63
/bbs/nb-shopping/index.html,nb-shopping,62
/bbs/SuperJunior/index.html,SuperJunior,62
/bbs/Drama-Ticket/index.html,Drama-Ticket,61
/bbs/IdolMaster/index.html,IdolMaster,60
