﻿/bbs/Gossiping/index.html,Gossiping,16659
/bbs/NBA/index.html,NBA,4001
/bbs/Baseball/index.html,Baseball,3336
/bbs/C_Chat/index.html,C_Chat,3131
/bbs/HatePolitics/index.html,HatePolitics,2077
/bbs/Stock/index.html,Stock,1637
/bbs/movie/index.html,movie,1393
/bbs/MobileComm/index.html,MobileComm,1215
/bbs/sex/index.html,sex,1069
/bbs/Lifeismoney/index.html,Lifeismoney,1001
/bbs/car/index.html,car,936
/bbs/KR_Entertain/index.html,KR_Entertain,928
/bbs/LoL/index.html,LoL,900
/bbs/Beauty/index.html,Beauty,818
/bbs/WomenTalk/index.html,WomenTalk,809
/bbs/Tech_Job/index.html,Tech_Job,769
/bbs/ToS/index.html,ToS,741
/bbs/Boy-Girl/index.html,Boy-Girl,670
/bbs/BabyMother/index.html,BabyMother,607
/bbs/KoreaStar/index.html,KoreaStar,578
/bbs/marvel/index.html,marvel,560
/bbs/PC_Shopping/index.html,PC_Shopping,539
/bbs/e-shopping/index.html,e-shopping,508
/bbs/joke/index.html,joke,506
/bbs/creditcard/index.html,creditcard,474
/bbs/Japan_Travel/index.html,Japan_Travel,434
/bbs/marriage/index.html,marriage,427
/bbs/PlayStation/index.html,PlayStation,418
/bbs/SportLottery/index.html,SportLottery,408
/bbs/AllTogether/index.html,AllTogether,405
/bbs/StupidClown/index.html,StupidClown,369
/bbs/Steam/index.html,Steam,363
/bbs/Tainan/index.html,Tainan,361
/bbs/Kaohsiung/index.html,Kaohsiung,361
/bbs/KoreaDrama/index.html,KoreaDrama,359
/bbs/MakeUp/index.html,MakeUp,342
/bbs/japanavgirls/index.html,japanavgirls,331
/bbs/KanColle/index.html,KanColle,309
/bbs/Hearthstone/index.html,Hearthstone,297
/bbs/EAseries/index.html,EAseries,290
/bbs/FATE_GO/index.html,FATE_GO,284
/bbs/Tennis/index.html,Tennis,284
/bbs/PokemonGO/index.html,PokemonGO,274
/bbs/CFantasy/index.html,CFantasy,273
/bbs/TaichungBun/index.html,TaichungBun,269
/bbs/ONE_PIECE/index.html,ONE_PIECE,268
/bbs/NSwitch/index.html,NSwitch,256
/bbs/home-sale/index.html,home-sale,249
/bbs/PCReDive/index.html,PCReDive,247
/bbs/iOS/index.html,iOS,238
/bbs/BeautySalon/index.html,BeautySalon,212
/bbs/HardwareSale/index.html,HardwareSale,208
/bbs/basketballTW/index.html,basketballTW,196
/bbs/Elephants/index.html,Elephants,186
/bbs/CVS/index.html,CVS,184
/bbs/Japandrama/index.html,Japandrama,183
/bbs/AC_In/index.html,AC_In,182
/bbs/MuscleBeach/index.html,MuscleBeach,182
/bbs/Salary/index.html,Salary,175
/bbs/BuyTogether/index.html,BuyTogether,172
/bbs/Drama-Ticket/index.html,Drama-Ticket,171
/bbs/NBA_Film/index.html,NBA_Film,167
/bbs/WOW/index.html,WOW,159
/bbs/PuzzleDragon/index.html,PuzzleDragon,155
/bbs/Hsinchu/index.html,Hsinchu,155
/bbs/Examination/index.html,Examination,146
/bbs/YuanChuang/index.html,YuanChuang,145
/bbs/biker/index.html,biker,143
/bbs/Soft_Job/index.html,Soft_Job,141
/bbs/studyteacher/index.html,studyteacher,136
/bbs/Palmar_Drama/index.html,Palmar_Drama,136
/bbs/Food/index.html,Food,136
/bbs/GBF/index.html,GBF,133
/bbs/MobilePay/index.html,MobilePay,131
/bbs/Headphone/index.html,Headphone,129
/bbs/mobilesales/index.html,mobilesales,127
/bbs/cat/index.html,cat,127
/bbs/KoreanPop/index.html,KoreanPop,124
/bbs/MLB/index.html,MLB,123
/bbs/China-Drama/index.html,China-Drama,118
/bbs/part-time/index.html,part-time,118
/bbs/Gamesale/index.html,Gamesale,117
/bbs/StarCraft/index.html,StarCraft,114
/bbs/TaiwanDrama/index.html,TaiwanDrama,113
/bbs/TWICE/index.html,TWICE,111
/bbs/MayDay/index.html,MayDay,111
/bbs/Aviation/index.html,Aviation,110
/bbs/Monkeys/index.html,Monkeys,109
/bbs/CarShop/index.html,CarShop,107
/bbs/DSLR/index.html,DSLR,106
/bbs/DMM_GAMES/index.html,DMM_GAMES,102
/bbs/TW_Entertain/index.html,TW_Entertain,102
/bbs/Finance/index.html,Finance,101
/bbs/forsale/index.html,forsale,100
/bbs/GetMarry/index.html,GetMarry,98
/bbs/BTS/index.html,BTS,97
/bbs/gay/index.html,gay,93
/bbs/lesbian/index.html,lesbian,90
/bbs/tabletennis/index.html,tabletennis,87
/bbs/fastfood/index.html,fastfood,86
/bbs/IZONE/index.html,IZONE,83
/bbs/Military/index.html,Military,82
/bbs/medstudent/index.html,medstudent,81
/bbs/Gov_owned/index.html,Gov_owned,80
/bbs/PathofExile/index.html,PathofExile,79
/bbs/Guardians/index.html,Guardians,78
/bbs/graduate/index.html,graduate,77
/bbs/PublicServan/index.html,PublicServan,76
/bbs/give/index.html,give,75
/bbs/watch/index.html,watch,75
/bbs/FITNESS/index.html,FITNESS,74
/bbs/Mobile-game/index.html,Mobile-game,73
/bbs/nb-shopping/index.html,nb-shopping,73
/bbs/HelpBuy/index.html,HelpBuy,73
/bbs/Taoyuan/index.html,Taoyuan,72
/bbs/SuperJunior/index.html,SuperJunior,71
/bbs/MH/index.html,MH,70
/bbs/LGBT_SEX/index.html,LGBT_SEX,70
/bbs/MacShop/index.html,MacShop,69
/bbs/cookclub/index.html,cookclub,69
/bbs/DIABLO/index.html,DIABLO,68
/bbs/feminine_sex/index.html,feminine_sex,67
/bbs/Brand/index.html,Brand,66
/bbs/RealmOfValor/index.html,RealmOfValor,66
/bbs/Key_Mou_Pad/index.html,Key_Mou_Pad,65
/bbs/Wanted/index.html,Wanted,65
/bbs/Option/index.html,Option,65
/bbs/Badminton/index.html,Badminton,65
