﻿/bbs/Gossiping/index.html,Gossiping,18585
/bbs/Baseball/index.html,Baseball,4665
/bbs/HatePolitics/index.html,HatePolitics,3141
/bbs/C_Chat/index.html,C_Chat,3028
/bbs/NBA/index.html,NBA,2946
/bbs/movie/index.html,movie,1695
/bbs/Stock/index.html,Stock,1457
/bbs/LoL/index.html,LoL,1360
/bbs/Elephants/index.html,Elephants,1270
/bbs/Lifeismoney/index.html,Lifeismoney,1217
/bbs/MobileComm/index.html,MobileComm,1183
/bbs/KR_Entertain/index.html,KR_Entertain,909
/bbs/sex/index.html,sex,885
/bbs/car/index.html,car,836
/bbs/ToS/index.html,ToS,781
/bbs/WomenTalk/index.html,WomenTalk,720
/bbs/Tech_Job/index.html,Tech_Job,683
/bbs/joke/index.html,joke,681
/bbs/Beauty/index.html,Beauty,659
/bbs/Boy-Girl/index.html,Boy-Girl,643
/bbs/KoreaStar/index.html,KoreaStar,600
/bbs/BabyMother/index.html,BabyMother,594
/bbs/PC_Shopping/index.html,PC_Shopping,588
/bbs/Tennis/index.html,Tennis,582
/bbs/e-shopping/index.html,e-shopping,538
/bbs/Hearthstone/index.html,Hearthstone,508
/bbs/Guardians/index.html,Guardians,507
/bbs/marvel/index.html,marvel,506
/bbs/Monkeys/index.html,Monkeys,504
/bbs/Japan_Travel/index.html,Japan_Travel,492
/bbs/Kaohsiung/index.html,Kaohsiung,483
/bbs/StupidClown/index.html,StupidClown,467
/bbs/KoreaDrama/index.html,KoreaDrama,453
/bbs/marriage/index.html,marriage,404
/bbs/PlayStation/index.html,PlayStation,401
/bbs/Steam/index.html,Steam,393
/bbs/AllTogether/index.html,AllTogether,391
/bbs/MakeUp/index.html,MakeUp,381
/bbs/creditcard/index.html,creditcard,375
/bbs/Lions/index.html,Lions,366
/bbs/KanColle/index.html,KanColle,362
/bbs/Tainan/index.html,Tainan,339
/bbs/home-sale/index.html,home-sale,328
/bbs/SportLottery/index.html,SportLottery,323
/bbs/NSwitch/index.html,NSwitch,274
/bbs/TaichungBun/index.html,TaichungBun,263
/bbs/CFantasy/index.html,CFantasy,260
/bbs/japanavgirls/index.html,japanavgirls,260
/bbs/EAseries/index.html,EAseries,258
/bbs/BeautySalon/index.html,BeautySalon,246
/bbs/iOS/index.html,iOS,244
/bbs/PCReDive/index.html,PCReDive,243
/bbs/FATE_GO/index.html,FATE_GO,233
/bbs/ONE_PIECE/index.html,ONE_PIECE,231
/bbs/Japandrama/index.html,Japandrama,229
/bbs/BuyTogether/index.html,BuyTogether,214
/bbs/studyteacher/index.html,studyteacher,213
/bbs/CVS/index.html,CVS,209
/bbs/HardwareSale/index.html,HardwareSale,204
/bbs/PokemonGO/index.html,PokemonGO,204
/bbs/basketballTW/index.html,basketballTW,191
/bbs/KoreanPop/index.html,KoreanPop,190
/bbs/Hsinchu/index.html,Hsinchu,184
/bbs/AC_In/index.html,AC_In,181
/bbs/Examination/index.html,Examination,175
/bbs/Salary/index.html,Salary,172
/bbs/YuanChuang/index.html,YuanChuang,169
/bbs/PuzzleDragon/index.html,PuzzleDragon,162
/bbs/NBA_Film/index.html,NBA_Film,161
/bbs/Food/index.html,Food,154
/bbs/WOW/index.html,WOW,153
/bbs/biker/index.html,biker,150
/bbs/TWICE/index.html,TWICE,148
/bbs/mobilesales/index.html,mobilesales,146
/bbs/Aviation/index.html,Aviation,145
/bbs/MuscleBeach/index.html,MuscleBeach,144
/bbs/Palmar_Drama/index.html,Palmar_Drama,143
/bbs/China-Drama/index.html,China-Drama,138
/bbs/GBF/index.html,GBF,137
/bbs/IZONE/index.html,IZONE,136
/bbs/MH/index.html,MH,133
/bbs/cat/index.html,cat,133
/bbs/Gamesale/index.html,Gamesale,131
/bbs/MayDay/index.html,MayDay,131
/bbs/Soft_Job/index.html,Soft_Job,126
/bbs/Headphone/index.html,Headphone,125
/bbs/TaiwanDrama/index.html,TaiwanDrama,117
/bbs/MLB/index.html,MLB,116
/bbs/Finance/index.html,Finance,113
/bbs/forsale/index.html,forsale,112
/bbs/GetMarry/index.html,GetMarry,107
/bbs/part-time/index.html,part-time,107
/bbs/TypeMoon/index.html,TypeMoon,104
/bbs/MobilePay/index.html,MobilePay,104
/bbs/Key_Mou_Pad/index.html,Key_Mou_Pad,103
/bbs/tabletennis/index.html,tabletennis,102
/bbs/BTS/index.html,BTS,101
/bbs/PublicServan/index.html,PublicServan,100
/bbs/DSLR/index.html,DSLR,99
/bbs/Wanted/index.html,Wanted,98
/bbs/gay/index.html,gay,98
/bbs/TW_Entertain/index.html,TW_Entertain,97
/bbs/cookclub/index.html,cookclub,95
/bbs/AKB48/index.html,AKB48,93
/bbs/DMM_GAMES/index.html,DMM_GAMES,93
/bbs/Nogizaka46/index.html,Nogizaka46,92
/bbs/watch/index.html,watch,89
/bbs/fastfood/index.html,fastfood,88
/bbs/medstudent/index.html,medstudent,87
/bbs/HelpBuy/index.html,HelpBuy,85
/bbs/Mobile-game/index.html,Mobile-game,84
/bbs/MacShop/index.html,MacShop,84
/bbs/Military/index.html,Military,84
/bbs/Gov_owned/index.html,Gov_owned,82
/bbs/StarCraft/index.html,StarCraft,82
/bbs/hypermall/index.html,hypermall,80
/bbs/CarShop/index.html,CarShop,79
/bbs/give/index.html,give,77
/bbs/graduate/index.html,graduate,77
/bbs/lesbian/index.html,lesbian,77
/bbs/EXO/index.html,EXO,73
/bbs/Brand/index.html,Brand,72
/bbs/Drama-Ticket/index.html,Drama-Ticket,72
/bbs/Taoyuan/index.html,Taoyuan,72
/bbs/SuperBike/index.html,SuperBike,71
/bbs/DC_SALE/index.html,DC_SALE,69
/bbs/nb-shopping/index.html,nb-shopping,67
/bbs/IdolMaster/index.html,IdolMaster,67
