﻿/bbs/Gossiping/index.html,Gossiping,8832
/bbs/NBA/index.html,NBA,2119
/bbs/C_Chat/index.html,C_Chat,1806
/bbs/Baseball/index.html,Baseball,1346
/bbs/Stock/index.html,Stock,1311
/bbs/sex/index.html,sex,1166
/bbs/HatePolitics/index.html,HatePolitics,987
/bbs/movie/index.html,movie,814
/bbs/MobileComm/index.html,MobileComm,709
/bbs/Beauty/index.html,Beauty,637
/bbs/car/index.html,car,558
/bbs/LoL/index.html,LoL,545
/bbs/Tech_Job/index.html,Tech_Job,520
/bbs/Lifeismoney/index.html,Lifeismoney,508
/bbs/Boy-Girl/index.html,Boy-Girl,493
/bbs/BabyMother/index.html,BabyMother,489
/bbs/ToS/index.html,ToS,462
/bbs/KR_Entertain/index.html,KR_Entertain,397
/bbs/PC_Shopping/index.html,PC_Shopping,390
/bbs/marvel/index.html,marvel,388
/bbs/WomenTalk/index.html,WomenTalk,379
/bbs/joke/index.html,joke,340
/bbs/AllTogether/index.html,AllTogether,304
/bbs/e-shopping/index.html,e-shopping,290
/bbs/PlayStation/index.html,PlayStation,287
/bbs/Japan_Travel/index.html,Japan_Travel,284
/bbs/Tennis/index.html,Tennis,284
/bbs/KoreaStar/index.html,KoreaStar,283
/bbs/marriage/index.html,marriage,269
/bbs/creditcard/index.html,creditcard,267
/bbs/Kaohsiung/index.html,Kaohsiung,263
/bbs/japanavgirls/index.html,japanavgirls,245
/bbs/Steam/index.html,Steam,237
/bbs/Tainan/index.html,Tainan,231
/bbs/FATE_GO/index.html,FATE_GO,229
/bbs/ONE_PIECE/index.html,ONE_PIECE,217
/bbs/Hearthstone/index.html,Hearthstone,192
/bbs/SportLottery/index.html,SportLottery,192
/bbs/KanColle/index.html,KanColle,191
/bbs/KoreaDrama/index.html,KoreaDrama,182
/bbs/NSwitch/index.html,NSwitch,179
/bbs/CFantasy/index.html,CFantasy,179
/bbs/EAseries/index.html,EAseries,176
/bbs/PCReDive/index.html,PCReDive,175
/bbs/PokemonGO/index.html,PokemonGO,169
/bbs/TaichungBun/index.html,TaichungBun,167
/bbs/home-sale/index.html,home-sale,165
/bbs/MakeUp/index.html,MakeUp,154
/bbs/StupidClown/index.html,StupidClown,153
/bbs/iOS/index.html,iOS,150
/bbs/AC_In/index.html,AC_In,149
/bbs/Salary/index.html,Salary,146
/bbs/CVS/index.html,CVS,135
/bbs/Elephants/index.html,Elephants,131
/bbs/NBA_Film/index.html,NBA_Film,127
/bbs/PuzzleDragon/index.html,PuzzleDragon,123
/bbs/WOW/index.html,WOW,122
/bbs/BuyTogether/index.html,BuyTogether,120
/bbs/BeautySalon/index.html,BeautySalon,120
/bbs/HardwareSale/index.html,HardwareSale,118
/bbs/MLB/index.html,MLB,102
/bbs/biker/index.html,biker,98
/bbs/Aviation/index.html,Aviation,95
/bbs/MuscleBeach/index.html,MuscleBeach,94
/bbs/YuanChuang/index.html,YuanChuang,93
/bbs/Japandrama/index.html,Japandrama,93
/bbs/studyteacher/index.html,studyteacher,91
/bbs/Hsinchu/index.html,Hsinchu,90
/bbs/basketballTW/index.html,basketballTW,90
/bbs/Palmar_Drama/index.html,Palmar_Drama,89
/bbs/Option/index.html,Option,84
/bbs/gay/index.html,gay,79
/bbs/Soft_Job/index.html,Soft_Job,78
/bbs/cat/index.html,cat,77
/bbs/part-time/index.html,part-time,77
/bbs/Gamesale/index.html,Gamesale,75
/bbs/DSLR/index.html,DSLR,75
/bbs/Military/index.html,Military,75
/bbs/Headphone/index.html,Headphone,74
/bbs/MobilePay/index.html,MobilePay,73
/bbs/TaiwanDrama/index.html,TaiwanDrama,71
/bbs/Food/index.html,Food,70
/bbs/LGBT_SEX/index.html,LGBT_SEX,67
/bbs/CarShop/index.html,CarShop,66
/bbs/mobilesales/index.html,mobilesales,64
/bbs/feminine_sex/index.html,feminine_sex,63
/bbs/PublicServan/index.html,PublicServan,62
/bbs/Wanted/index.html,Wanted,61
/bbs/Examination/index.html,Examination,61
/bbs/watch/index.html,watch,61
/bbs/forsale/index.html,forsale,61
/bbs/MayDay/index.html,MayDay,60
/bbs/TWICE/index.html,TWICE,59
/bbs/TW_Entertain/index.html,TW_Entertain,59
/bbs/China-Drama/index.html,China-Drama,57
/bbs/NY-Yankees/index.html,NY-Yankees,57
/bbs/KoreanPop/index.html,KoreanPop,56
/bbs/AKB48/index.html,AKB48,55
/bbs/medstudent/index.html,medstudent,55
/bbs/GetMarry/index.html,GetMarry,55
/bbs/Gov_owned/index.html,Gov_owned,53
/bbs/DMM_GAMES/index.html,DMM_GAMES,52
/bbs/Mobile-game/index.html,Mobile-game,50
/bbs/TypeMoon/index.html,TypeMoon,50
/bbs/cookclub/index.html,cookclub,50
/bbs/FITNESS/index.html,FITNESS,50
/bbs/hypermall/index.html,hypermall,49
/bbs/GBF/index.html,GBF,49
/bbs/Finance/index.html,Finance,48
/bbs/Key_Mou_Pad/index.html,Key_Mou_Pad,47
/bbs/Monkeys/index.html,Monkeys,47
/bbs/DIABLO/index.html,DIABLO,47
/bbs/Guardians/index.html,Guardians,45
/bbs/MH/index.html,MH,44
/bbs/Bank_Service/index.html,Bank_Service,44
/bbs/graduate/index.html,graduate,43
/bbs/BTS/index.html,BTS,43
/bbs/MacShop/index.html,MacShop,42
/bbs/Lions/index.html,Lions,42
/bbs/nb-shopping/index.html,nb-shopping,41
/bbs/lesbian/index.html,lesbian,40
/bbs/ClashRoyale/index.html,ClashRoyale,39
/bbs/points/index.html,points,39
/bbs/Militarylife/index.html,Militarylife,38
/bbs/HelpBuy/index.html,HelpBuy,37
/bbs/BabyProducts/index.html,BabyProducts,36
/bbs/SuperJunior/index.html,SuperJunior,36
/bbs/Taoyuan/index.html,Taoyuan,36
