﻿/bbs/Gossiping/index.html,Gossiping,19240
/bbs/Baseball/index.html,Baseball,4742
/bbs/C_Chat/index.html,C_Chat,3310
/bbs/NBA/index.html,NBA,3113
/bbs/HatePolitics/index.html,HatePolitics,2651
/bbs/movie/index.html,movie,2184
/bbs/Stock/index.html,Stock,1752
/bbs/Lifeismoney/index.html,Lifeismoney,1463
/bbs/sex/index.html,sex,1462
/bbs/MobileComm/index.html,MobileComm,1373
/bbs/LoL/index.html,LoL,1273
/bbs/car/index.html,car,1158
/bbs/KR_Entertain/index.html,KR_Entertain,1094
/bbs/BabyMother/index.html,BabyMother,1052
/bbs/e-shopping/index.html,e-shopping,1021
/bbs/ToS/index.html,ToS,937
/bbs/WomenTalk/index.html,WomenTalk,845
/bbs/joke/index.html,joke,827
/bbs/Tech_Job/index.html,Tech_Job,783
/bbs/Beauty/index.html,Beauty,780
/bbs/Boy-Girl/index.html,Boy-Girl,751
/bbs/Tennis/index.html,Tennis,715
/bbs/KoreaStar/index.html,KoreaStar,671
/bbs/KoreaDrama/index.html,KoreaDrama,668
/bbs/PC_Shopping/index.html,PC_Shopping,666
/bbs/Japan_Travel/index.html,Japan_Travel,654
/bbs/Hearthstone/index.html,Hearthstone,621
/bbs/marvel/index.html,marvel,608
/bbs/AllTogether/index.html,AllTogether,597
/bbs/marriage/index.html,marriage,542
/bbs/Elephants/index.html,Elephants,515
/bbs/MakeUp/index.html,MakeUp,515
/bbs/Kaohsiung/index.html,Kaohsiung,496
/bbs/PlayStation/index.html,PlayStation,473
/bbs/home-sale/index.html,home-sale,442
/bbs/Tainan/index.html,Tainan,439
/bbs/Steam/index.html,Steam,439
/bbs/SportLottery/index.html,SportLottery,426
/bbs/StupidClown/index.html,StupidClown,426
/bbs/creditcard/index.html,creditcard,404
/bbs/KanColle/index.html,KanColle,395
/bbs/EAseries/index.html,EAseries,381
/bbs/japanavgirls/index.html,japanavgirls,361
/bbs/TW_Entertain/index.html,TW_Entertain,346
/bbs/TaichungBun/index.html,TaichungBun,337
/bbs/BeautySalon/index.html,BeautySalon,333
/bbs/Monkeys/index.html,Monkeys,332
/bbs/TaiwanDrama/index.html,TaiwanDrama,331
/bbs/CFantasy/index.html,CFantasy,323
/bbs/Japandrama/index.html,Japandrama,322
/bbs/iOS/index.html,iOS,321
/bbs/NSwitch/index.html,NSwitch,306
/bbs/YuanChuang/index.html,YuanChuang,283
/bbs/Guardians/index.html,Guardians,275
/bbs/BuyTogether/index.html,BuyTogether,261
/bbs/ONE_PIECE/index.html,ONE_PIECE,261
/bbs/FATE_GO/index.html,FATE_GO,250
/bbs/CVS/index.html,CVS,246
/bbs/PokemonGO/index.html,PokemonGO,245
/bbs/basketballTW/index.html,basketballTW,244
/bbs/PCReDive/index.html,PCReDive,235
/bbs/Lions/index.html,Lions,229
/bbs/AC_In/index.html,AC_In,223
/bbs/KoreanPop/index.html,KoreanPop,210
/bbs/studyteacher/index.html,studyteacher,210
/bbs/PuzzleDragon/index.html,PuzzleDragon,208
/bbs/MayDay/index.html,MayDay,207
/bbs/HardwareSale/index.html,HardwareSale,203
/bbs/Salary/index.html,Salary,203
/bbs/biker/index.html,biker,200
/bbs/gay/index.html,gay,200
/bbs/Hsinchu/index.html,Hsinchu,197
/bbs/Food/index.html,Food,184
/bbs/GetMarry/index.html,GetMarry,183
/bbs/NBA_Film/index.html,NBA_Film,182
/bbs/Aviation/index.html,Aviation,180
/bbs/China-Drama/index.html,China-Drama,176
/bbs/WOW/index.html,WOW,176
/bbs/TWICE/index.html,TWICE,174
/bbs/MuscleBeach/index.html,MuscleBeach,173
/bbs/Examination/index.html,Examination,173
/bbs/cat/index.html,cat,163
/bbs/IZONE/index.html,IZONE,159
/bbs/lesbian/index.html,lesbian,150
/bbs/mobilesales/index.html,mobilesales,149
/bbs/Palmar_Drama/index.html,Palmar_Drama,146
/bbs/BTS/index.html,BTS,144
/bbs/Gamesale/index.html,Gamesale,143
/bbs/MobilePay/index.html,MobilePay,143
/bbs/GBF/index.html,GBF,142
/bbs/part-time/index.html,part-time,141
/bbs/Soft_Job/index.html,Soft_Job,140
/bbs/cookclub/index.html,cookclub,139
/bbs/MLB/index.html,MLB,139
/bbs/Finance/index.html,Finance,138
/bbs/Headphone/index.html,Headphone,138
/bbs/HelpBuy/index.html,HelpBuy,131
/bbs/MH/index.html,MH,126
/bbs/forsale/index.html,forsale,126
/bbs/Wanted/index.html,Wanted,121
/bbs/Zastrology/index.html,Zastrology,120
/bbs/CarShop/index.html,CarShop,119
/bbs/AKB48/index.html,AKB48,117
/bbs/DMM_GAMES/index.html,DMM_GAMES,117
/bbs/DSLR/index.html,DSLR,115
/bbs/PublicServan/index.html,PublicServan,113
/bbs/FITNESS/index.html,FITNESS,113
/bbs/Military/index.html,Military,107
/bbs/give/index.html,give,102
/bbs/Brand/index.html,Brand,102
/bbs/TypeMoon/index.html,TypeMoon,100
/bbs/Taoyuan/index.html,Taoyuan,100
/bbs/watch/index.html,watch,100
/bbs/job/index.html,job,99
/bbs/Mobile-game/index.html,Mobile-game,97
/bbs/LGBT_SEX/index.html,LGBT_SEX,97
/bbs/MacShop/index.html,MacShop,95
/bbs/Gov_owned/index.html,Gov_owned,93
/bbs/Teacher/index.html,Teacher,92
/bbs/Drama-Ticket/index.html,Drama-Ticket,92
/bbs/feminine_sex/index.html,feminine_sex,92
/bbs/tabletennis/index.html,tabletennis,92
/bbs/E-appliance/index.html,E-appliance,90
/bbs/medstudent/index.html,medstudent,90
/bbs/Nogizaka46/index.html,Nogizaka46,86
/bbs/points/index.html,points,86
/bbs/hypermall/index.html,hypermall,85
/bbs/ShuangHe/index.html,ShuangHe,84
