﻿/bbs/Gossiping/index.html,Gossiping,16874
/bbs/NBA/index.html,NBA,3973
/bbs/Baseball/index.html,Baseball,3453
/bbs/C_Chat/index.html,C_Chat,3139
/bbs/HatePolitics/index.html,HatePolitics,2092
/bbs/Stock/index.html,Stock,1568
/bbs/movie/index.html,movie,1395
/bbs/MobileComm/index.html,MobileComm,1204
/bbs/sex/index.html,sex,1077
/bbs/Lifeismoney/index.html,Lifeismoney,987
/bbs/car/index.html,car,944
/bbs/KR_Entertain/index.html,KR_Entertain,939
/bbs/LoL/index.html,LoL,915
/bbs/Beauty/index.html,Beauty,822
/bbs/WomenTalk/index.html,WomenTalk,799
/bbs/Tech_Job/index.html,Tech_Job,762
/bbs/ToS/index.html,ToS,751
/bbs/Boy-Girl/index.html,Boy-Girl,677
/bbs/BabyMother/index.html,BabyMother,603
/bbs/KoreaStar/index.html,KoreaStar,599
/bbs/marvel/index.html,marvel,572
/bbs/PC_Shopping/index.html,PC_Shopping,553
/bbs/e-shopping/index.html,e-shopping,544
/bbs/joke/index.html,joke,481
/bbs/creditcard/index.html,creditcard,466
/bbs/Japan_Travel/index.html,Japan_Travel,461
/bbs/SportLottery/index.html,SportLottery,433
/bbs/marriage/index.html,marriage,432
/bbs/PlayStation/index.html,PlayStation,406
/bbs/AllTogether/index.html,AllTogether,380
/bbs/KoreaDrama/index.html,KoreaDrama,367
/bbs/Kaohsiung/index.html,Kaohsiung,365
/bbs/Steam/index.html,Steam,364
/bbs/MakeUp/index.html,MakeUp,354
/bbs/StupidClown/index.html,StupidClown,343
/bbs/japanavgirls/index.html,japanavgirls,340
/bbs/Tainan/index.html,Tainan,335
/bbs/KanColle/index.html,KanColle,322
/bbs/Hearthstone/index.html,Hearthstone,307
/bbs/PokemonGO/index.html,PokemonGO,294
/bbs/FATE_GO/index.html,FATE_GO,289
/bbs/Tennis/index.html,Tennis,289
/bbs/EAseries/index.html,EAseries,278
/bbs/CFantasy/index.html,CFantasy,272
/bbs/TaichungBun/index.html,TaichungBun,263
/bbs/home-sale/index.html,home-sale,259
/bbs/ONE_PIECE/index.html,ONE_PIECE,259
/bbs/PCReDive/index.html,PCReDive,258
/bbs/NSwitch/index.html,NSwitch,257
/bbs/iOS/index.html,iOS,240
/bbs/BeautySalon/index.html,BeautySalon,213
/bbs/HardwareSale/index.html,HardwareSale,210
/bbs/Salary/index.html,Salary,190
/bbs/BuyTogether/index.html,BuyTogether,188
/bbs/CVS/index.html,CVS,185
/bbs/AC_In/index.html,AC_In,179
/bbs/Japandrama/index.html,Japandrama,177
/bbs/basketballTW/index.html,basketballTW,176
/bbs/WOW/index.html,WOW,174
/bbs/MuscleBeach/index.html,MuscleBeach,174
/bbs/Elephants/index.html,Elephants,174
/bbs/Drama-Ticket/index.html,Drama-Ticket,171
/bbs/NBA_Film/index.html,NBA_Film,160
/bbs/studyteacher/index.html,studyteacher,157
/bbs/Examination/index.html,Examination,154
/bbs/Palmar_Drama/index.html,Palmar_Drama,154
/bbs/Hsinchu/index.html,Hsinchu,150
/bbs/Monkeys/index.html,Monkeys,149
/bbs/PuzzleDragon/index.html,PuzzleDragon,147
/bbs/biker/index.html,biker,145
/bbs/MobilePay/index.html,MobilePay,143
/bbs/YuanChuang/index.html,YuanChuang,139
/bbs/Soft_Job/index.html,Soft_Job,137
/bbs/Food/index.html,Food,133
/bbs/GBF/index.html,GBF,132
/bbs/Headphone/index.html,Headphone,125
/bbs/MayDay/index.html,MayDay,125
/bbs/mobilesales/index.html,mobilesales,124
/bbs/part-time/index.html,part-time,122
/bbs/Aviation/index.html,Aviation,120
/bbs/MLB/index.html,MLB,119
/bbs/TaiwanDrama/index.html,TaiwanDrama,116
/bbs/Gamesale/index.html,Gamesale,115
/bbs/cat/index.html,cat,114
/bbs/China-Drama/index.html,China-Drama,113
/bbs/StarCraft/index.html,StarCraft,112
/bbs/DMM_GAMES/index.html,DMM_GAMES,111
/bbs/KoreanPop/index.html,KoreanPop,107
/bbs/TWICE/index.html,TWICE,107
/bbs/BTS/index.html,BTS,104
/bbs/Finance/index.html,Finance,98
/bbs/GetMarry/index.html,GetMarry,97
/bbs/TW_Entertain/index.html,TW_Entertain,97
/bbs/forsale/index.html,forsale,97
/bbs/tabletennis/index.html,tabletennis,95
/bbs/medstudent/index.html,medstudent,92
/bbs/DSLR/index.html,DSLR,91
/bbs/CarShop/index.html,CarShop,91
/bbs/Wanted/index.html,Wanted,91
/bbs/fastfood/index.html,fastfood,90
/bbs/gay/index.html,gay,90
/bbs/Gov_owned/index.html,Gov_owned,88
/bbs/lesbian/index.html,lesbian,88
/bbs/PublicServan/index.html,PublicServan,83
/bbs/give/index.html,give,80
/bbs/IZONE/index.html,IZONE,79
/bbs/MacShop/index.html,MacShop,79
/bbs/FITNESS/index.html,FITNESS,79
/bbs/Military/index.html,Military,79
/bbs/HelpBuy/index.html,HelpBuy,78
/bbs/graduate/index.html,graduate,77
/bbs/Key_Mou_Pad/index.html,Key_Mou_Pad,73
/bbs/nb-shopping/index.html,nb-shopping,72
/bbs/PathofExile/index.html,PathofExile,72
/bbs/Guardians/index.html,Guardians,72
/bbs/DIABLO/index.html,DIABLO,71
/bbs/AKB48/index.html,AKB48,69
/bbs/SuperJunior/index.html,SuperJunior,69
/bbs/watch/index.html,watch,68
/bbs/MH/index.html,MH,67
/bbs/Mobile-game/index.html,Mobile-game,67
/bbs/LGBT_SEX/index.html,LGBT_SEX,66
/bbs/RealmOfValor/index.html,RealmOfValor,66
/bbs/TypeMoon/index.html,TypeMoon,65
/bbs/ChungLi/index.html,ChungLi,65
/bbs/Brand/index.html,Brand,64
/bbs/points/index.html,points,64
/bbs/hypermall/index.html,hypermall,64
