﻿/bbs/Gossiping/index.html,Gossiping,6763
/bbs/NBA/index.html,NBA,1697
/bbs/C_Chat/index.html,C_Chat,1581
/bbs/Baseball/index.html,Baseball,1035
/bbs/Stock/index.html,Stock,989
/bbs/sex/index.html,sex,853
/bbs/HatePolitics/index.html,HatePolitics,780
/bbs/movie/index.html,movie,762
/bbs/MobileComm/index.html,MobileComm,612
/bbs/LoL/index.html,LoL,573
/bbs/Beauty/index.html,Beauty,441
/bbs/Lifeismoney/index.html,Lifeismoney,405
/bbs/car/index.html,car,379
/bbs/ToS/index.html,ToS,377
/bbs/Tech_Job/index.html,Tech_Job,371
/bbs/Boy-Girl/index.html,Boy-Girl,363
/bbs/PC_Shopping/index.html,PC_Shopping,355
/bbs/marvel/index.html,marvel,337
/bbs/joke/index.html,joke,319
/bbs/BabyMother/index.html,BabyMother,312
/bbs/KR_Entertain/index.html,KR_Entertain,295
/bbs/WomenTalk/index.html,WomenTalk,285
/bbs/PlayStation/index.html,PlayStation,271
/bbs/Tennis/index.html,Tennis,249
/bbs/Steam/index.html,Steam,240
/bbs/Kaohsiung/index.html,Kaohsiung,232
/bbs/FATE_GO/index.html,FATE_GO,231
/bbs/AllTogether/index.html,AllTogether,227
/bbs/e-shopping/index.html,e-shopping,213
/bbs/creditcard/index.html,creditcard,212
/bbs/KanColle/index.html,KanColle,209
/bbs/marriage/index.html,marriage,207
/bbs/KoreaStar/index.html,KoreaStar,206
/bbs/Japan_Travel/index.html,Japan_Travel,204
/bbs/japanavgirls/index.html,japanavgirls,187
/bbs/Tainan/index.html,Tainan,184
/bbs/Hearthstone/index.html,Hearthstone,180
/bbs/ONE_PIECE/index.html,ONE_PIECE,175
/bbs/CFantasy/index.html,CFantasy,170
/bbs/PCReDive/index.html,PCReDive,170
/bbs/SportLottery/index.html,SportLottery,161
/bbs/NSwitch/index.html,NSwitch,158
/bbs/EAseries/index.html,EAseries,146
/bbs/KoreaDrama/index.html,KoreaDrama,140
/bbs/AC_In/index.html,AC_In,136
/bbs/TaichungBun/index.html,TaichungBun,135
/bbs/HardwareSale/index.html,HardwareSale,133
/bbs/home-sale/index.html,home-sale,130
/bbs/NBA_Film/index.html,NBA_Film,126
/bbs/Elephants/index.html,Elephants,124
/bbs/PokemonGO/index.html,PokemonGO,120
/bbs/MakeUp/index.html,MakeUp,115
/bbs/iOS/index.html,iOS,111
/bbs/StupidClown/index.html,StupidClown,110
/bbs/WOW/index.html,WOW,105
/bbs/PuzzleDragon/index.html,PuzzleDragon,104
/bbs/Japandrama/index.html,Japandrama,102
/bbs/Salary/index.html,Salary,99
/bbs/CVS/index.html,CVS,98
/bbs/YuanChuang/index.html,YuanChuang,95
/bbs/BeautySalon/index.html,BeautySalon,86
/bbs/MuscleBeach/index.html,MuscleBeach,85
/bbs/biker/index.html,biker,84
/bbs/BuyTogether/index.html,BuyTogether,83
/bbs/Palmar_Drama/index.html,Palmar_Drama,81
/bbs/Headphone/index.html,Headphone,78
/bbs/Option/index.html,Option,77
/bbs/Aviation/index.html,Aviation,77
/bbs/Soft_Job/index.html,Soft_Job,74
/bbs/MLB/index.html,MLB,73
/bbs/Gamesale/index.html,Gamesale,70
/bbs/part-time/index.html,part-time,70
/bbs/Food/index.html,Food,70
/bbs/DSLR/index.html,DSLR,65
/bbs/KoreanPop/index.html,KoreanPop,65
/bbs/TaiwanDrama/index.html,TaiwanDrama,65
/bbs/Hsinchu/index.html,Hsinchu,64
/bbs/Military/index.html,Military,63
/bbs/Wanted/index.html,Wanted,62
/bbs/cat/index.html,cat,62
/bbs/basketballTW/index.html,basketballTW,62
/bbs/China-Drama/index.html,China-Drama,60
/bbs/mobilesales/index.html,mobilesales,59
/bbs/TWICE/index.html,TWICE,55
/bbs/studyteacher/index.html,studyteacher,54
/bbs/DMM_GAMES/index.html,DMM_GAMES,53
/bbs/gay/index.html,gay,53
/bbs/Key_Mou_Pad/index.html,Key_Mou_Pad,50
/bbs/AKB48/index.html,AKB48,49
/bbs/TypeMoon/index.html,TypeMoon,49
/bbs/MayDay/index.html,MayDay,49
/bbs/feminine_sex/index.html,feminine_sex,47
/bbs/MobilePay/index.html,MobilePay,46
/bbs/cookclub/index.html,cookclub,46
/bbs/Mobile-game/index.html,Mobile-game,45
/bbs/ClashRoyale/index.html,ClashRoyale,44
/bbs/HelpBuy/index.html,HelpBuy,44
/bbs/GetMarry/index.html,GetMarry,44
/bbs/forsale/index.html,forsale,44
/bbs/graduate/index.html,graduate,43
/bbs/DIABLO/index.html,DIABLO,43
/bbs/TW_Entertain/index.html,TW_Entertain,43
/bbs/CarShop/index.html,CarShop,42
/bbs/GBF/index.html,GBF,42
/bbs/Monkeys/index.html,Monkeys,41
/bbs/BTS/index.html,BTS,41
/bbs/IdolMaster/index.html,IdolMaster,40
/bbs/PublicServan/index.html,PublicServan,39
/bbs/FITNESS/index.html,FITNESS,39
/bbs/MH/index.html,MH,38
/bbs/watch/index.html,watch,38
/bbs/MacShop/index.html,MacShop,37
/bbs/Examination/index.html,Examination,37
/bbs/lesbian/index.html,lesbian,37
/bbs/job/index.html,job,37
/bbs/LGBT_SEX/index.html,LGBT_SEX,36
/bbs/Guardians/index.html,Guardians,36
/bbs/Gov_owned/index.html,Gov_owned,34
/bbs/medstudent/index.html,medstudent,33
/bbs/SuperBike/index.html,SuperBike,33
/bbs/Lions/index.html,Lions,33
/bbs/Zastrology/index.html,Zastrology,33
/bbs/nb-shopping/index.html,nb-shopping,32
/bbs/points/index.html,points,32
/bbs/Taoyuan/index.html,Taoyuan,32
/bbs/Nogizaka46/index.html,Nogizaka46,31
/bbs/IZONE/index.html,IZONE,31
/bbs/hypermall/index.html,hypermall,30
