﻿/bbs/Gossiping/index.html,Gossiping,17572
/bbs/Baseball/index.html,Baseball,5805
/bbs/C_Chat/index.html,C_Chat,3049
/bbs/NBA/index.html,NBA,3001
/bbs/HatePolitics/index.html,HatePolitics,2795
/bbs/Stock/index.html,Stock,1487
/bbs/movie/index.html,movie,1456
/bbs/sex/index.html,sex,1102
/bbs/MobileComm/index.html,MobileComm,1077
/bbs/Lifeismoney/index.html,Lifeismoney,1053
/bbs/LoL/index.html,LoL,962
/bbs/KR_Entertain/index.html,KR_Entertain,856
/bbs/car/index.html,car,809
/bbs/Tech_Job/index.html,Tech_Job,784
/bbs/ToS/index.html,ToS,751
/bbs/Beauty/index.html,Beauty,733
/bbs/WomenTalk/index.html,WomenTalk,701
/bbs/BabyMother/index.html,BabyMother,660
/bbs/PC_Shopping/index.html,PC_Shopping,624
/bbs/Boy-Girl/index.html,Boy-Girl,612
/bbs/e-shopping/index.html,e-shopping,576
/bbs/marvel/index.html,marvel,565
/bbs/KoreaStar/index.html,KoreaStar,559
/bbs/basketballTW/index.html,basketballTW,497
/bbs/Japan_Travel/index.html,Japan_Travel,476
/bbs/joke/index.html,joke,468
/bbs/marriage/index.html,marriage,434
/bbs/creditcard/index.html,creditcard,420
/bbs/SportLottery/index.html,SportLottery,416
/bbs/PlayStation/index.html,PlayStation,409
/bbs/StupidClown/index.html,StupidClown,404
/bbs/KoreaDrama/index.html,KoreaDrama,394
/bbs/AllTogether/index.html,AllTogether,378
/bbs/MakeUp/index.html,MakeUp,377
/bbs/Kaohsiung/index.html,Kaohsiung,372
/bbs/Steam/index.html,Steam,345
/bbs/KanColle/index.html,KanColle,337
/bbs/japanavgirls/index.html,japanavgirls,333
/bbs/home-sale/index.html,home-sale,326
/bbs/Hearthstone/index.html,Hearthstone,321
/bbs/Tainan/index.html,Tainan,321
/bbs/CFantasy/index.html,CFantasy,310
/bbs/EAseries/index.html,EAseries,285
/bbs/ONE_PIECE/index.html,ONE_PIECE,277
/bbs/FATE_GO/index.html,FATE_GO,273
/bbs/NSwitch/index.html,NSwitch,257
/bbs/iOS/index.html,iOS,256
/bbs/PokemonGO/index.html,PokemonGO,249
/bbs/Tennis/index.html,Tennis,249
/bbs/TaichungBun/index.html,TaichungBun,238
/bbs/PCReDive/index.html,PCReDive,230
/bbs/Japandrama/index.html,Japandrama,224
/bbs/BeautySalon/index.html,BeautySalon,213
/bbs/HardwareSale/index.html,HardwareSale,208
/bbs/Elephants/index.html,Elephants,187
/bbs/Examination/index.html,Examination,181
/bbs/AC_In/index.html,AC_In,180
/bbs/CVS/index.html,CVS,179
/bbs/BuyTogether/index.html,BuyTogether,176
/bbs/NBA_Film/index.html,NBA_Film,176
/bbs/MuscleBeach/index.html,MuscleBeach,166
/bbs/studyteacher/index.html,studyteacher,157
/bbs/PuzzleDragon/index.html,PuzzleDragon,154
/bbs/Monkeys/index.html,Monkeys,153
/bbs/biker/index.html,biker,151
/bbs/TWICE/index.html,TWICE,151
/bbs/Salary/index.html,Salary,150
/bbs/WOW/index.html,WOW,148
/bbs/MayDay/index.html,MayDay,147
/bbs/Food/index.html,Food,141
/bbs/TaiwanDrama/index.html,TaiwanDrama,140
/bbs/YuanChuang/index.html,YuanChuang,139
/bbs/Aviation/index.html,Aviation,138
/bbs/Hsinchu/index.html,Hsinchu,137
/bbs/Headphone/index.html,Headphone,129
/bbs/mobilesales/index.html,mobilesales,128
/bbs/KoreanPop/index.html,KoreanPop,128
/bbs/Palmar_Drama/index.html,Palmar_Drama,123
/bbs/Soft_Job/index.html,Soft_Job,120
/bbs/part-time/index.html,part-time,120
/bbs/MobilePay/index.html,MobilePay,116
/bbs/Finance/index.html,Finance,115
/bbs/MLB/index.html,MLB,115
/bbs/BTS/index.html,BTS,114
/bbs/GBF/index.html,GBF,114
/bbs/Gamesale/index.html,Gamesale,113
/bbs/China-Drama/index.html,China-Drama,113
/bbs/Drama-Ticket/index.html,Drama-Ticket,109
/bbs/GetMarry/index.html,GetMarry,109
/bbs/cat/index.html,cat,108
/bbs/Key_Mou_Pad/index.html,Key_Mou_Pad,103
/bbs/Wanted/index.html,Wanted,100
/bbs/CarShop/index.html,CarShop,96
/bbs/StarCraft/index.html,StarCraft,96
/bbs/HelpBuy/index.html,HelpBuy,92
/bbs/medstudent/index.html,medstudent,92
/bbs/DMM_GAMES/index.html,DMM_GAMES,92
/bbs/forsale/index.html,forsale,92
/bbs/Mobile-game/index.html,Mobile-game,90
/bbs/watch/index.html,watch,87
/bbs/FITNESS/index.html,FITNESS,87
/bbs/tabletennis/index.html,tabletennis,87
/bbs/gay/index.html,gay,86
/bbs/Gov_owned/index.html,Gov_owned,85
/bbs/AKB48/index.html,AKB48,83
/bbs/TypeMoon/index.html,TypeMoon,81
/bbs/fastfood/index.html,fastfood,81
/bbs/hypermall/index.html,hypermall,81
/bbs/graduate/index.html,graduate,81
/bbs/Guardians/index.html,Guardians,80
/bbs/SuperJunior/index.html,SuperJunior,79
/bbs/nb-shopping/index.html,nb-shopping,78
/bbs/PathofExile/index.html,PathofExile,78
/bbs/IZONE/index.html,IZONE,78
/bbs/DSLR/index.html,DSLR,77
/bbs/cookclub/index.html,cookclub,77
/bbs/MacShop/index.html,MacShop,76
/bbs/lesbian/index.html,lesbian,75
/bbs/DIABLO/index.html,DIABLO,74
/bbs/Military/index.html,Military,74
/bbs/E-appliance/index.html,E-appliance,73
/bbs/PublicServan/index.html,PublicServan,72
/bbs/LGBT_SEX/index.html,LGBT_SEX,72
/bbs/Nogizaka46/index.html,Nogizaka46,70
/bbs/feminine_sex/index.html,feminine_sex,70
/bbs/Brand/index.html,Brand,68
/bbs/give/index.html,give,67
/bbs/TW_Entertain/index.html,TW_Entertain,66
