﻿/bbs/Gossiping/index.html,Gossiping,12737
/bbs/NBA/index.html,NBA,3301
/bbs/C_Chat/index.html,C_Chat,2404
/bbs/Baseball/index.html,Baseball,1870
/bbs/Stock/index.html,Stock,1724
/bbs/sex/index.html,sex,1469
/bbs/HatePolitics/index.html,HatePolitics,1365
/bbs/movie/index.html,movie,1089
/bbs/Beauty/index.html,Beauty,921
/bbs/MobileComm/index.html,MobileComm,916
/bbs/creditcard/index.html,creditcard,897
/bbs/car/index.html,car,834
/bbs/Tech_Job/index.html,Tech_Job,771
/bbs/Lifeismoney/index.html,Lifeismoney,756
/bbs/Boy-Girl/index.html,Boy-Girl,709
/bbs/ToS/index.html,ToS,700
/bbs/LoL/index.html,LoL,661
/bbs/KR_Entertain/index.html,KR_Entertain,644
/bbs/BabyMother/index.html,BabyMother,630
/bbs/WomenTalk/index.html,WomenTalk,557
/bbs/PC_Shopping/index.html,PC_Shopping,506
/bbs/marvel/index.html,marvel,475
/bbs/e-shopping/index.html,e-shopping,461
/bbs/KoreaStar/index.html,KoreaStar,450
/bbs/joke/index.html,joke,432
/bbs/Japan_Travel/index.html,Japan_Travel,406
/bbs/marriage/index.html,marriage,398
/bbs/AllTogether/index.html,AllTogether,391
/bbs/Tainan/index.html,Tainan,357
/bbs/PlayStation/index.html,PlayStation,357
/bbs/Tennis/index.html,Tennis,320
/bbs/Kaohsiung/index.html,Kaohsiung,316
/bbs/Steam/index.html,Steam,315
/bbs/japanavgirls/index.html,japanavgirls,313
/bbs/SportLottery/index.html,SportLottery,305
/bbs/ONE_PIECE/index.html,ONE_PIECE,294
/bbs/home-sale/index.html,home-sale,279
/bbs/FATE_GO/index.html,FATE_GO,277
/bbs/Hearthstone/index.html,Hearthstone,262
/bbs/MakeUp/index.html,MakeUp,262
/bbs/TaichungBun/index.html,TaichungBun,244
/bbs/KoreaDrama/index.html,KoreaDrama,242
/bbs/PCReDive/index.html,PCReDive,237
/bbs/NSwitch/index.html,NSwitch,233
/bbs/StupidClown/index.html,StupidClown,222
/bbs/KanColle/index.html,KanColle,217
/bbs/PokemonGO/index.html,PokemonGO,210
/bbs/EAseries/index.html,EAseries,205
/bbs/CFantasy/index.html,CFantasy,200
/bbs/iOS/index.html,iOS,193
/bbs/Salary/index.html,Salary,188
/bbs/HardwareSale/index.html,HardwareSale,180
/bbs/AC_In/index.html,AC_In,177
/bbs/NBA_Film/index.html,NBA_Film,176
/bbs/Elephants/index.html,Elephants,169
/bbs/BeautySalon/index.html,BeautySalon,162
/bbs/CVS/index.html,CVS,161
/bbs/BuyTogether/index.html,BuyTogether,157
/bbs/Japandrama/index.html,Japandrama,152
/bbs/WOW/index.html,WOW,147
/bbs/NY-Yankees/index.html,NY-Yankees,144
/bbs/MobilePay/index.html,MobilePay,143
/bbs/MuscleBeach/index.html,MuscleBeach,132
/bbs/YuanChuang/index.html,YuanChuang,128
/bbs/biker/index.html,biker,125
/bbs/PuzzleDragon/index.html,PuzzleDragon,124
/bbs/basketballTW/index.html,basketballTW,123
/bbs/Aviation/index.html,Aviation,122
/bbs/Hsinchu/index.html,Hsinchu,121
/bbs/Headphone/index.html,Headphone,120
/bbs/Palmar_Drama/index.html,Palmar_Drama,115
/bbs/Soft_Job/index.html,Soft_Job,112
/bbs/studyteacher/index.html,studyteacher,112
/bbs/TaiwanDrama/index.html,TaiwanDrama,111
/bbs/MLB/index.html,MLB,111
/bbs/MayDay/index.html,MayDay,109
/bbs/Food/index.html,Food,109
/bbs/Gamesale/index.html,Gamesale,108
/bbs/KoreanPop/index.html,KoreanPop,107
/bbs/cat/index.html,cat,102
/bbs/mobilesales/index.html,mobilesales,99
/bbs/part-time/index.html,part-time,96
/bbs/Examination/index.html,Examination,95
/bbs/gay/index.html,gay,92
/bbs/DSLR/index.html,DSLR,87
/bbs/GetMarry/index.html,GetMarry,86
/bbs/TWICE/index.html,TWICE,86
/bbs/lesbian/index.html,lesbian,86
/bbs/feminine_sex/index.html,feminine_sex,84
/bbs/watch/index.html,watch,84
/bbs/China-Drama/index.html,China-Drama,83
/bbs/Monkeys/index.html,Monkeys,81
/bbs/forsale/index.html,forsale,81
/bbs/Wanted/index.html,Wanted,79
/bbs/Finance/index.html,Finance,76
/bbs/PublicServan/index.html,PublicServan,74
/bbs/FITNESS/index.html,FITNESS,74
/bbs/GBF/index.html,GBF,73
/bbs/TW_Entertain/index.html,TW_Entertain,73
/bbs/CarShop/index.html,CarShop,70
/bbs/medstudent/index.html,medstudent,70
/bbs/RealmOfValor/index.html,RealmOfValor,70
/bbs/IZONE/index.html,IZONE,69
/bbs/Military/index.html,Military,69
/bbs/Option/index.html,Option,68
/bbs/Key_Mou_Pad/index.html,Key_Mou_Pad,67
/bbs/Bank_Service/index.html,Bank_Service,67
/bbs/Guardians/index.html,Guardians,65
/bbs/BTS/index.html,BTS,64
/bbs/Gov_owned/index.html,Gov_owned,64
/bbs/MacShop/index.html,MacShop,63
/bbs/DMM_GAMES/index.html,DMM_GAMES,63
/bbs/graduate/index.html,graduate,62
/bbs/MH/index.html,MH,61
/bbs/LGBT_SEX/index.html,LGBT_SEX,61
/bbs/job/index.html,job,61
/bbs/nb-shopping/index.html,nb-shopping,60
/bbs/Mobile-game/index.html,Mobile-game,59
/bbs/SuperJunior/index.html,SuperJunior,59
/bbs/AKB48/index.html,AKB48,58
/bbs/IdolMaster/index.html,IdolMaster,58
/bbs/hypermall/index.html,hypermall,58
/bbs/DIABLO/index.html,DIABLO,58
/bbs/Taoyuan/index.html,Taoyuan,56
/bbs/BB-Love/index.html,BB-Love,55
/bbs/Chiayi/index.html,Chiayi,53
/bbs/Badminton/index.html,Badminton,53
/bbs/HelpBuy/index.html,HelpBuy,52
