﻿/bbs/Gossiping/index.html,Gossiping,6677
/bbs/NBA/index.html,NBA,1711
/bbs/C_Chat/index.html,C_Chat,1575
/bbs/Baseball/index.html,Baseball,1009
/bbs/Stock/index.html,Stock,993
/bbs/sex/index.html,sex,853
/bbs/HatePolitics/index.html,HatePolitics,762
/bbs/movie/index.html,movie,735
/bbs/MobileComm/index.html,MobileComm,640
/bbs/LoL/index.html,LoL,499
/bbs/Beauty/index.html,Beauty,440
/bbs/Lifeismoney/index.html,Lifeismoney,416
/bbs/Boy-Girl/index.html,Boy-Girl,390
/bbs/car/index.html,car,387
/bbs/ToS/index.html,ToS,384
/bbs/Tech_Job/index.html,Tech_Job,368
/bbs/PC_Shopping/index.html,PC_Shopping,350
/bbs/marvel/index.html,marvel,348
/bbs/BabyMother/index.html,BabyMother,321
/bbs/joke/index.html,joke,308
/bbs/WomenTalk/index.html,WomenTalk,303
/bbs/KR_Entertain/index.html,KR_Entertain,280
/bbs/PlayStation/index.html,PlayStation,266
/bbs/Tennis/index.html,Tennis,241
/bbs/Steam/index.html,Steam,230
/bbs/Japan_Travel/index.html,Japan_Travel,223
/bbs/Kaohsiung/index.html,Kaohsiung,222
/bbs/FATE_GO/index.html,FATE_GO,218
/bbs/marriage/index.html,marriage,216
/bbs/AllTogether/index.html,AllTogether,213
/bbs/e-shopping/index.html,e-shopping,210
/bbs/KanColle/index.html,KanColle,201
/bbs/Tainan/index.html,Tainan,193
/bbs/KoreaStar/index.html,KoreaStar,191
/bbs/creditcard/index.html,creditcard,191
/bbs/japanavgirls/index.html,japanavgirls,179
/bbs/ONE_PIECE/index.html,ONE_PIECE,177
/bbs/CFantasy/index.html,CFantasy,174
/bbs/PCReDive/index.html,PCReDive,171
/bbs/Hearthstone/index.html,Hearthstone,162
/bbs/EAseries/index.html,EAseries,157
/bbs/SportLottery/index.html,SportLottery,145
/bbs/KoreaDrama/index.html,KoreaDrama,144
/bbs/NSwitch/index.html,NSwitch,141
/bbs/TaichungBun/index.html,TaichungBun,136
/bbs/AC_In/index.html,AC_In,131
/bbs/HardwareSale/index.html,HardwareSale,131
/bbs/home-sale/index.html,home-sale,130
/bbs/Elephants/index.html,Elephants,124
/bbs/NBA_Film/index.html,NBA_Film,122
/bbs/PokemonGO/index.html,PokemonGO,122
/bbs/MakeUp/index.html,MakeUp,109
/bbs/iOS/index.html,iOS,107
/bbs/Salary/index.html,Salary,105
/bbs/WOW/index.html,WOW,103
/bbs/CVS/index.html,CVS,103
/bbs/StupidClown/index.html,StupidClown,101
/bbs/Japandrama/index.html,Japandrama,99
/bbs/BeautySalon/index.html,BeautySalon,95
/bbs/Aviation/index.html,Aviation,93
/bbs/BuyTogether/index.html,BuyTogether,89
/bbs/PuzzleDragon/index.html,PuzzleDragon,88
/bbs/MuscleBeach/index.html,MuscleBeach,87
/bbs/YuanChuang/index.html,YuanChuang,85
/bbs/Option/index.html,Option,79
/bbs/biker/index.html,biker,79
/bbs/Hsinchu/index.html,Hsinchu,76
/bbs/Palmar_Drama/index.html,Palmar_Drama,74
/bbs/Headphone/index.html,Headphone,71
/bbs/Food/index.html,Food,69
/bbs/Gamesale/index.html,Gamesale,68
/bbs/Soft_Job/index.html,Soft_Job,68
/bbs/MLB/index.html,MLB,67
/bbs/Military/index.html,Military,67
/bbs/part-time/index.html,part-time,66
/bbs/cat/index.html,cat,65
/bbs/DSLR/index.html,DSLR,62
/bbs/TaiwanDrama/index.html,TaiwanDrama,62
/bbs/China-Drama/index.html,China-Drama,61
/bbs/basketballTW/index.html,basketballTW,61
/bbs/mobilesales/index.html,mobilesales,60
/bbs/studyteacher/index.html,studyteacher,60
/bbs/gay/index.html,gay,59
/bbs/TWICE/index.html,TWICE,55
/bbs/MobilePay/index.html,MobilePay,50
/bbs/forsale/index.html,forsale,48
/bbs/KoreanPop/index.html,KoreanPop,47
/bbs/Wanted/index.html,Wanted,47
/bbs/feminine_sex/index.html,feminine_sex,46
/bbs/Examination/index.html,Examination,46
/bbs/GetMarry/index.html,GetMarry,46
/bbs/MayDay/index.html,MayDay,45
/bbs/CarShop/index.html,CarShop,44
/bbs/Mobile-game/index.html,Mobile-game,44
/bbs/DMM_GAMES/index.html,DMM_GAMES,44
/bbs/GBF/index.html,GBF,44
/bbs/AKB48/index.html,AKB48,43
/bbs/PublicServan/index.html,PublicServan,43
/bbs/TypeMoon/index.html,TypeMoon,43
/bbs/LGBT_SEX/index.html,LGBT_SEX,43
/bbs/cookclub/index.html,cookclub,42
/bbs/FITNESS/index.html,FITNESS,42
/bbs/HelpBuy/index.html,HelpBuy,41
/bbs/Monkeys/index.html,Monkeys,41
/bbs/Key_Mou_Pad/index.html,Key_Mou_Pad,40
/bbs/graduate/index.html,graduate,40
/bbs/TW_Entertain/index.html,TW_Entertain,40
/bbs/IdolMaster/index.html,IdolMaster,39
/bbs/MH/index.html,MH,38
/bbs/watch/index.html,watch,38
/bbs/nb-shopping/index.html,nb-shopping,37
/bbs/job/index.html,job,37
/bbs/MacShop/index.html,MacShop,36
/bbs/DIABLO/index.html,DIABLO,36
/bbs/hypermall/index.html,hypermall,35
/bbs/Gov_owned/index.html,Gov_owned,35
/bbs/Guardians/index.html,Guardians,35
/bbs/ClashRoyale/index.html,ClashRoyale,34
/bbs/lesbian/index.html,lesbian,34
/bbs/points/index.html,points,31
/bbs/Taoyuan/index.html,Taoyuan,31
/bbs/Lions/index.html,Lions,31
/bbs/IZONE/index.html,IZONE,30
/bbs/Bank_Service/index.html,Bank_Service,30
/bbs/Finance/index.html,Finance,29
/bbs/Nogizaka46/index.html,Nogizaka46,29
/bbs/medstudent/index.html,medstudent,29
/bbs/BTS/index.html,BTS,29
