﻿/bbs/Gossiping/index.html,Gossiping,18435
/bbs/Baseball/index.html,Baseball,5615
/bbs/C_Chat/index.html,C_Chat,3245
/bbs/NBA/index.html,NBA,2914
/bbs/HatePolitics/index.html,HatePolitics,2764
/bbs/movie/index.html,movie,2079
/bbs/Stock/index.html,Stock,1670
/bbs/LoL/index.html,LoL,1407
/bbs/Lifeismoney/index.html,Lifeismoney,1383
/bbs/MobileComm/index.html,MobileComm,1363
/bbs/sex/index.html,sex,1229
/bbs/car/index.html,car,1112
/bbs/KR_Entertain/index.html,KR_Entertain,1031
/bbs/Tennis/index.html,Tennis,975
/bbs/BabyMother/index.html,BabyMother,948
/bbs/WomenTalk/index.html,WomenTalk,875
/bbs/ToS/index.html,ToS,846
/bbs/joke/index.html,joke,795
/bbs/e-shopping/index.html,e-shopping,787
/bbs/Beauty/index.html,Beauty,780
/bbs/Tech_Job/index.html,Tech_Job,731
/bbs/Elephants/index.html,Elephants,670
/bbs/Boy-Girl/index.html,Boy-Girl,659
/bbs/PC_Shopping/index.html,PC_Shopping,649
/bbs/Hearthstone/index.html,Hearthstone,640
/bbs/KoreaDrama/index.html,KoreaDrama,588
/bbs/KoreaStar/index.html,KoreaStar,576
/bbs/Japan_Travel/index.html,Japan_Travel,563
/bbs/marvel/index.html,marvel,557
/bbs/marriage/index.html,marriage,533
/bbs/Kaohsiung/index.html,Kaohsiung,506
/bbs/MakeUp/index.html,MakeUp,480
/bbs/StupidClown/index.html,StupidClown,476
/bbs/AllTogether/index.html,AllTogether,463
/bbs/Monkeys/index.html,Monkeys,460
/bbs/PlayStation/index.html,PlayStation,447
/bbs/home-sale/index.html,home-sale,424
/bbs/Tainan/index.html,Tainan,418
/bbs/Steam/index.html,Steam,416
/bbs/creditcard/index.html,creditcard,405
/bbs/Guardians/index.html,Guardians,400
/bbs/KanColle/index.html,KanColle,393
/bbs/SportLottery/index.html,SportLottery,338
/bbs/EAseries/index.html,EAseries,331
/bbs/Lions/index.html,Lions,316
/bbs/TaichungBun/index.html,TaichungBun,309
/bbs/iOS/index.html,iOS,308
/bbs/BeautySalon/index.html,BeautySalon,301
/bbs/CFantasy/index.html,CFantasy,300
/bbs/japanavgirls/index.html,japanavgirls,294
/bbs/NSwitch/index.html,NSwitch,276
/bbs/Japandrama/index.html,Japandrama,263
/bbs/TaiwanDrama/index.html,TaiwanDrama,261
/bbs/studyteacher/index.html,studyteacher,251
/bbs/FATE_GO/index.html,FATE_GO,248
/bbs/PCReDive/index.html,PCReDive,244
/bbs/TW_Entertain/index.html,TW_Entertain,240
/bbs/ONE_PIECE/index.html,ONE_PIECE,238
/bbs/HardwareSale/index.html,HardwareSale,235
/bbs/PokemonGO/index.html,PokemonGO,232
/bbs/BuyTogether/index.html,BuyTogether,228
/bbs/AC_In/index.html,AC_In,215
/bbs/YuanChuang/index.html,YuanChuang,213
/bbs/Salary/index.html,Salary,204
/bbs/basketballTW/index.html,basketballTW,200
/bbs/Hsinchu/index.html,Hsinchu,199
/bbs/MuscleBeach/index.html,MuscleBeach,197
/bbs/biker/index.html,biker,194
/bbs/KoreanPop/index.html,KoreanPop,192
/bbs/NBA_Film/index.html,NBA_Film,191
/bbs/Examination/index.html,Examination,186
/bbs/WOW/index.html,WOW,182
/bbs/CVS/index.html,CVS,182
/bbs/Food/index.html,Food,178
/bbs/gay/index.html,gay,173
/bbs/Aviation/index.html,Aviation,170
/bbs/PuzzleDragon/index.html,PuzzleDragon,169
/bbs/MayDay/index.html,MayDay,167
/bbs/TWICE/index.html,TWICE,159
/bbs/BTS/index.html,BTS,155
/bbs/GetMarry/index.html,GetMarry,155
/bbs/China-Drama/index.html,China-Drama,154
/bbs/cat/index.html,cat,150
/bbs/lesbian/index.html,lesbian,149
/bbs/GBF/index.html,GBF,145
/bbs/Palmar_Drama/index.html,Palmar_Drama,145
/bbs/Gamesale/index.html,Gamesale,141
/bbs/mobilesales/index.html,mobilesales,139
/bbs/MLB/index.html,MLB,134
/bbs/Headphone/index.html,Headphone,133
/bbs/Soft_Job/index.html,Soft_Job,130
/bbs/IZONE/index.html,IZONE,124
/bbs/part-time/index.html,part-time,123
/bbs/DSLR/index.html,DSLR,121
/bbs/MH/index.html,MH,120
/bbs/forsale/index.html,forsale,120
/bbs/AKB48/index.html,AKB48,117
/bbs/HelpBuy/index.html,HelpBuy,117
/bbs/MobilePay/index.html,MobilePay,117
/bbs/Wanted/index.html,Wanted,117
/bbs/Finance/index.html,Finance,115
/bbs/CarShop/index.html,CarShop,114
/bbs/cookclub/index.html,cookclub,113
/bbs/PublicServan/index.html,PublicServan,109
/bbs/DMM_GAMES/index.html,DMM_GAMES,107
/bbs/MacShop/index.html,MacShop,105
/bbs/tabletennis/index.html,tabletennis,105
/bbs/TypeMoon/index.html,TypeMoon,102
/bbs/give/index.html,give,101
/bbs/FITNESS/index.html,FITNESS,99
/bbs/watch/index.html,watch,97
/bbs/Drama-Ticket/index.html,Drama-Ticket,94
/bbs/Mobile-game/index.html,Mobile-game,92
/bbs/Key_Mou_Pad/index.html,Key_Mou_Pad,92
/bbs/fastfood/index.html,fastfood,92
/bbs/Gov_owned/index.html,Gov_owned,91
/bbs/BabyProducts/index.html,BabyProducts,87
/bbs/medstudent/index.html,medstudent,85
/bbs/RealmOfValor/index.html,RealmOfValor,85
/bbs/StarCraft/index.html,StarCraft,81
/bbs/nb-shopping/index.html,nb-shopping,79
/bbs/job/index.html,job,79
/bbs/Brand/index.html,Brand,78
/bbs/DC_SALE/index.html,DC_SALE,77
/bbs/Nogizaka46/index.html,Nogizaka46,77
/bbs/E-appliance/index.html,E-appliance,76
/bbs/Teacher/index.html,Teacher,75
/bbs/Military/index.html,Military,75
