﻿/bbs/Gossiping/index.html,Gossiping,13611
/bbs/NBA/index.html,NBA,3566
/bbs/C_Chat/index.html,C_Chat,2591
/bbs/Baseball/index.html,Baseball,2076
/bbs/Stock/index.html,Stock,1812
/bbs/sex/index.html,sex,1392
/bbs/HatePolitics/index.html,HatePolitics,1347
/bbs/movie/index.html,movie,1132
/bbs/MobileComm/index.html,MobileComm,1070
/bbs/Beauty/index.html,Beauty,967
/bbs/Lifeismoney/index.html,Lifeismoney,899
/bbs/car/index.html,car,864
/bbs/Tech_Job/index.html,Tech_Job,780
/bbs/ToS/index.html,ToS,761
/bbs/LoL/index.html,LoL,726
/bbs/Boy-Girl/index.html,Boy-Girl,725
/bbs/KR_Entertain/index.html,KR_Entertain,712
/bbs/creditcard/index.html,creditcard,695
/bbs/BabyMother/index.html,BabyMother,680
/bbs/WomenTalk/index.html,WomenTalk,579
/bbs/marvel/index.html,marvel,512
/bbs/PC_Shopping/index.html,PC_Shopping,511
/bbs/KoreaStar/index.html,KoreaStar,502
/bbs/joke/index.html,joke,497
/bbs/e-shopping/index.html,e-shopping,472
/bbs/AllTogether/index.html,AllTogether,436
/bbs/Japan_Travel/index.html,Japan_Travel,427
/bbs/PlayStation/index.html,PlayStation,400
/bbs/Tainan/index.html,Tainan,361
/bbs/marriage/index.html,marriage,360
/bbs/Steam/index.html,Steam,342
/bbs/Kaohsiung/index.html,Kaohsiung,340
/bbs/Tennis/index.html,Tennis,327
/bbs/SportLottery/index.html,SportLottery,319
/bbs/MakeUp/index.html,MakeUp,315
/bbs/japanavgirls/index.html,japanavgirls,315
/bbs/home-sale/index.html,home-sale,313
/bbs/FATE_GO/index.html,FATE_GO,308
/bbs/KoreaDrama/index.html,KoreaDrama,293
/bbs/ONE_PIECE/index.html,ONE_PIECE,279
/bbs/Hearthstone/index.html,Hearthstone,270
/bbs/KanColle/index.html,KanColle,253
/bbs/StupidClown/index.html,StupidClown,248
/bbs/TaichungBun/index.html,TaichungBun,243
/bbs/PCReDive/index.html,PCReDive,241
/bbs/PokemonGO/index.html,PokemonGO,241
/bbs/NSwitch/index.html,NSwitch,228
/bbs/iOS/index.html,iOS,218
/bbs/Salary/index.html,Salary,216
/bbs/CFantasy/index.html,CFantasy,211
/bbs/EAseries/index.html,EAseries,206
/bbs/BeautySalon/index.html,BeautySalon,206
/bbs/Elephants/index.html,Elephants,190
/bbs/CVS/index.html,CVS,187
/bbs/Japandrama/index.html,Japandrama,177
/bbs/HardwareSale/index.html,HardwareSale,176
/bbs/BuyTogether/index.html,BuyTogether,176
/bbs/AC_In/index.html,AC_In,167
/bbs/NBA_Film/index.html,NBA_Film,162
/bbs/NY-Yankees/index.html,NY-Yankees,147
/bbs/WOW/index.html,WOW,143
/bbs/basketballTW/index.html,basketballTW,140
/bbs/PuzzleDragon/index.html,PuzzleDragon,138
/bbs/MuscleBeach/index.html,MuscleBeach,133
/bbs/Aviation/index.html,Aviation,131
/bbs/studyteacher/index.html,studyteacher,130
/bbs/MobilePay/index.html,MobilePay,129
/bbs/Hsinchu/index.html,Hsinchu,127
/bbs/Palmar_Drama/index.html,Palmar_Drama,125
/bbs/biker/index.html,biker,122
/bbs/YuanChuang/index.html,YuanChuang,118
/bbs/TaiwanDrama/index.html,TaiwanDrama,118
/bbs/Gamesale/index.html,Gamesale,115
/bbs/MLB/index.html,MLB,114
/bbs/mobilesales/index.html,mobilesales,110
/bbs/Soft_Job/index.html,Soft_Job,109
/bbs/KoreanPop/index.html,KoreanPop,109
/bbs/MayDay/index.html,MayDay,108
/bbs/part-time/index.html,part-time,107
/bbs/TWICE/index.html,TWICE,106
/bbs/Food/index.html,Food,105
/bbs/Headphone/index.html,Headphone,104
/bbs/DSLR/index.html,DSLR,101
/bbs/gay/index.html,gay,98
/bbs/cat/index.html,cat,97
/bbs/Examination/index.html,Examination,94
/bbs/forsale/index.html,forsale,91
/bbs/watch/index.html,watch,90
/bbs/lesbian/index.html,lesbian,90
/bbs/China-Drama/index.html,China-Drama,89
/bbs/Military/index.html,Military,88
/bbs/GetMarry/index.html,GetMarry,83
/bbs/Mobile-game/index.html,Mobile-game,79
/bbs/medstudent/index.html,medstudent,77
/bbs/feminine_sex/index.html,feminine_sex,77
/bbs/GBF/index.html,GBF,77
/bbs/FITNESS/index.html,FITNESS,77
/bbs/Wanted/index.html,Wanted,76
/bbs/IZONE/index.html,IZONE,75
/bbs/BTS/index.html,BTS,75
/bbs/Gov_owned/index.html,Gov_owned,75
/bbs/LGBT_SEX/index.html,LGBT_SEX,74
/bbs/DMM_GAMES/index.html,DMM_GAMES,73
/bbs/CarShop/index.html,CarShop,72
/bbs/MacShop/index.html,MacShop,72
/bbs/Monkeys/index.html,Monkeys,72
/bbs/RealmOfValor/index.html,RealmOfValor,72
/bbs/Finance/index.html,Finance,71
/bbs/PublicServan/index.html,PublicServan,71
/bbs/TypeMoon/index.html,TypeMoon,70
/bbs/Option/index.html,Option,70
/bbs/TW_Entertain/index.html,TW_Entertain,70
/bbs/AKB48/index.html,AKB48,69
/bbs/Bank_Service/index.html,Bank_Service,69
/bbs/tabletennis/index.html,tabletennis,69
/bbs/SuperJunior/index.html,SuperJunior,67
/bbs/Key_Mou_Pad/index.html,Key_Mou_Pad,67
/bbs/DIABLO/index.html,DIABLO,67
/bbs/graduate/index.html,graduate,66
/bbs/nb-shopping/index.html,nb-shopping,65
/bbs/BabyProducts/index.html,BabyProducts,62
/bbs/HelpBuy/index.html,HelpBuy,62
/bbs/BB-Love/index.html,BB-Love,62
/bbs/points/index.html,points,62
/bbs/Taoyuan/index.html,Taoyuan,62
/bbs/MH/index.html,MH,61
/bbs/cookclub/index.html,cookclub,59
/bbs/Guardians/index.html,Guardians,59
