﻿/bbs/Gossiping/index.html,Gossiping,18437
/bbs/Baseball/index.html,Baseball,5726
/bbs/C_Chat/index.html,C_Chat,3126
/bbs/HatePolitics/index.html,HatePolitics,2885
/bbs/NBA/index.html,NBA,2844
/bbs/movie/index.html,movie,1944
/bbs/Stock/index.html,Stock,1536
/bbs/LoL/index.html,LoL,1501
/bbs/Lifeismoney/index.html,Lifeismoney,1344
/bbs/MobileComm/index.html,MobileComm,1272
/bbs/sex/index.html,sex,1086
/bbs/car/index.html,car,1056
/bbs/KR_Entertain/index.html,KR_Entertain,1026
/bbs/Elephants/index.html,Elephants,985
/bbs/ToS/index.html,ToS,865
/bbs/BabyMother/index.html,BabyMother,825
/bbs/WomenTalk/index.html,WomenTalk,775
/bbs/Tennis/index.html,Tennis,766
/bbs/joke/index.html,joke,749
/bbs/Tech_Job/index.html,Tech_Job,745
/bbs/Beauty/index.html,Beauty,729
/bbs/e-shopping/index.html,e-shopping,683
/bbs/PC_Shopping/index.html,PC_Shopping,638
/bbs/Boy-Girl/index.html,Boy-Girl,606
/bbs/KoreaStar/index.html,KoreaStar,602
/bbs/Monkeys/index.html,Monkeys,567
/bbs/marvel/index.html,marvel,559
/bbs/Japan_Travel/index.html,Japan_Travel,540
/bbs/Hearthstone/index.html,Hearthstone,510
/bbs/Guardians/index.html,Guardians,501
/bbs/Kaohsiung/index.html,Kaohsiung,493
/bbs/MakeUp/index.html,MakeUp,486
/bbs/KoreaDrama/index.html,KoreaDrama,485
/bbs/marriage/index.html,marriage,478
/bbs/AllTogether/index.html,AllTogether,473
/bbs/PlayStation/index.html,PlayStation,445
/bbs/StupidClown/index.html,StupidClown,439
/bbs/Steam/index.html,Steam,429
/bbs/KanColle/index.html,KanColle,396
/bbs/Lions/index.html,Lions,395
/bbs/creditcard/index.html,creditcard,392
/bbs/Tainan/index.html,Tainan,367
/bbs/home-sale/index.html,home-sale,363
/bbs/SportLottery/index.html,SportLottery,321
/bbs/EAseries/index.html,EAseries,310
/bbs/japanavgirls/index.html,japanavgirls,303
/bbs/NSwitch/index.html,NSwitch,294
/bbs/iOS/index.html,iOS,279
/bbs/CFantasy/index.html,CFantasy,273
/bbs/TaichungBun/index.html,TaichungBun,272
/bbs/PCReDive/index.html,PCReDive,253
/bbs/BuyTogether/index.html,BuyTogether,247
/bbs/Japandrama/index.html,Japandrama,247
/bbs/BeautySalon/index.html,BeautySalon,245
/bbs/ONE_PIECE/index.html,ONE_PIECE,239
/bbs/FATE_GO/index.html,FATE_GO,233
/bbs/HardwareSale/index.html,HardwareSale,227
/bbs/PokemonGO/index.html,PokemonGO,226
/bbs/basketballTW/index.html,basketballTW,223
/bbs/YuanChuang/index.html,YuanChuang,213
/bbs/Hsinchu/index.html,Hsinchu,209
/bbs/studyteacher/index.html,studyteacher,208
/bbs/TW_Entertain/index.html,TW_Entertain,208
/bbs/TaiwanDrama/index.html,TaiwanDrama,203
/bbs/AC_In/index.html,AC_In,202
/bbs/CVS/index.html,CVS,184
/bbs/KoreanPop/index.html,KoreanPop,183
/bbs/Salary/index.html,Salary,182
/bbs/Examination/index.html,Examination,182
/bbs/NBA_Film/index.html,NBA_Film,171
/bbs/MuscleBeach/index.html,MuscleBeach,171
/bbs/PuzzleDragon/index.html,PuzzleDragon,166
/bbs/biker/index.html,biker,166
/bbs/China-Drama/index.html,China-Drama,163
/bbs/WOW/index.html,WOW,159
/bbs/GBF/index.html,GBF,158
/bbs/TWICE/index.html,TWICE,156
/bbs/MayDay/index.html,MayDay,152
/bbs/IZONE/index.html,IZONE,147
/bbs/gay/index.html,gay,145
/bbs/Food/index.html,Food,145
/bbs/GetMarry/index.html,GetMarry,139
/bbs/Soft_Job/index.html,Soft_Job,138
/bbs/Palmar_Drama/index.html,Palmar_Drama,138
/bbs/Aviation/index.html,Aviation,137
/bbs/cat/index.html,cat,137
/bbs/mobilesales/index.html,mobilesales,136
/bbs/Gamesale/index.html,Gamesale,130
/bbs/BTS/index.html,BTS,124
/bbs/Headphone/index.html,Headphone,122
/bbs/MLB/index.html,MLB,122
/bbs/cookclub/index.html,cookclub,118
/bbs/PublicServan/index.html,PublicServan,115
/bbs/lesbian/index.html,lesbian,115
/bbs/forsale/index.html,forsale,112
/bbs/Wanted/index.html,Wanted,111
/bbs/MH/index.html,MH,110
/bbs/TypeMoon/index.html,TypeMoon,109
/bbs/part-time/index.html,part-time,109
/bbs/MobilePay/index.html,MobilePay,106
/bbs/AKB48/index.html,AKB48,104
/bbs/CarShop/index.html,CarShop,104
/bbs/DSLR/index.html,DSLR,103
/bbs/tabletennis/index.html,tabletennis,101
/bbs/Key_Mou_Pad/index.html,Key_Mou_Pad,99
/bbs/HelpBuy/index.html,HelpBuy,99
/bbs/Drama-Ticket/index.html,Drama-Ticket,98
/bbs/Finance/index.html,Finance,97
/bbs/DMM_GAMES/index.html,DMM_GAMES,97
/bbs/watch/index.html,watch,94
/bbs/medstudent/index.html,medstudent,93
/bbs/SuperJunior/index.html,SuperJunior,92
/bbs/MacShop/index.html,MacShop,92
/bbs/Nogizaka46/index.html,Nogizaka46,91
/bbs/Mobile-game/index.html,Mobile-game,89
/bbs/fastfood/index.html,fastfood,88
/bbs/Gov_owned/index.html,Gov_owned,87
/bbs/FITNESS/index.html,FITNESS,86
/bbs/give/index.html,give,85
/bbs/Taoyuan/index.html,Taoyuan,85
/bbs/nb-shopping/index.html,nb-shopping,83
/bbs/IdolMaster/index.html,IdolMaster,80
/bbs/Moto_GP/index.html,Moto_GP,79
/bbs/Korea_Travel/index.html,Korea_Travel,78
/bbs/E-appliance/index.html,E-appliance,78
/bbs/LGBT_SEX/index.html,LGBT_SEX,78
/bbs/Brand/index.html,Brand,77
/bbs/BabyProducts/index.html,BabyProducts,76
