﻿/bbs/Gossiping/index.html,Gossiping,18408
/bbs/NBA/index.html,NBA,3414
/bbs/Baseball/index.html,Baseball,3411
/bbs/C_Chat/index.html,C_Chat,3132
/bbs/HatePolitics/index.html,HatePolitics,2676
/bbs/Stock/index.html,Stock,1490
/bbs/movie/index.html,movie,1409
/bbs/MobileComm/index.html,MobileComm,1149
/bbs/sex/index.html,sex,1066
/bbs/Lifeismoney/index.html,Lifeismoney,1032
/bbs/KR_Entertain/index.html,KR_Entertain,921
/bbs/LoL/index.html,LoL,908
/bbs/car/index.html,car,798
/bbs/Beauty/index.html,Beauty,791
/bbs/ToS/index.html,ToS,778
/bbs/WomenTalk/index.html,WomenTalk,772
/bbs/Tech_Job/index.html,Tech_Job,753
/bbs/BabyMother/index.html,BabyMother,707
/bbs/Boy-Girl/index.html,Boy-Girl,622
/bbs/PC_Shopping/index.html,PC_Shopping,582
/bbs/KoreaStar/index.html,KoreaStar,576
/bbs/marvel/index.html,marvel,549
/bbs/e-shopping/index.html,e-shopping,534
/bbs/joke/index.html,joke,461
/bbs/Japan_Travel/index.html,Japan_Travel,457
/bbs/basketballTW/index.html,basketballTW,454
/bbs/creditcard/index.html,creditcard,441
/bbs/marriage/index.html,marriage,432
/bbs/SportLottery/index.html,SportLottery,414
/bbs/PlayStation/index.html,PlayStation,399
/bbs/StupidClown/index.html,StupidClown,383
/bbs/KoreaDrama/index.html,KoreaDrama,381
/bbs/Kaohsiung/index.html,Kaohsiung,369
/bbs/Steam/index.html,Steam,357
/bbs/AllTogether/index.html,AllTogether,356
/bbs/Tainan/index.html,Tainan,342
/bbs/MakeUp/index.html,MakeUp,342
/bbs/japanavgirls/index.html,japanavgirls,342
/bbs/KanColle/index.html,KanColle,328
/bbs/Hearthstone/index.html,Hearthstone,294
/bbs/Tennis/index.html,Tennis,290
/bbs/CFantasy/index.html,CFantasy,288
/bbs/home-sale/index.html,home-sale,286
/bbs/FATE_GO/index.html,FATE_GO,280
/bbs/TaichungBun/index.html,TaichungBun,273
/bbs/PokemonGO/index.html,PokemonGO,270
/bbs/EAseries/index.html,EAseries,266
/bbs/NSwitch/index.html,NSwitch,262
/bbs/iOS/index.html,iOS,256
/bbs/ONE_PIECE/index.html,ONE_PIECE,247
/bbs/PCReDive/index.html,PCReDive,234
/bbs/HardwareSale/index.html,HardwareSale,203
/bbs/BeautySalon/index.html,BeautySalon,193
/bbs/Japandrama/index.html,Japandrama,189
/bbs/BuyTogether/index.html,BuyTogether,187
/bbs/CVS/index.html,CVS,182
/bbs/AC_In/index.html,AC_In,181
/bbs/NBA_Film/index.html,NBA_Film,175
/bbs/studyteacher/index.html,studyteacher,172
/bbs/Salary/index.html,Salary,171
/bbs/Elephants/index.html,Elephants,171
/bbs/Monkeys/index.html,Monkeys,163
/bbs/PuzzleDragon/index.html,PuzzleDragon,159
/bbs/Examination/index.html,Examination,157
/bbs/MuscleBeach/index.html,MuscleBeach,152
/bbs/mobilesales/index.html,mobilesales,147
/bbs/biker/index.html,biker,146
/bbs/Aviation/index.html,Aviation,145
/bbs/MobilePay/index.html,MobilePay,142
/bbs/GBF/index.html,GBF,141
/bbs/Food/index.html,Food,140
/bbs/Palmar_Drama/index.html,Palmar_Drama,138
/bbs/WOW/index.html,WOW,134
/bbs/tabletennis/index.html,tabletennis,133
/bbs/Gamesale/index.html,Gamesale,128
/bbs/Hsinchu/index.html,Hsinchu,127
/bbs/Headphone/index.html,Headphone,126
/bbs/Soft_Job/index.html,Soft_Job,125
/bbs/YuanChuang/index.html,YuanChuang,121
/bbs/TaiwanDrama/index.html,TaiwanDrama,119
/bbs/MayDay/index.html,MayDay,117
/bbs/KoreanPop/index.html,KoreanPop,115
/bbs/China-Drama/index.html,China-Drama,115
/bbs/TWICE/index.html,TWICE,114
/bbs/gay/index.html,gay,113
/bbs/CarShop/index.html,CarShop,111
/bbs/BTS/index.html,BTS,110
/bbs/part-time/index.html,part-time,106
/bbs/MLB/index.html,MLB,104
/bbs/StarCraft/index.html,StarCraft,101
/bbs/Drama-Ticket/index.html,Drama-Ticket,100
/bbs/cat/index.html,cat,100
/bbs/DMM_GAMES/index.html,DMM_GAMES,99
/bbs/medstudent/index.html,medstudent,97
/bbs/DSLR/index.html,DSLR,94
/bbs/Wanted/index.html,Wanted,91
/bbs/Mobile-game/index.html,Mobile-game,88
/bbs/PublicServan/index.html,PublicServan,88
/bbs/lesbian/index.html,lesbian,88
/bbs/HelpBuy/index.html,HelpBuy,87
/bbs/graduate/index.html,graduate,87
/bbs/Finance/index.html,Finance,86
/bbs/forsale/index.html,forsale,85
/bbs/nb-shopping/index.html,nb-shopping,83
/bbs/E-appliance/index.html,E-appliance,83
/bbs/watch/index.html,watch,83
/bbs/FITNESS/index.html,FITNESS,83
/bbs/TW_Entertain/index.html,TW_Entertain,83
/bbs/fastfood/index.html,fastfood,82
/bbs/Lakers/index.html,Lakers,82
/bbs/Military/index.html,Military,82
/bbs/IZONE/index.html,IZONE,81
/bbs/GetMarry/index.html,GetMarry,80
/bbs/Gov_owned/index.html,Gov_owned,79
/bbs/Guardians/index.html,Guardians,79
/bbs/SuperJunior/index.html,SuperJunior,78
/bbs/PathofExile/index.html,PathofExile,78
/bbs/AKB48/index.html,AKB48,76
/bbs/Key_Mou_Pad/index.html,Key_Mou_Pad,76
/bbs/DIABLO/index.html,DIABLO,76
/bbs/feminine_sex/index.html,feminine_sex,75
/bbs/hypermall/index.html,hypermall,74
/bbs/MacShop/index.html,MacShop,73
/bbs/Brand/index.html,Brand,72
/bbs/TypeMoon/index.html,TypeMoon,69
/bbs/give/index.html,give,65
/bbs/MH/index.html,MH,64
/bbs/cookclub/index.html,cookclub,64
