﻿/bbs/Gossiping/index.html,Gossiping,18410
/bbs/Baseball/index.html,Baseball,5940
/bbs/C_Chat/index.html,C_Chat,3179
/bbs/NBA/index.html,NBA,2808
/bbs/HatePolitics/index.html,HatePolitics,2792
/bbs/movie/index.html,movie,2061
/bbs/Stock/index.html,Stock,1631
/bbs/LoL/index.html,LoL,1420
/bbs/Lifeismoney/index.html,Lifeismoney,1372
/bbs/MobileComm/index.html,MobileComm,1364
/bbs/sex/index.html,sex,1170
/bbs/car/index.html,car,1062
/bbs/KR_Entertain/index.html,KR_Entertain,1054
/bbs/BabyMother/index.html,BabyMother,938
/bbs/ToS/index.html,ToS,856
/bbs/WomenTalk/index.html,WomenTalk,841
/bbs/Tennis/index.html,Tennis,813
/bbs/joke/index.html,joke,801
/bbs/Elephants/index.html,Elephants,769
/bbs/e-shopping/index.html,e-shopping,755
/bbs/Beauty/index.html,Beauty,753
/bbs/Tech_Job/index.html,Tech_Job,705
/bbs/Boy-Girl/index.html,Boy-Girl,653
/bbs/Hearthstone/index.html,Hearthstone,650
/bbs/PC_Shopping/index.html,PC_Shopping,649
/bbs/KoreaStar/index.html,KoreaStar,577
/bbs/KoreaDrama/index.html,KoreaDrama,556
/bbs/Japan_Travel/index.html,Japan_Travel,555
/bbs/marvel/index.html,marvel,530
/bbs/Monkeys/index.html,Monkeys,515
/bbs/marriage/index.html,marriage,507
/bbs/Kaohsiung/index.html,Kaohsiung,497
/bbs/Guardians/index.html,Guardians,496
/bbs/AllTogether/index.html,AllTogether,487
/bbs/StupidClown/index.html,StupidClown,480
/bbs/MakeUp/index.html,MakeUp,479
/bbs/PlayStation/index.html,PlayStation,446
/bbs/Tainan/index.html,Tainan,426
/bbs/Steam/index.html,Steam,416
/bbs/KanColle/index.html,KanColle,407
/bbs/creditcard/index.html,creditcard,396
/bbs/home-sale/index.html,home-sale,385
/bbs/EAseries/index.html,EAseries,349
/bbs/SportLottery/index.html,SportLottery,327
/bbs/Lions/index.html,Lions,326
/bbs/japanavgirls/index.html,japanavgirls,313
/bbs/iOS/index.html,iOS,296
/bbs/BeautySalon/index.html,BeautySalon,291
/bbs/TaichungBun/index.html,TaichungBun,289
/bbs/CFantasy/index.html,CFantasy,285
/bbs/NSwitch/index.html,NSwitch,271
/bbs/TW_Entertain/index.html,TW_Entertain,270
/bbs/Japandrama/index.html,Japandrama,259
/bbs/studyteacher/index.html,studyteacher,254
/bbs/FATE_GO/index.html,FATE_GO,246
/bbs/PCReDive/index.html,PCReDive,245
/bbs/BuyTogether/index.html,BuyTogether,234
/bbs/HardwareSale/index.html,HardwareSale,230
/bbs/basketballTW/index.html,basketballTW,228
/bbs/PokemonGO/index.html,PokemonGO,223
/bbs/ONE_PIECE/index.html,ONE_PIECE,222
/bbs/YuanChuang/index.html,YuanChuang,221
/bbs/MuscleBeach/index.html,MuscleBeach,210
/bbs/TaiwanDrama/index.html,TaiwanDrama,209
/bbs/CVS/index.html,CVS,207
/bbs/Salary/index.html,Salary,200
/bbs/Hsinchu/index.html,Hsinchu,197
/bbs/AC_In/index.html,AC_In,194
/bbs/Examination/index.html,Examination,186
/bbs/NBA_Film/index.html,NBA_Film,182
/bbs/China-Drama/index.html,China-Drama,174
/bbs/WOW/index.html,WOW,173
/bbs/KoreanPop/index.html,KoreanPop,172
/bbs/biker/index.html,biker,171
/bbs/MayDay/index.html,MayDay,165
/bbs/Aviation/index.html,Aviation,163
/bbs/Food/index.html,Food,161
/bbs/gay/index.html,gay,158
/bbs/PuzzleDragon/index.html,PuzzleDragon,156
/bbs/TWICE/index.html,TWICE,152
/bbs/GBF/index.html,GBF,149
/bbs/cat/index.html,cat,148
/bbs/BTS/index.html,BTS,147
/bbs/GetMarry/index.html,GetMarry,143
/bbs/Palmar_Drama/index.html,Palmar_Drama,143
/bbs/Soft_Job/index.html,Soft_Job,138
/bbs/Headphone/index.html,Headphone,135
/bbs/lesbian/index.html,lesbian,133
/bbs/mobilesales/index.html,mobilesales,132
/bbs/Gamesale/index.html,Gamesale,131
/bbs/MLB/index.html,MLB,131
/bbs/IZONE/index.html,IZONE,128
/bbs/MH/index.html,MH,125
/bbs/Wanted/index.html,Wanted,121
/bbs/CarShop/index.html,CarShop,118
/bbs/forsale/index.html,forsale,114
/bbs/MobilePay/index.html,MobilePay,112
/bbs/part-time/index.html,part-time,112
/bbs/DSLR/index.html,DSLR,111
/bbs/MacShop/index.html,MacShop,111
/bbs/HelpBuy/index.html,HelpBuy,110
/bbs/cookclub/index.html,cookclub,110
/bbs/AKB48/index.html,AKB48,109
/bbs/Finance/index.html,Finance,102
/bbs/TypeMoon/index.html,TypeMoon,101
/bbs/DMM_GAMES/index.html,DMM_GAMES,101
/bbs/tabletennis/index.html,tabletennis,100
/bbs/watch/index.html,watch,98
/bbs/give/index.html,give,97
/bbs/fastfood/index.html,fastfood,97
/bbs/Gov_owned/index.html,Gov_owned,96
/bbs/medstudent/index.html,medstudent,95
/bbs/PublicServan/index.html,PublicServan,92
/bbs/Mobile-game/index.html,Mobile-game,90
/bbs/Key_Mou_Pad/index.html,Key_Mou_Pad,90
/bbs/FITNESS/index.html,FITNESS,90
/bbs/nb-shopping/index.html,nb-shopping,87
/bbs/StarCraft/index.html,StarCraft,84
/bbs/Nogizaka46/index.html,Nogizaka46,83
/bbs/Drama-Ticket/index.html,Drama-Ticket,82
/bbs/Taoyuan/index.html,Taoyuan,82
/bbs/hypermall/index.html,hypermall,81
/bbs/Moto_GP/index.html,Moto_GP,80
/bbs/Badminton/index.html,Badminton,80
/bbs/BabyProducts/index.html,BabyProducts,78
/bbs/Military/index.html,Military,77
/bbs/LGBT_SEX/index.html,LGBT_SEX,75
/bbs/Teacher/index.html,Teacher,75
