﻿/bbs/Gossiping/index.html,Gossiping,10029
/bbs/NBA/index.html,NBA,2400
/bbs/C_Chat/index.html,C_Chat,1970
/bbs/Baseball/index.html,Baseball,1493
/bbs/Stock/index.html,Stock,1387
/bbs/sex/index.html,sex,1322
/bbs/HatePolitics/index.html,HatePolitics,1090
/bbs/movie/index.html,movie,902
/bbs/MobileComm/index.html,MobileComm,748
/bbs/Beauty/index.html,Beauty,692
/bbs/car/index.html,car,652
/bbs/Lifeismoney/index.html,Lifeismoney,567
/bbs/LoL/index.html,LoL,564
/bbs/Boy-Girl/index.html,Boy-Girl,549
/bbs/ToS/index.html,ToS,547
/bbs/Tech_Job/index.html,Tech_Job,536
/bbs/BabyMother/index.html,BabyMother,517
/bbs/WomenTalk/index.html,WomenTalk,461
/bbs/KR_Entertain/index.html,KR_Entertain,422
/bbs/PC_Shopping/index.html,PC_Shopping,408
/bbs/marvel/index.html,marvel,391
/bbs/joke/index.html,joke,387
/bbs/KoreaStar/index.html,KoreaStar,339
/bbs/AllTogether/index.html,AllTogether,336
/bbs/marriage/index.html,marriage,331
/bbs/e-shopping/index.html,e-shopping,331
/bbs/PlayStation/index.html,PlayStation,315
/bbs/Tennis/index.html,Tennis,306
/bbs/Japan_Travel/index.html,Japan_Travel,301
/bbs/creditcard/index.html,creditcard,290
/bbs/Kaohsiung/index.html,Kaohsiung,272
/bbs/Steam/index.html,Steam,259
/bbs/FATE_GO/index.html,FATE_GO,250
/bbs/Tainan/index.html,Tainan,250
/bbs/japanavgirls/index.html,japanavgirls,246
/bbs/SportLottery/index.html,SportLottery,239
/bbs/ONE_PIECE/index.html,ONE_PIECE,216
/bbs/home-sale/index.html,home-sale,213
/bbs/KanColle/index.html,KanColle,210
/bbs/Hearthstone/index.html,Hearthstone,208
/bbs/CFantasy/index.html,CFantasy,193
/bbs/NSwitch/index.html,NSwitch,190
/bbs/KoreaDrama/index.html,KoreaDrama,189
/bbs/PCReDive/index.html,PCReDive,188
/bbs/PokemonGO/index.html,PokemonGO,182
/bbs/MakeUp/index.html,MakeUp,180
/bbs/TaichungBun/index.html,TaichungBun,174
/bbs/iOS/index.html,iOS,172
/bbs/EAseries/index.html,EAseries,171
/bbs/StupidClown/index.html,StupidClown,158
/bbs/BeautySalon/index.html,BeautySalon,151
/bbs/HardwareSale/index.html,HardwareSale,150
/bbs/AC_In/index.html,AC_In,146
/bbs/Salary/index.html,Salary,143
/bbs/CVS/index.html,CVS,143
/bbs/Elephants/index.html,Elephants,140
/bbs/NBA_Film/index.html,NBA_Film,139
/bbs/WOW/index.html,WOW,128
/bbs/Aviation/index.html,Aviation,118
/bbs/BuyTogether/index.html,BuyTogether,117
/bbs/PuzzleDragon/index.html,PuzzleDragon,114
/bbs/MuscleBeach/index.html,MuscleBeach,114
/bbs/biker/index.html,biker,110
/bbs/MLB/index.html,MLB,108
/bbs/studyteacher/index.html,studyteacher,107
/bbs/Palmar_Drama/index.html,Palmar_Drama,106
/bbs/Japandrama/index.html,Japandrama,104
/bbs/Hsinchu/index.html,Hsinchu,102
/bbs/YuanChuang/index.html,YuanChuang,97
/bbs/basketballTW/index.html,basketballTW,96
/bbs/Soft_Job/index.html,Soft_Job,89
/bbs/MobilePay/index.html,MobilePay,87
/bbs/TaiwanDrama/index.html,TaiwanDrama,87
/bbs/Option/index.html,Option,83
/bbs/Gamesale/index.html,Gamesale,82
/bbs/mobilesales/index.html,mobilesales,80
/bbs/Food/index.html,Food,80
/bbs/part-time/index.html,part-time,79
/bbs/MayDay/index.html,MayDay,77
/bbs/gay/index.html,gay,76
/bbs/Military/index.html,Military,76
/bbs/DSLR/index.html,DSLR,75
/bbs/Examination/index.html,Examination,74
/bbs/Wanted/index.html,Wanted,72
/bbs/watch/index.html,watch,72
/bbs/Headphone/index.html,Headphone,71
/bbs/NY-Yankees/index.html,NY-Yankees,71
/bbs/PublicServan/index.html,PublicServan,70
/bbs/LGBT_SEX/index.html,LGBT_SEX,70
/bbs/CarShop/index.html,CarShop,69
/bbs/cat/index.html,cat,69
/bbs/forsale/index.html,forsale,68
/bbs/KoreanPop/index.html,KoreanPop,67
/bbs/Gov_owned/index.html,Gov_owned,64
/bbs/feminine_sex/index.html,feminine_sex,64
/bbs/GetMarry/index.html,GetMarry,64
/bbs/TWICE/index.html,TWICE,62
/bbs/medstudent/index.html,medstudent,60
/bbs/lesbian/index.html,lesbian,60
/bbs/TW_Entertain/index.html,TW_Entertain,60
/bbs/Mobile-game/index.html,Mobile-game,57
/bbs/China-Drama/index.html,China-Drama,57
/bbs/TypeMoon/index.html,TypeMoon,55
/bbs/FITNESS/index.html,FITNESS,55
/bbs/MH/index.html,MH,53
/bbs/DIABLO/index.html,DIABLO,53
/bbs/cookclub/index.html,cookclub,53
/bbs/Monkeys/index.html,Monkeys,52
/bbs/DMM_GAMES/index.html,DMM_GAMES,52
/bbs/GBF/index.html,GBF,52
/bbs/AKB48/index.html,AKB48,51
/bbs/Key_Mou_Pad/index.html,Key_Mou_Pad,50
/bbs/BB-Love/index.html,BB-Love,47
/bbs/hypermall/index.html,hypermall,47
/bbs/BTS/index.html,BTS,47
/bbs/HelpBuy/index.html,HelpBuy,46
/bbs/MacShop/index.html,MacShop,46
/bbs/Taoyuan/index.html,Taoyuan,46
/bbs/Guardians/index.html,Guardians,44
/bbs/Finance/index.html,Finance,43
/bbs/IdolMaster/index.html,IdolMaster,43
/bbs/graduate/index.html,graduate,43
/bbs/points/index.html,points,42
/bbs/Bank_Service/index.html,Bank_Service,42
/bbs/E-appliance/index.html,E-appliance,40
/bbs/fastfood/index.html,fastfood,40
/bbs/IZONE/index.html,IZONE,40
/bbs/job/index.html,job,40
