﻿/bbs/Gossiping/index.html,Gossiping,12565
/bbs/NBA/index.html,NBA,3361
/bbs/C_Chat/index.html,C_Chat,2883
/bbs/Baseball/index.html,Baseball,2094
/bbs/Stock/index.html,Stock,1807
/bbs/sex/index.html,sex,1708
/bbs/movie/index.html,movie,1598
/bbs/HatePolitics/index.html,HatePolitics,1367
/bbs/MobileComm/index.html,MobileComm,1107
/bbs/Lifeismoney/index.html,Lifeismoney,929
/bbs/KR_Entertain/index.html,KR_Entertain,917
/bbs/LoL/index.html,LoL,911
/bbs/Beauty/index.html,Beauty,903
/bbs/ToS/index.html,ToS,859
/bbs/Tech_Job/index.html,Tech_Job,831
/bbs/Boy-Girl/index.html,Boy-Girl,803
/bbs/Tennis/index.html,Tennis,748
/bbs/car/index.html,car,719
/bbs/BabyMother/index.html,BabyMother,669
/bbs/WomenTalk/index.html,WomenTalk,660
/bbs/marvel/index.html,marvel,648
/bbs/joke/index.html,joke,597
/bbs/e-shopping/index.html,e-shopping,581
/bbs/KoreaStar/index.html,KoreaStar,544
/bbs/PC_Shopping/index.html,PC_Shopping,541
/bbs/AllTogether/index.html,AllTogether,523
/bbs/FATE_GO/index.html,FATE_GO,471
/bbs/Kaohsiung/index.html,Kaohsiung,463
/bbs/Tainan/index.html,Tainan,444
/bbs/PlayStation/index.html,PlayStation,428
/bbs/KoreaDrama/index.html,KoreaDrama,426
/bbs/Japan_Travel/index.html,Japan_Travel,410
/bbs/marriage/index.html,marriage,406
/bbs/creditcard/index.html,creditcard,392
/bbs/MakeUp/index.html,MakeUp,391
/bbs/Steam/index.html,Steam,380
/bbs/SportLottery/index.html,SportLottery,372
/bbs/japanavgirls/index.html,japanavgirls,372
/bbs/Hearthstone/index.html,Hearthstone,366
/bbs/KanColle/index.html,KanColle,353
/bbs/PCReDive/index.html,PCReDive,324
/bbs/ONE_PIECE/index.html,ONE_PIECE,321
/bbs/EAseries/index.html,EAseries,319
/bbs/CFantasy/index.html,CFantasy,314
/bbs/home-sale/index.html,home-sale,309
/bbs/NSwitch/index.html,NSwitch,294
/bbs/TaichungBun/index.html,TaichungBun,275
/bbs/iOS/index.html,iOS,264
/bbs/Elephants/index.html,Elephants,250
/bbs/AC_In/index.html,AC_In,238
/bbs/StupidClown/index.html,StupidClown,235
/bbs/NBA_Film/index.html,NBA_Film,233
/bbs/CVS/index.html,CVS,223
/bbs/BeautySalon/index.html,BeautySalon,219
/bbs/BuyTogether/index.html,BuyTogether,212
/bbs/Salary/index.html,Salary,212
/bbs/Japandrama/index.html,Japandrama,210
/bbs/PokemonGO/index.html,PokemonGO,205
/bbs/HardwareSale/index.html,HardwareSale,204
/bbs/PuzzleDragon/index.html,PuzzleDragon,195
/bbs/MuscleBeach/index.html,MuscleBeach,191
/bbs/YuanChuang/index.html,YuanChuang,188
/bbs/biker/index.html,biker,173
/bbs/TaiwanDrama/index.html,TaiwanDrama,173
/bbs/Hsinchu/index.html,Hsinchu,162
/bbs/WOW/index.html,WOW,158
/bbs/Option/index.html,Option,156
/bbs/MayDay/index.html,MayDay,153
/bbs/Headphone/index.html,Headphone,152
/bbs/KoreanPop/index.html,KoreanPop,149
/bbs/basketballTW/index.html,basketballTW,145
/bbs/Palmar_Drama/index.html,Palmar_Drama,145
/bbs/MLB/index.html,MLB,140
/bbs/Soft_Job/index.html,Soft_Job,136
/bbs/part-time/index.html,part-time,136
/bbs/lesbian/index.html,lesbian,136
/bbs/Aviation/index.html,Aviation,134
/bbs/Food/index.html,Food,133
/bbs/TWICE/index.html,TWICE,129
/bbs/gay/index.html,gay,129
/bbs/cat/index.html,cat,125
/bbs/DSLR/index.html,DSLR,123
/bbs/China-Drama/index.html,China-Drama,122
/bbs/mobilesales/index.html,mobilesales,117
/bbs/Military/index.html,Military,112
/bbs/Wanted/index.html,Wanted,111
/bbs/GetMarry/index.html,GetMarry,109
/bbs/SuperJunior/index.html,SuperJunior,108
/bbs/MobilePay/index.html,MobilePay,106
/bbs/BTS/index.html,BTS,104
/bbs/TW_Entertain/index.html,TW_Entertain,104
/bbs/LGBT_SEX/index.html,LGBT_SEX,101
/bbs/Examination/index.html,Examination,99
/bbs/DMM_GAMES/index.html,DMM_GAMES,97
/bbs/Gamesale/index.html,Gamesale,96
/bbs/feminine_sex/index.html,feminine_sex,96
/bbs/Finance/index.html,Finance,95
/bbs/watch/index.html,watch,95
/bbs/studyteacher/index.html,studyteacher,93
/bbs/graduate/index.html,graduate,92
/bbs/Monkeys/index.html,Monkeys,92
/bbs/Guardians/index.html,Guardians,91
/bbs/FITNESS/index.html,FITNESS,91
/bbs/FTV/index.html,FTV,90
/bbs/Key_Mou_Pad/index.html,Key_Mou_Pad,90
/bbs/AKB48/index.html,AKB48,88
/bbs/TypeMoon/index.html,TypeMoon,86
/bbs/cookclub/index.html,cookclub,86
/bbs/CarShop/index.html,CarShop,84
/bbs/nb-shopping/index.html,nb-shopping,84
/bbs/Mobile-game/index.html,Mobile-game,83
/bbs/MH/index.html,MH,82
/bbs/HelpBuy/index.html,HelpBuy,80
/bbs/job/index.html,job,79
/bbs/RealmOfValor/index.html,RealmOfValor,78
/bbs/medstudent/index.html,medstudent,75
/bbs/Lions/index.html,Lions,75
/bbs/forsale/index.html,forsale,75
/bbs/BB-Love/index.html,BB-Love,74
/bbs/IZONE/index.html,IZONE,74
/bbs/SuperBike/index.html,SuperBike,74
/bbs/DIABLO/index.html,DIABLO,74
/bbs/ClashRoyale/index.html,ClashRoyale,72
/bbs/PublicServan/index.html,PublicServan,71
/bbs/Zastrology/index.html,Zastrology,71
/bbs/GBF/index.html,GBF,69
/bbs/MacShop/index.html,MacShop,68
/bbs/Nogizaka46/index.html,Nogizaka46,67
