﻿/bbs/Gossiping/index.html,Gossiping,19831
/bbs/Baseball/index.html,Baseball,4690
/bbs/HatePolitics/index.html,HatePolitics,3580
/bbs/NBA/index.html,NBA,2980
/bbs/C_Chat/index.html,C_Chat,2848
/bbs/movie/index.html,movie,1609
/bbs/Stock/index.html,Stock,1416
/bbs/MobileComm/index.html,MobileComm,1175
/bbs/LoL/index.html,LoL,1159
/bbs/Lifeismoney/index.html,Lifeismoney,1028
/bbs/sex/index.html,sex,987
/bbs/KR_Entertain/index.html,KR_Entertain,827
/bbs/car/index.html,car,788
/bbs/ToS/index.html,ToS,771
/bbs/WomenTalk/index.html,WomenTalk,702
/bbs/Elephants/index.html,Elephants,688
/bbs/Tech_Job/index.html,Tech_Job,684
/bbs/KoreaStar/index.html,KoreaStar,646
/bbs/Beauty/index.html,Beauty,642
/bbs/BabyMother/index.html,BabyMother,605
/bbs/Boy-Girl/index.html,Boy-Girl,602
/bbs/PC_Shopping/index.html,PC_Shopping,547
/bbs/marvel/index.html,marvel,513
/bbs/Kaohsiung/index.html,Kaohsiung,510
/bbs/e-shopping/index.html,e-shopping,509
/bbs/Japan_Travel/index.html,Japan_Travel,488
/bbs/Guardians/index.html,Guardians,475
/bbs/Hearthstone/index.html,Hearthstone,455
/bbs/marriage/index.html,marriage,447
/bbs/joke/index.html,joke,413
/bbs/Tennis/index.html,Tennis,403
/bbs/KoreaDrama/index.html,KoreaDrama,399
/bbs/MakeUp/index.html,MakeUp,398
/bbs/StupidClown/index.html,StupidClown,384
/bbs/AllTogether/index.html,AllTogether,380
/bbs/PlayStation/index.html,PlayStation,378
/bbs/KanColle/index.html,KanColle,357
/bbs/creditcard/index.html,creditcard,352
/bbs/Steam/index.html,Steam,350
/bbs/Monkeys/index.html,Monkeys,337
/bbs/Tainan/index.html,Tainan,334
/bbs/SportLottery/index.html,SportLottery,330
/bbs/CFantasy/index.html,CFantasy,282
/bbs/home-sale/index.html,home-sale,281
/bbs/japanavgirls/index.html,japanavgirls,272
/bbs/TaichungBun/index.html,TaichungBun,271
/bbs/NSwitch/index.html,NSwitch,259
/bbs/EAseries/index.html,EAseries,257
/bbs/FATE_GO/index.html,FATE_GO,251
/bbs/iOS/index.html,iOS,245
/bbs/PCReDive/index.html,PCReDive,225
/bbs/HardwareSale/index.html,HardwareSale,220
/bbs/studyteacher/index.html,studyteacher,219
/bbs/ONE_PIECE/index.html,ONE_PIECE,214
/bbs/BeautySalon/index.html,BeautySalon,213
/bbs/Japandrama/index.html,Japandrama,207
/bbs/PokemonGO/index.html,PokemonGO,206
/bbs/basketballTW/index.html,basketballTW,205
/bbs/BuyTogether/index.html,BuyTogether,189
/bbs/Lions/index.html,Lions,188
/bbs/MuscleBeach/index.html,MuscleBeach,181
/bbs/CVS/index.html,CVS,179
/bbs/AC_In/index.html,AC_In,178
/bbs/Salary/index.html,Salary,175
/bbs/Food/index.html,Food,171
/bbs/Examination/index.html,Examination,165
/bbs/YuanChuang/index.html,YuanChuang,163
/bbs/KoreanPop/index.html,KoreanPop,158
/bbs/NBA_Film/index.html,NBA_Film,158
/bbs/biker/index.html,biker,158
/bbs/Hsinchu/index.html,Hsinchu,156
/bbs/PuzzleDragon/index.html,PuzzleDragon,142
/bbs/WOW/index.html,WOW,140
/bbs/China-Drama/index.html,China-Drama,138
/bbs/Aviation/index.html,Aviation,135
/bbs/mobilesales/index.html,mobilesales,133
/bbs/Gamesale/index.html,Gamesale,132
/bbs/TWICE/index.html,TWICE,132
/bbs/Palmar_Drama/index.html,Palmar_Drama,128
/bbs/GBF/index.html,GBF,127
/bbs/MayDay/index.html,MayDay,124
/bbs/MobilePay/index.html,MobilePay,123
/bbs/MH/index.html,MH,122
/bbs/Soft_Job/index.html,Soft_Job,122
/bbs/MLB/index.html,MLB,118
/bbs/GetMarry/index.html,GetMarry,117
/bbs/TaiwanDrama/index.html,TaiwanDrama,112
/bbs/BTS/index.html,BTS,111
/bbs/IZONE/index.html,IZONE,110
/bbs/CarShop/index.html,CarShop,108
/bbs/part-time/index.html,part-time,106
/bbs/Finance/index.html,Finance,103
/bbs/Headphone/index.html,Headphone,101
/bbs/cookclub/index.html,cookclub,99
/bbs/cat/index.html,cat,97
/bbs/PublicServan/index.html,PublicServan,96
/bbs/Wanted/index.html,Wanted,96
/bbs/HelpBuy/index.html,HelpBuy,95
/bbs/DSLR/index.html,DSLR,94
/bbs/Mobile-game/index.html,Mobile-game,90
/bbs/fastfood/index.html,fastfood,88
/bbs/forsale/index.html,forsale,88
/bbs/Military/index.html,Military,87
/bbs/Drama-Ticket/index.html,Drama-Ticket,86
/bbs/Nogizaka46/index.html,Nogizaka46,85
/bbs/watch/index.html,watch,85
/bbs/AKB48/index.html,AKB48,83
/bbs/TypeMoon/index.html,TypeMoon,83
/bbs/StarCraft/index.html,StarCraft,82
/bbs/DMM_GAMES/index.html,DMM_GAMES,80
/bbs/lesbian/index.html,lesbian,79
/bbs/tabletennis/index.html,tabletennis,78
/bbs/give/index.html,give,77
/bbs/TW_Entertain/index.html,TW_Entertain,77
/bbs/Key_Mou_Pad/index.html,Key_Mou_Pad,75
/bbs/FITNESS/index.html,FITNESS,74
/bbs/E-appliance/index.html,E-appliance,73
/bbs/medstudent/index.html,medstudent,73
/bbs/gay/index.html,gay,73
/bbs/Brand/index.html,Brand,71
/bbs/MacShop/index.html,MacShop,71
/bbs/hypermall/index.html,hypermall,70
/bbs/DC_SALE/index.html,DC_SALE,69
/bbs/IdolMaster/index.html,IdolMaster,69
/bbs/Teacher/index.html,Teacher,68
/bbs/Gov_owned/index.html,Gov_owned,68
/bbs/nb-shopping/index.html,nb-shopping,67
/bbs/DIABLO/index.html,DIABLO,67
