﻿/bbs/Gossiping/index.html,Gossiping,10021
/bbs/NBA/index.html,NBA,2580
/bbs/C_Chat/index.html,C_Chat,2557
/bbs/Baseball/index.html,Baseball,1583
/bbs/Stock/index.html,Stock,1416
/bbs/sex/index.html,sex,1405
/bbs/movie/index.html,movie,1264
/bbs/HatePolitics/index.html,HatePolitics,1107
/bbs/MobileComm/index.html,MobileComm,902
/bbs/LoL/index.html,LoL,844
/bbs/Beauty/index.html,Beauty,722
/bbs/Lifeismoney/index.html,Lifeismoney,683
/bbs/ToS/index.html,ToS,655
/bbs/KR_Entertain/index.html,KR_Entertain,625
/bbs/Tech_Job/index.html,Tech_Job,614
/bbs/Boy-Girl/index.html,Boy-Girl,604
/bbs/car/index.html,car,579
/bbs/marvel/index.html,marvel,528
/bbs/joke/index.html,joke,526
/bbs/Tennis/index.html,Tennis,502
/bbs/WomenTalk/index.html,WomenTalk,499
/bbs/PC_Shopping/index.html,PC_Shopping,492
/bbs/BabyMother/index.html,BabyMother,475
/bbs/KoreaStar/index.html,KoreaStar,438
/bbs/e-shopping/index.html,e-shopping,404
/bbs/PlayStation/index.html,PlayStation,392
/bbs/AllTogether/index.html,AllTogether,365
/bbs/FATE_GO/index.html,FATE_GO,355
/bbs/Kaohsiung/index.html,Kaohsiung,347
/bbs/KoreaDrama/index.html,KoreaDrama,329
/bbs/marriage/index.html,marriage,328
/bbs/japanavgirls/index.html,japanavgirls,318
/bbs/creditcard/index.html,creditcard,313
/bbs/Steam/index.html,Steam,312
/bbs/Japan_Travel/index.html,Japan_Travel,308
/bbs/Hearthstone/index.html,Hearthstone,306
/bbs/KanColle/index.html,KanColle,295
/bbs/PCReDive/index.html,PCReDive,283
/bbs/Tainan/index.html,Tainan,281
/bbs/SportLottery/index.html,SportLottery,269
/bbs/ONE_PIECE/index.html,ONE_PIECE,269
/bbs/MakeUp/index.html,MakeUp,267
/bbs/NSwitch/index.html,NSwitch,260
/bbs/EAseries/index.html,EAseries,260
/bbs/CFantasy/index.html,CFantasy,258
/bbs/TaichungBun/index.html,TaichungBun,221
/bbs/iOS/index.html,iOS,218
/bbs/home-sale/index.html,home-sale,213
/bbs/AC_In/index.html,AC_In,201
/bbs/Elephants/index.html,Elephants,197
/bbs/HardwareSale/index.html,HardwareSale,187
/bbs/StupidClown/index.html,StupidClown,186
/bbs/NBA_Film/index.html,NBA_Film,184
/bbs/BeautySalon/index.html,BeautySalon,179
/bbs/Salary/index.html,Salary,176
/bbs/PokemonGO/index.html,PokemonGO,162
/bbs/PuzzleDragon/index.html,PuzzleDragon,158
/bbs/CVS/index.html,CVS,150
/bbs/Japandrama/index.html,Japandrama,149
/bbs/YuanChuang/index.html,YuanChuang,148
/bbs/biker/index.html,biker,139
/bbs/BuyTogether/index.html,BuyTogether,138
/bbs/WOW/index.html,WOW,130
/bbs/Palmar_Drama/index.html,Palmar_Drama,130
/bbs/MuscleBeach/index.html,MuscleBeach,128
/bbs/Option/index.html,Option,120
/bbs/cat/index.html,cat,116
/bbs/basketballTW/index.html,basketballTW,114
/bbs/MayDay/index.html,MayDay,114
/bbs/Hsinchu/index.html,Hsinchu,113
/bbs/Headphone/index.html,Headphone,112
/bbs/Wanted/index.html,Wanted,110
/bbs/Aviation/index.html,Aviation,109
/bbs/Soft_Job/index.html,Soft_Job,106
/bbs/KoreanPop/index.html,KoreanPop,103
/bbs/TWICE/index.html,TWICE,101
/bbs/DSLR/index.html,DSLR,100
/bbs/lesbian/index.html,lesbian,99
/bbs/gay/index.html,gay,99
/bbs/China-Drama/index.html,China-Drama,98
/bbs/Gamesale/index.html,Gamesale,95
/bbs/MLB/index.html,MLB,95
/bbs/Food/index.html,Food,94
/bbs/Military/index.html,Military,94
/bbs/part-time/index.html,part-time,93
/bbs/TaiwanDrama/index.html,TaiwanDrama,91
/bbs/mobilesales/index.html,mobilesales,86
/bbs/LGBT_SEX/index.html,LGBT_SEX,84
/bbs/GetMarry/index.html,GetMarry,83
/bbs/TW_Entertain/index.html,TW_Entertain,80
/bbs/nb-shopping/index.html,nb-shopping,77
/bbs/Mobile-game/index.html,Mobile-game,76
/bbs/SuperJunior/index.html,SuperJunior,76
/bbs/feminine_sex/index.html,feminine_sex,76
/bbs/Examination/index.html,Examination,75
/bbs/studyteacher/index.html,studyteacher,74
/bbs/graduate/index.html,graduate,73
/bbs/IZONE/index.html,IZONE,72
/bbs/Key_Mou_Pad/index.html,Key_Mou_Pad,71
/bbs/CarShop/index.html,CarShop,70
/bbs/MobilePay/index.html,MobilePay,69
/bbs/watch/index.html,watch,69
/bbs/Monkeys/index.html,Monkeys,67
/bbs/HelpBuy/index.html,HelpBuy,66
/bbs/forsale/index.html,forsale,66
/bbs/AKB48/index.html,AKB48,65
/bbs/DMM_GAMES/index.html,DMM_GAMES,65
/bbs/Lions/index.html,Lions,64
/bbs/FITNESS/index.html,FITNESS,63
/bbs/MH/index.html,MH,62
/bbs/FTV/index.html,FTV,62
/bbs/cookclub/index.html,cookclub,62
/bbs/IdolMaster/index.html,IdolMaster,61
/bbs/MacShop/index.html,MacShop,61
/bbs/Finance/index.html,Finance,59
/bbs/TypeMoon/index.html,TypeMoon,59
/bbs/BTS/index.html,BTS,58
/bbs/Guardians/index.html,Guardians,58
/bbs/PathofExile/index.html,PathofExile,56
/bbs/Gov_owned/index.html,Gov_owned,56
/bbs/DIABLO/index.html,DIABLO,56
/bbs/GBF/index.html,GBF,56
/bbs/ClashRoyale/index.html,ClashRoyale,55
/bbs/SuperBike/index.html,SuperBike,54
/bbs/Nogizaka46/index.html,Nogizaka46,53
/bbs/BB-Love/index.html,BB-Love,53
/bbs/medstudent/index.html,medstudent,53
/bbs/OverWatch/index.html,OverWatch,53
