﻿/bbs/Gossiping/index.html,Gossiping,7628
/bbs/NBA/index.html,NBA,1974
/bbs/C_Chat/index.html,C_Chat,1939
/bbs/Baseball/index.html,Baseball,1179
/bbs/Stock/index.html,Stock,1073
/bbs/sex/index.html,sex,988
/bbs/movie/index.html,movie,931
/bbs/HatePolitics/index.html,HatePolitics,877
/bbs/MobileComm/index.html,MobileComm,688
/bbs/LoL/index.html,LoL,666
/bbs/Beauty/index.html,Beauty,497
/bbs/Lifeismoney/index.html,Lifeismoney,496
/bbs/ToS/index.html,ToS,475
/bbs/car/index.html,car,459
/bbs/Tech_Job/index.html,Tech_Job,435
/bbs/marvel/index.html,marvel,434
/bbs/Boy-Girl/index.html,Boy-Girl,417
/bbs/KR_Entertain/index.html,KR_Entertain,411
/bbs/PC_Shopping/index.html,PC_Shopping,407
/bbs/joke/index.html,joke,386
/bbs/BabyMother/index.html,BabyMother,365
/bbs/Tennis/index.html,Tennis,358
/bbs/WomenTalk/index.html,WomenTalk,346
/bbs/FATE_GO/index.html,FATE_GO,306
/bbs/PlayStation/index.html,PlayStation,283
/bbs/AllTogether/index.html,AllTogether,280
/bbs/Steam/index.html,Steam,277
/bbs/KoreaStar/index.html,KoreaStar,273
/bbs/e-shopping/index.html,e-shopping,270
/bbs/Japan_Travel/index.html,Japan_Travel,257
/bbs/KanColle/index.html,KanColle,235
/bbs/marriage/index.html,marriage,234
/bbs/japanavgirls/index.html,japanavgirls,234
/bbs/Hearthstone/index.html,Hearthstone,232
/bbs/SportLottery/index.html,SportLottery,225
/bbs/creditcard/index.html,creditcard,224
/bbs/Kaohsiung/index.html,Kaohsiung,224
/bbs/Tainan/index.html,Tainan,222
/bbs/PCReDive/index.html,PCReDive,218
/bbs/CFantasy/index.html,CFantasy,200
/bbs/ONE_PIECE/index.html,ONE_PIECE,200
/bbs/KoreaDrama/index.html,KoreaDrama,190
/bbs/EAseries/index.html,EAseries,184
/bbs/NSwitch/index.html,NSwitch,177
/bbs/MakeUp/index.html,MakeUp,166
/bbs/AC_In/index.html,AC_In,160
/bbs/TaichungBun/index.html,TaichungBun,148
/bbs/Elephants/index.html,Elephants,147
/bbs/iOS/index.html,iOS,141
/bbs/home-sale/index.html,home-sale,141
/bbs/HardwareSale/index.html,HardwareSale,140
/bbs/NBA_Film/index.html,NBA_Film,132
/bbs/PokemonGO/index.html,PokemonGO,131
/bbs/CVS/index.html,CVS,130
/bbs/BeautySalon/index.html,BeautySalon,128
/bbs/StupidClown/index.html,StupidClown,126
/bbs/Salary/index.html,Salary,122
/bbs/PuzzleDragon/index.html,PuzzleDragon,117
/bbs/WOW/index.html,WOW,111
/bbs/biker/index.html,biker,110
/bbs/Japandrama/index.html,Japandrama,109
/bbs/BuyTogether/index.html,BuyTogether,106
/bbs/Option/index.html,Option,100
/bbs/MuscleBeach/index.html,MuscleBeach,99
/bbs/Palmar_Drama/index.html,Palmar_Drama,98
/bbs/YuanChuang/index.html,YuanChuang,96
/bbs/Food/index.html,Food,83
/bbs/Hsinchu/index.html,Hsinchu,79
/bbs/MLB/index.html,MLB,79
/bbs/China-Drama/index.html,China-Drama,78
/bbs/Soft_Job/index.html,Soft_Job,77
/bbs/Headphone/index.html,Headphone,77
/bbs/Aviation/index.html,Aviation,77
/bbs/part-time/index.html,part-time,77
/bbs/KoreanPop/index.html,KoreanPop,75
/bbs/Military/index.html,Military,74
/bbs/mobilesales/index.html,mobilesales,73
/bbs/DSLR/index.html,DSLR,73
/bbs/Wanted/index.html,Wanted,73
/bbs/cat/index.html,cat,73
/bbs/basketballTW/index.html,basketballTW,73
/bbs/Gamesale/index.html,Gamesale,71
/bbs/gay/index.html,gay,71
/bbs/TaiwanDrama/index.html,TaiwanDrama,67
/bbs/DMM_GAMES/index.html,DMM_GAMES,66
/bbs/TWICE/index.html,TWICE,65
/bbs/Key_Mou_Pad/index.html,Key_Mou_Pad,64
/bbs/MayDay/index.html,MayDay,61
/bbs/Mobile-game/index.html,Mobile-game,59
/bbs/studyteacher/index.html,studyteacher,59
/bbs/MobilePay/index.html,MobilePay,57
/bbs/LGBT_SEX/index.html,LGBT_SEX,57
/bbs/lesbian/index.html,lesbian,57
/bbs/AKB48/index.html,AKB48,56
/bbs/GetMarry/index.html,GetMarry,56
/bbs/TW_Entertain/index.html,TW_Entertain,53
/bbs/feminine_sex/index.html,feminine_sex,52
/bbs/TypeMoon/index.html,TypeMoon,51
/bbs/cookclub/index.html,cookclub,50
/bbs/CarShop/index.html,CarShop,49
/bbs/Monkeys/index.html,Monkeys,49
/bbs/IdolMaster/index.html,IdolMaster,48
/bbs/Examination/index.html,Examination,48
/bbs/DIABLO/index.html,DIABLO,48
/bbs/MH/index.html,MH,47
/bbs/SuperJunior/index.html,SuperJunior,47
/bbs/HelpBuy/index.html,HelpBuy,47
/bbs/GBF/index.html,GBF,47
/bbs/ClashRoyale/index.html,ClashRoyale,46
/bbs/nb-shopping/index.html,nb-shopping,46
/bbs/SuperBike/index.html,SuperBike,46
/bbs/Lions/index.html,Lions,46
/bbs/FITNESS/index.html,FITNESS,46
/bbs/watch/index.html,watch,45
/bbs/job/index.html,job,45
/bbs/IZONE/index.html,IZONE,44
/bbs/medstudent/index.html,medstudent,43
/bbs/forsale/index.html,forsale,43
/bbs/graduate/index.html,graduate,42
/bbs/Guardians/index.html,Guardians,42
/bbs/facelift/index.html,facelift,41
/bbs/PublicServan/index.html,PublicServan,39
/bbs/BB-Love/index.html,BB-Love,38
/bbs/DC_SALE/index.html,DC_SALE,36
/bbs/BTS/index.html,BTS,36
/bbs/Gov_owned/index.html,Gov_owned,36
/bbs/VAPE/index.html,VAPE,36
/bbs/RealmOfValor/index.html,RealmOfValor,36
