﻿/bbs/Gossiping/index.html,Gossiping,16763
/bbs/NBA/index.html,NBA,4080
/bbs/C_Chat/index.html,C_Chat,3199
/bbs/Baseball/index.html,Baseball,2946
/bbs/Stock/index.html,Stock,2393
/bbs/movie/index.html,movie,1936
/bbs/sex/index.html,sex,1933
/bbs/KR_Entertain/index.html,KR_Entertain,1655
/bbs/HatePolitics/index.html,HatePolitics,1538
/bbs/Lifeismoney/index.html,Lifeismoney,1418
/bbs/MobileComm/index.html,MobileComm,1314
/bbs/LoL/index.html,LoL,1066
/bbs/Tech_Job/index.html,Tech_Job,1058
/bbs/Beauty/index.html,Beauty,1020
/bbs/ToS/index.html,ToS,998
/bbs/Kaohsiung/index.html,Kaohsiung,996
/bbs/Tennis/index.html,Tennis,972
/bbs/car/index.html,car,946
/bbs/BabyMother/index.html,BabyMother,902
/bbs/Tainan/index.html,Tainan,888
/bbs/Boy-Girl/index.html,Boy-Girl,883
/bbs/e-shopping/index.html,e-shopping,872
/bbs/WomenTalk/index.html,WomenTalk,856
/bbs/AllTogether/index.html,AllTogether,727
/bbs/KoreaStar/index.html,KoreaStar,710
/bbs/joke/index.html,joke,706
/bbs/marvel/index.html,marvel,655
/bbs/Japan_Travel/index.html,Japan_Travel,626
/bbs/FATE_GO/index.html,FATE_GO,609
/bbs/PC_Shopping/index.html,PC_Shopping,605
/bbs/marriage/index.html,marriage,564
/bbs/KoreaDrama/index.html,KoreaDrama,553
/bbs/creditcard/index.html,creditcard,535
/bbs/MakeUp/index.html,MakeUp,505
/bbs/PlayStation/index.html,PlayStation,494
/bbs/SportLottery/index.html,SportLottery,493
/bbs/Elephants/index.html,Elephants,448
/bbs/Hearthstone/index.html,Hearthstone,409
/bbs/Steam/index.html,Steam,407
/bbs/KanColle/index.html,KanColle,403
/bbs/japanavgirls/index.html,japanavgirls,401
/bbs/PCReDive/index.html,PCReDive,395
/bbs/home-sale/index.html,home-sale,391
/bbs/ONE_PIECE/index.html,ONE_PIECE,391
/bbs/TaichungBun/index.html,TaichungBun,359
/bbs/NSwitch/index.html,NSwitch,333
/bbs/CFantasy/index.html,CFantasy,330
/bbs/EAseries/index.html,EAseries,330
/bbs/NBA_Film/index.html,NBA_Film,324
/bbs/TaiwanDrama/index.html,TaiwanDrama,300
/bbs/StupidClown/index.html,StupidClown,297
/bbs/BeautySalon/index.html,BeautySalon,293
/bbs/Salary/index.html,Salary,292
/bbs/iOS/index.html,iOS,280
/bbs/BuyTogether/index.html,BuyTogether,274
/bbs/PokemonGO/index.html,PokemonGO,272
/bbs/CVS/index.html,CVS,253
/bbs/Japandrama/index.html,Japandrama,252
/bbs/AC_In/index.html,AC_In,244
/bbs/MuscleBeach/index.html,MuscleBeach,230
/bbs/YuanChuang/index.html,YuanChuang,218
/bbs/MayDay/index.html,MayDay,217
/bbs/PuzzleDragon/index.html,PuzzleDragon,215
/bbs/Hsinchu/index.html,Hsinchu,211
/bbs/HardwareSale/index.html,HardwareSale,210
/bbs/Option/index.html,Option,206
/bbs/basketballTW/index.html,basketballTW,206
/bbs/Palmar_Drama/index.html,Palmar_Drama,203
/bbs/MLB/index.html,MLB,191
/bbs/Food/index.html,Food,182
/bbs/WOW/index.html,WOW,181
/bbs/lesbian/index.html,lesbian,179
/bbs/SuperJunior/index.html,SuperJunior,177
/bbs/studyteacher/index.html,studyteacher,177
/bbs/biker/index.html,biker,177
/bbs/Aviation/index.html,Aviation,176
/bbs/TWICE/index.html,TWICE,175
/bbs/cat/index.html,cat,161
/bbs/China-Drama/index.html,China-Drama,160
/bbs/part-time/index.html,part-time,156
/bbs/gay/index.html,gay,155
/bbs/KoreanPop/index.html,KoreanPop,154
/bbs/Headphone/index.html,Headphone,150
/bbs/Finance/index.html,Finance,148
/bbs/Soft_Job/index.html,Soft_Job,148
/bbs/Examination/index.html,Examination,144
/bbs/mobilesales/index.html,mobilesales,140
/bbs/TW_Entertain/index.html,TW_Entertain,138
/bbs/Guardians/index.html,Guardians,136
/bbs/Monkeys/index.html,Monkeys,133
/bbs/GetMarry/index.html,GetMarry,130
/bbs/DSLR/index.html,DSLR,128
/bbs/MobilePay/index.html,MobilePay,127
/bbs/BTS/index.html,BTS,127
/bbs/Lions/index.html,Lions,127
/bbs/FTV/index.html,FTV,124
/bbs/Wanted/index.html,Wanted,123
/bbs/Gamesale/index.html,Gamesale,119
/bbs/TypeMoon/index.html,TypeMoon,119
/bbs/CarShop/index.html,CarShop,118
/bbs/LGBT_SEX/index.html,LGBT_SEX,118
/bbs/Military/index.html,Military,117
/bbs/FITNESS/index.html,FITNESS,114
/bbs/AKB48/index.html,AKB48,111
/bbs/watch/index.html,watch,108
/bbs/Key_Mou_Pad/index.html,Key_Mou_Pad,107
/bbs/HelpBuy/index.html,HelpBuy,107
/bbs/feminine_sex/index.html,feminine_sex,107
/bbs/nb-shopping/index.html,nb-shopping,102
/bbs/give/index.html,give,101
/bbs/Brand/index.html,Brand,101
/bbs/cookclub/index.html,cookclub,101
/bbs/DMM_GAMES/index.html,DMM_GAMES,101
/bbs/forsale/index.html,forsale,101
/bbs/BB-Love/index.html,BB-Love,100
/bbs/PublicServan/index.html,PublicServan,99
/bbs/Zastrology/index.html,Zastrology,98
/bbs/graduate/index.html,graduate,96
/bbs/MH/index.html,MH,95
/bbs/GBF/index.html,GBF,95
/bbs/job/index.html,job,95
/bbs/medstudent/index.html,medstudent,92
/bbs/Gov_owned/index.html,Gov_owned,92
/bbs/Mobile-game/index.html,Mobile-game,90
/bbs/DC_SALE/index.html,DC_SALE,87
/bbs/BabyProducts/index.html,BabyProducts,87
/bbs/MacShop/index.html,MacShop,87
/bbs/Bank_Service/index.html,Bank_Service,87
