﻿/bbs/Gossiping/index.html,Gossiping,18230
/bbs/Baseball/index.html,Baseball,5620
/bbs/C_Chat/index.html,C_Chat,3022
/bbs/NBA/index.html,NBA,2859
/bbs/HatePolitics/index.html,HatePolitics,2826
/bbs/movie/index.html,movie,1873
/bbs/Stock/index.html,Stock,1575
/bbs/LoL/index.html,LoL,1495
/bbs/Elephants/index.html,Elephants,1309
/bbs/MobileComm/index.html,MobileComm,1279
/bbs/Lifeismoney/index.html,Lifeismoney,1251
/bbs/KR_Entertain/index.html,KR_Entertain,1070
/bbs/sex/index.html,sex,1056
/bbs/car/index.html,car,1020
/bbs/ToS/index.html,ToS,800
/bbs/Tennis/index.html,Tennis,769
/bbs/joke/index.html,joke,753
/bbs/WomenTalk/index.html,WomenTalk,743
/bbs/Tech_Job/index.html,Tech_Job,739
/bbs/Beauty/index.html,Beauty,737
/bbs/BabyMother/index.html,BabyMother,724
/bbs/PC_Shopping/index.html,PC_Shopping,603
/bbs/e-shopping/index.html,e-shopping,602
/bbs/Boy-Girl/index.html,Boy-Girl,600
/bbs/KoreaStar/index.html,KoreaStar,576
/bbs/Japan_Travel/index.html,Japan_Travel,558
/bbs/Monkeys/index.html,Monkeys,524
/bbs/Hearthstone/index.html,Hearthstone,520
/bbs/marvel/index.html,marvel,520
/bbs/Guardians/index.html,Guardians,490
/bbs/AllTogether/index.html,AllTogether,479
/bbs/Lions/index.html,Lions,474
/bbs/MakeUp/index.html,MakeUp,474
/bbs/KoreaDrama/index.html,KoreaDrama,470
/bbs/StupidClown/index.html,StupidClown,458
/bbs/Kaohsiung/index.html,Kaohsiung,453
/bbs/marriage/index.html,marriage,441
/bbs/PlayStation/index.html,PlayStation,437
/bbs/Steam/index.html,Steam,424
/bbs/KanColle/index.html,KanColle,389
/bbs/creditcard/index.html,creditcard,369
/bbs/Tainan/index.html,Tainan,367
/bbs/home-sale/index.html,home-sale,334
/bbs/CFantasy/index.html,CFantasy,307
/bbs/EAseries/index.html,EAseries,298
/bbs/SportLottery/index.html,SportLottery,294
/bbs/japanavgirls/index.html,japanavgirls,287
/bbs/NSwitch/index.html,NSwitch,278
/bbs/TaichungBun/index.html,TaichungBun,269
/bbs/iOS/index.html,iOS,264
/bbs/BeautySalon/index.html,BeautySalon,261
/bbs/BuyTogether/index.html,BuyTogether,254
/bbs/Japandrama/index.html,Japandrama,237
/bbs/PCReDive/index.html,PCReDive,234
/bbs/FATE_GO/index.html,FATE_GO,229
/bbs/HardwareSale/index.html,HardwareSale,228
/bbs/PokemonGO/index.html,PokemonGO,225
/bbs/ONE_PIECE/index.html,ONE_PIECE,224
/bbs/basketballTW/index.html,basketballTW,219
/bbs/CVS/index.html,CVS,216
/bbs/studyteacher/index.html,studyteacher,198
/bbs/TW_Entertain/index.html,TW_Entertain,197
/bbs/Hsinchu/index.html,Hsinchu,193
/bbs/KoreanPop/index.html,KoreanPop,191
/bbs/YuanChuang/index.html,YuanChuang,186
/bbs/biker/index.html,biker,182
/bbs/Salary/index.html,Salary,177
/bbs/Examination/index.html,Examination,177
/bbs/AC_In/index.html,AC_In,176
/bbs/NBA_Film/index.html,NBA_Film,174
/bbs/IZONE/index.html,IZONE,162
/bbs/GBF/index.html,GBF,162
/bbs/TaiwanDrama/index.html,TaiwanDrama,160
/bbs/WOW/index.html,WOW,156
/bbs/China-Drama/index.html,China-Drama,152
/bbs/MuscleBeach/index.html,MuscleBeach,152
/bbs/PuzzleDragon/index.html,PuzzleDragon,151
/bbs/gay/index.html,gay,147
/bbs/Food/index.html,Food,146
/bbs/TWICE/index.html,TWICE,144
/bbs/Gamesale/index.html,Gamesale,138
/bbs/MayDay/index.html,MayDay,138
/bbs/mobilesales/index.html,mobilesales,137
/bbs/Palmar_Drama/index.html,Palmar_Drama,135
/bbs/cat/index.html,cat,131
/bbs/Aviation/index.html,Aviation,130
/bbs/MLB/index.html,MLB,128
/bbs/MH/index.html,MH,127
/bbs/Soft_Job/index.html,Soft_Job,123
/bbs/BTS/index.html,BTS,122
/bbs/GetMarry/index.html,GetMarry,117
/bbs/tabletennis/index.html,tabletennis,116
/bbs/Headphone/index.html,Headphone,114
/bbs/forsale/index.html,forsale,113
/bbs/TypeMoon/index.html,TypeMoon,112
/bbs/cookclub/index.html,cookclub,112
/bbs/lesbian/index.html,lesbian,111
/bbs/Wanted/index.html,Wanted,110
/bbs/part-time/index.html,part-time,109
/bbs/HelpBuy/index.html,HelpBuy,106
/bbs/AKB48/index.html,AKB48,105
/bbs/Moto_GP/index.html,Moto_GP,104
/bbs/DSLR/index.html,DSLR,102
/bbs/PublicServan/index.html,PublicServan,102
/bbs/MobilePay/index.html,MobilePay,101
/bbs/MacShop/index.html,MacShop,100
/bbs/Finance/index.html,Finance,99
/bbs/Key_Mou_Pad/index.html,Key_Mou_Pad,99
/bbs/CarShop/index.html,CarShop,94
/bbs/medstudent/index.html,medstudent,94
/bbs/StarCraft/index.html,StarCraft,94
/bbs/Military/index.html,Military,93
/bbs/Mobile-game/index.html,Mobile-game,88
/bbs/DMM_GAMES/index.html,DMM_GAMES,88
/bbs/watch/index.html,watch,88
/bbs/Gov_owned/index.html,Gov_owned,85
/bbs/FITNESS/index.html,FITNESS,84
/bbs/nb-shopping/index.html,nb-shopping,80
/bbs/Nogizaka46/index.html,Nogizaka46,79
/bbs/Drama-Ticket/index.html,Drama-Ticket,79
/bbs/IdolMaster/index.html,IdolMaster,77
/bbs/E-appliance/index.html,E-appliance,77
/bbs/fastfood/index.html,fastfood,77
/bbs/Taoyuan/index.html,Taoyuan,76
/bbs/SuperJunior/index.html,SuperJunior,75
/bbs/BabyProducts/index.html,BabyProducts,71
/bbs/give/index.html,give,71
/bbs/Brand/index.html,Brand,71
