﻿/bbs/Gossiping/index.html,Gossiping,13511
/bbs/NBA/index.html,NBA,3581
/bbs/C_Chat/index.html,C_Chat,3059
/bbs/Baseball/index.html,Baseball,2312
/bbs/Stock/index.html,Stock,1997
/bbs/sex/index.html,sex,1828
/bbs/movie/index.html,movie,1759
/bbs/HatePolitics/index.html,HatePolitics,1456
/bbs/MobileComm/index.html,MobileComm,1164
/bbs/KR_Entertain/index.html,KR_Entertain,1098
/bbs/Lifeismoney/index.html,Lifeismoney,1082
/bbs/LoL/index.html,LoL,959
/bbs/Beauty/index.html,Beauty,932
/bbs/ToS/index.html,ToS,931
/bbs/Tennis/index.html,Tennis,909
/bbs/Tech_Job/index.html,Tech_Job,899
/bbs/Boy-Girl/index.html,Boy-Girl,843
/bbs/car/index.html,car,816
/bbs/WomenTalk/index.html,WomenTalk,770
/bbs/e-shopping/index.html,e-shopping,696
/bbs/BabyMother/index.html,BabyMother,683
/bbs/marvel/index.html,marvel,669
/bbs/joke/index.html,joke,611
/bbs/KoreaStar/index.html,KoreaStar,610
/bbs/PC_Shopping/index.html,PC_Shopping,569
/bbs/AllTogether/index.html,AllTogether,569
/bbs/Kaohsiung/index.html,Kaohsiung,524
/bbs/Tainan/index.html,Tainan,501
/bbs/FATE_GO/index.html,FATE_GO,498
/bbs/KoreaDrama/index.html,KoreaDrama,485
/bbs/Japan_Travel/index.html,Japan_Travel,485
/bbs/SportLottery/index.html,SportLottery,466
/bbs/PlayStation/index.html,PlayStation,463
/bbs/marriage/index.html,marriage,462
/bbs/creditcard/index.html,creditcard,451
/bbs/Hearthstone/index.html,Hearthstone,397
/bbs/MakeUp/index.html,MakeUp,397
/bbs/japanavgirls/index.html,japanavgirls,387
/bbs/Steam/index.html,Steam,387
/bbs/KanColle/index.html,KanColle,375
/bbs/PCReDive/index.html,PCReDive,367
/bbs/ONE_PIECE/index.html,ONE_PIECE,363
/bbs/EAseries/index.html,EAseries,333
/bbs/home-sale/index.html,home-sale,321
/bbs/CFantasy/index.html,CFantasy,317
/bbs/NSwitch/index.html,NSwitch,290
/bbs/Elephants/index.html,Elephants,284
/bbs/iOS/index.html,iOS,276
/bbs/TaichungBun/index.html,TaichungBun,276
/bbs/StupidClown/index.html,StupidClown,254
/bbs/Salary/index.html,Salary,250
/bbs/BeautySalon/index.html,BeautySalon,243
/bbs/AC_In/index.html,AC_In,237
/bbs/NBA_Film/index.html,NBA_Film,237
/bbs/CVS/index.html,CVS,217
/bbs/YuanChuang/index.html,YuanChuang,216
/bbs/BuyTogether/index.html,BuyTogether,211
/bbs/HardwareSale/index.html,HardwareSale,207
/bbs/MuscleBeach/index.html,MuscleBeach,207
/bbs/PokemonGO/index.html,PokemonGO,204
/bbs/PuzzleDragon/index.html,PuzzleDragon,203
/bbs/Japandrama/index.html,Japandrama,198
/bbs/TaiwanDrama/index.html,TaiwanDrama,190
/bbs/MayDay/index.html,MayDay,185
/bbs/Hsinchu/index.html,Hsinchu,180
/bbs/Option/index.html,Option,163
/bbs/basketballTW/index.html,basketballTW,163
/bbs/Palmar_Drama/index.html,Palmar_Drama,160
/bbs/Food/index.html,Food,160
/bbs/KoreanPop/index.html,KoreanPop,154
/bbs/MLB/index.html,MLB,154
/bbs/WOW/index.html,WOW,153
/bbs/Aviation/index.html,Aviation,151
/bbs/gay/index.html,gay,151
/bbs/China-Drama/index.html,China-Drama,148
/bbs/biker/index.html,biker,146
/bbs/part-time/index.html,part-time,145
/bbs/lesbian/index.html,lesbian,144
/bbs/TWICE/index.html,TWICE,137
/bbs/Headphone/index.html,Headphone,134
/bbs/Soft_Job/index.html,Soft_Job,131
/bbs/DSLR/index.html,DSLR,124
/bbs/SuperJunior/index.html,SuperJunior,119
/bbs/Examination/index.html,Examination,119
/bbs/cat/index.html,cat,118
/bbs/GetMarry/index.html,GetMarry,115
/bbs/Monkeys/index.html,Monkeys,114
/bbs/Wanted/index.html,Wanted,113
/bbs/Gamesale/index.html,Gamesale,112
/bbs/watch/index.html,watch,111
/bbs/feminine_sex/index.html,feminine_sex,108
/bbs/mobilesales/index.html,mobilesales,105
/bbs/MobilePay/index.html,MobilePay,105
/bbs/Guardians/index.html,Guardians,104
/bbs/BTS/index.html,BTS,103
/bbs/TW_Entertain/index.html,TW_Entertain,103
/bbs/LGBT_SEX/index.html,LGBT_SEX,100
/bbs/TypeMoon/index.html,TypeMoon,98
/bbs/studyteacher/index.html,studyteacher,98
/bbs/FTV/index.html,FTV,95
/bbs/Military/index.html,Military,95
/bbs/Finance/index.html,Finance,94
/bbs/FITNESS/index.html,FITNESS,94
/bbs/Key_Mou_Pad/index.html,Key_Mou_Pad,91
/bbs/Brand/index.html,Brand,91
/bbs/CarShop/index.html,CarShop,90
/bbs/RealmOfValor/index.html,RealmOfValor,90
/bbs/forsale/index.html,forsale,88
/bbs/PublicServan/index.html,PublicServan,86
/bbs/BB-Love/index.html,BB-Love,86
/bbs/IZONE/index.html,IZONE,86
/bbs/graduate/index.html,graduate,86
/bbs/DMM_GAMES/index.html,DMM_GAMES,85
/bbs/AKB48/index.html,AKB48,83
/bbs/MH/index.html,MH,83
/bbs/job/index.html,job,83
/bbs/HelpBuy/index.html,HelpBuy,82
/bbs/cookclub/index.html,cookclub,82
/bbs/nb-shopping/index.html,nb-shopping,81
/bbs/GBF/index.html,GBF,80
/bbs/Mobile-game/index.html,Mobile-game,77
/bbs/give/index.html,give,77
/bbs/medstudent/index.html,medstudent,75
/bbs/SuperBike/index.html,SuperBike,74
/bbs/IdolMaster/index.html,IdolMaster,72
/bbs/ClashRoyale/index.html,ClashRoyale,71
/bbs/Nogizaka46/index.html,Nogizaka46,71
/bbs/hypermall/index.html,hypermall,70
