﻿/bbs/Gossiping/index.html,Gossiping,18237
/bbs/Baseball/index.html,Baseball,5088
/bbs/C_Chat/index.html,C_Chat,3028
/bbs/HatePolitics/index.html,HatePolitics,2905
/bbs/NBA/index.html,NBA,2875
/bbs/movie/index.html,movie,1770
/bbs/Elephants/index.html,Elephants,1581
/bbs/Stock/index.html,Stock,1490
/bbs/LoL/index.html,LoL,1434
/bbs/MobileComm/index.html,MobileComm,1225
/bbs/Lifeismoney/index.html,Lifeismoney,1199
/bbs/KR_Entertain/index.html,KR_Entertain,988
/bbs/sex/index.html,sex,985
/bbs/car/index.html,car,973
/bbs/ToS/index.html,ToS,805
/bbs/WomenTalk/index.html,WomenTalk,753
/bbs/Tech_Job/index.html,Tech_Job,723
/bbs/joke/index.html,joke,717
/bbs/Guardians/index.html,Guardians,700
/bbs/Monkeys/index.html,Monkeys,692
/bbs/Tennis/index.html,Tennis,692
/bbs/BabyMother/index.html,BabyMother,658
/bbs/Beauty/index.html,Beauty,643
/bbs/PC_Shopping/index.html,PC_Shopping,624
/bbs/KoreaStar/index.html,KoreaStar,584
/bbs/Boy-Girl/index.html,Boy-Girl,583
/bbs/e-shopping/index.html,e-shopping,570
/bbs/Hearthstone/index.html,Hearthstone,509
/bbs/Japan_Travel/index.html,Japan_Travel,503
/bbs/KoreaDrama/index.html,KoreaDrama,483
/bbs/marvel/index.html,marvel,466
/bbs/marriage/index.html,marriage,446
/bbs/StupidClown/index.html,StupidClown,446
/bbs/Kaohsiung/index.html,Kaohsiung,444
/bbs/MakeUp/index.html,MakeUp,435
/bbs/PlayStation/index.html,PlayStation,432
/bbs/AllTogether/index.html,AllTogether,422
/bbs/Steam/index.html,Steam,413
/bbs/Lions/index.html,Lions,399
/bbs/KanColle/index.html,KanColle,389
/bbs/creditcard/index.html,creditcard,377
/bbs/Tainan/index.html,Tainan,372
/bbs/home-sale/index.html,home-sale,338
/bbs/CFantasy/index.html,CFantasy,326
/bbs/EAseries/index.html,EAseries,310
/bbs/SportLottery/index.html,SportLottery,282
/bbs/NSwitch/index.html,NSwitch,279
/bbs/japanavgirls/index.html,japanavgirls,278
/bbs/iOS/index.html,iOS,277
/bbs/TaichungBun/index.html,TaichungBun,260
/bbs/BeautySalon/index.html,BeautySalon,251
/bbs/PCReDive/index.html,PCReDive,242
/bbs/CVS/index.html,CVS,241
/bbs/Japandrama/index.html,Japandrama,236
/bbs/HardwareSale/index.html,HardwareSale,222
/bbs/ONE_PIECE/index.html,ONE_PIECE,220
/bbs/FATE_GO/index.html,FATE_GO,215
/bbs/studyteacher/index.html,studyteacher,212
/bbs/PokemonGO/index.html,PokemonGO,205
/bbs/TW_Entertain/index.html,TW_Entertain,201
/bbs/KoreanPop/index.html,KoreanPop,199
/bbs/basketballTW/index.html,basketballTW,194
/bbs/YuanChuang/index.html,YuanChuang,188
/bbs/BuyTogether/index.html,BuyTogether,186
/bbs/AC_In/index.html,AC_In,182
/bbs/Hsinchu/index.html,Hsinchu,181
/bbs/Salary/index.html,Salary,180
/bbs/NBA_Film/index.html,NBA_Film,175
/bbs/Examination/index.html,Examination,167
/bbs/biker/index.html,biker,163
/bbs/WOW/index.html,WOW,153
/bbs/TWICE/index.html,TWICE,153
/bbs/GBF/index.html,GBF,151
/bbs/PuzzleDragon/index.html,PuzzleDragon,149
/bbs/MuscleBeach/index.html,MuscleBeach,149
/bbs/MayDay/index.html,MayDay,148
/bbs/Food/index.html,Food,147
/bbs/China-Drama/index.html,China-Drama,146
/bbs/Palmar_Drama/index.html,Palmar_Drama,144
/bbs/IZONE/index.html,IZONE,143
/bbs/cat/index.html,cat,138
/bbs/Gamesale/index.html,Gamesale,137
/bbs/GetMarry/index.html,GetMarry,133
/bbs/mobilesales/index.html,mobilesales,132
/bbs/MLB/index.html,MLB,132
/bbs/Soft_Job/index.html,Soft_Job,131
/bbs/Aviation/index.html,Aviation,123
/bbs/part-time/index.html,part-time,122
/bbs/MH/index.html,MH,121
/bbs/gay/index.html,gay,121
/bbs/Headphone/index.html,Headphone,116
/bbs/TaiwanDrama/index.html,TaiwanDrama,115
/bbs/forsale/index.html,forsale,110
/bbs/DSLR/index.html,DSLR,108
/bbs/TypeMoon/index.html,TypeMoon,108
/bbs/tabletennis/index.html,tabletennis,107
/bbs/medstudent/index.html,medstudent,102
/bbs/Wanted/index.html,Wanted,101
/bbs/BTS/index.html,BTS,101
/bbs/fastfood/index.html,fastfood,100
/bbs/cookclub/index.html,cookclub,100
/bbs/AKB48/index.html,AKB48,99
/bbs/Finance/index.html,Finance,98
/bbs/MobilePay/index.html,MobilePay,98
/bbs/Moto_GP/index.html,Moto_GP,97
/bbs/lesbian/index.html,lesbian,96
/bbs/Nogizaka46/index.html,Nogizaka46,95
/bbs/Mobile-game/index.html,Mobile-game,94
/bbs/DMM_GAMES/index.html,DMM_GAMES,94
/bbs/HelpBuy/index.html,HelpBuy,90
/bbs/PublicServan/index.html,PublicServan,89
/bbs/watch/index.html,watch,89
/bbs/CarShop/index.html,CarShop,88
/bbs/Drama-Ticket/index.html,Drama-Ticket,88
/bbs/Key_Mou_Pad/index.html,Key_Mou_Pad,85
/bbs/Taoyuan/index.html,Taoyuan,80
/bbs/Gov_owned/index.html,Gov_owned,80
/bbs/E-appliance/index.html,E-appliance,79
/bbs/LGBT_SEX/index.html,LGBT_SEX,78
/bbs/MacShop/index.html,MacShop,77
/bbs/StarCraft/index.html,StarCraft,76
/bbs/nb-shopping/index.html,nb-shopping,75
/bbs/hypermall/index.html,hypermall,75
/bbs/graduate/index.html,graduate,75
/bbs/Military/index.html,Military,75
/bbs/Brand/index.html,Brand,73
/bbs/EXO/index.html,EXO,72
/bbs/IdolMaster/index.html,IdolMaster,72
