﻿/bbs/Gossiping/index.html,Gossiping,17318
/bbs/Baseball/index.html,Baseball,5316
/bbs/C_Chat/index.html,C_Chat,3056
/bbs/HatePolitics/index.html,HatePolitics,2904
/bbs/NBA/index.html,NBA,2865
/bbs/Stock/index.html,Stock,1514
/bbs/movie/index.html,movie,1465
/bbs/sex/index.html,sex,1151
/bbs/MobileComm/index.html,MobileComm,1138
/bbs/Lifeismoney/index.html,Lifeismoney,1031
/bbs/LoL/index.html,LoL,917
/bbs/KR_Entertain/index.html,KR_Entertain,846
/bbs/Tech_Job/index.html,Tech_Job,823
/bbs/car/index.html,car,821
/bbs/WomenTalk/index.html,WomenTalk,769
/bbs/Beauty/index.html,Beauty,766
/bbs/ToS/index.html,ToS,699
/bbs/BabyMother/index.html,BabyMother,683
/bbs/PC_Shopping/index.html,PC_Shopping,657
/bbs/Boy-Girl/index.html,Boy-Girl,632
/bbs/e-shopping/index.html,e-shopping,581
/bbs/marvel/index.html,marvel,575
/bbs/KoreaStar/index.html,KoreaStar,536
/bbs/Japan_Travel/index.html,Japan_Travel,514
/bbs/marriage/index.html,marriage,454
/bbs/creditcard/index.html,creditcard,417
/bbs/joke/index.html,joke,407
/bbs/KoreaDrama/index.html,KoreaDrama,405
/bbs/SportLottery/index.html,SportLottery,389
/bbs/MakeUp/index.html,MakeUp,382
/bbs/AllTogether/index.html,AllTogether,381
/bbs/Steam/index.html,Steam,381
/bbs/KanColle/index.html,KanColle,378
/bbs/PlayStation/index.html,PlayStation,378
/bbs/Kaohsiung/index.html,Kaohsiung,376
/bbs/StupidClown/index.html,StupidClown,355
/bbs/japanavgirls/index.html,japanavgirls,346
/bbs/Tainan/index.html,Tainan,330
/bbs/basketballTW/index.html,basketballTW,306
/bbs/home-sale/index.html,home-sale,302
/bbs/Hearthstone/index.html,Hearthstone,301
/bbs/CFantasy/index.html,CFantasy,297
/bbs/NSwitch/index.html,NSwitch,287
/bbs/ONE_PIECE/index.html,ONE_PIECE,283
/bbs/EAseries/index.html,EAseries,268
/bbs/FATE_GO/index.html,FATE_GO,265
/bbs/iOS/index.html,iOS,265
/bbs/Tennis/index.html,Tennis,246
/bbs/PokemonGO/index.html,PokemonGO,245
/bbs/PCReDive/index.html,PCReDive,229
/bbs/TaichungBun/index.html,TaichungBun,227
/bbs/Japandrama/index.html,Japandrama,210
/bbs/Elephants/index.html,Elephants,208
/bbs/AC_In/index.html,AC_In,205
/bbs/BeautySalon/index.html,BeautySalon,205
/bbs/HardwareSale/index.html,HardwareSale,203
/bbs/BuyTogether/index.html,BuyTogether,194
/bbs/studyteacher/index.html,studyteacher,185
/bbs/Salary/index.html,Salary,175
/bbs/NBA_Film/index.html,NBA_Film,173
/bbs/CVS/index.html,CVS,171
/bbs/MuscleBeach/index.html,MuscleBeach,168
/bbs/Food/index.html,Food,160
/bbs/Monkeys/index.html,Monkeys,159
/bbs/Examination/index.html,Examination,159
/bbs/Hsinchu/index.html,Hsinchu,156
/bbs/Aviation/index.html,Aviation,150
/bbs/WOW/index.html,WOW,148
/bbs/TWICE/index.html,TWICE,148
/bbs/biker/index.html,biker,140
/bbs/YuanChuang/index.html,YuanChuang,139
/bbs/PuzzleDragon/index.html,PuzzleDragon,138
/bbs/Soft_Job/index.html,Soft_Job,136
/bbs/mobilesales/index.html,mobilesales,134
/bbs/MayDay/index.html,MayDay,133
/bbs/Headphone/index.html,Headphone,129
/bbs/MobilePay/index.html,MobilePay,127
/bbs/MLB/index.html,MLB,127
/bbs/KoreanPop/index.html,KoreanPop,125
/bbs/TaiwanDrama/index.html,TaiwanDrama,125
/bbs/BTS/index.html,BTS,121
/bbs/Gamesale/index.html,Gamesale,119
/bbs/GBF/index.html,GBF,118
/bbs/Palmar_Drama/index.html,Palmar_Drama,118
/bbs/part-time/index.html,part-time,113
/bbs/China-Drama/index.html,China-Drama,110
/bbs/cat/index.html,cat,110
/bbs/GetMarry/index.html,GetMarry,107
/bbs/Key_Mou_Pad/index.html,Key_Mou_Pad,105
/bbs/Drama-Ticket/index.html,Drama-Ticket,101
/bbs/Guardians/index.html,Guardians,99
/bbs/gay/index.html,gay,95
/bbs/forsale/index.html,forsale,95
/bbs/medstudent/index.html,medstudent,94
/bbs/Gov_owned/index.html,Gov_owned,94
/bbs/DMM_GAMES/index.html,DMM_GAMES,93
/bbs/AKB48/index.html,AKB48,92
/bbs/cookclub/index.html,cookclub,92
/bbs/DSLR/index.html,DSLR,87
/bbs/StarCraft/index.html,StarCraft,87
/bbs/Finance/index.html,Finance,84
/bbs/CarShop/index.html,CarShop,84
/bbs/fastfood/index.html,fastfood,84
/bbs/PublicServan/index.html,PublicServan,83
/bbs/HelpBuy/index.html,HelpBuy,82
/bbs/FITNESS/index.html,FITNESS,82
/bbs/MH/index.html,MH,81
/bbs/Brand/index.html,Brand,81
/bbs/give/index.html,give,80
/bbs/Military/index.html,Military,80
/bbs/Wanted/index.html,Wanted,79
/bbs/watch/index.html,watch,78
/bbs/graduate/index.html,graduate,76
/bbs/Mobile-game/index.html,Mobile-game,75
/bbs/nb-shopping/index.html,nb-shopping,73
/bbs/tabletennis/index.html,tabletennis,73
/bbs/IZONE/index.html,IZONE,72
/bbs/MacShop/index.html,MacShop,71
/bbs/feminine_sex/index.html,feminine_sex,70
/bbs/DIABLO/index.html,DIABLO,70
/bbs/ChangHua/index.html,ChangHua,68
/bbs/SuperJunior/index.html,SuperJunior,67
/bbs/PathofExile/index.html,PathofExile,67
/bbs/Lakers/index.html,Lakers,67
/bbs/job/index.html,job,67
/bbs/hypermall/index.html,hypermall,66
/bbs/TypeMoon/index.html,TypeMoon,65
/bbs/TW_Entertain/index.html,TW_Entertain,65
