﻿/bbs/Gossiping/index.html,Gossiping,9712
/bbs/NBA/index.html,NBA,2352
/bbs/C_Chat/index.html,C_Chat,1902
/bbs/Baseball/index.html,Baseball,1409
/bbs/Stock/index.html,Stock,1342
/bbs/sex/index.html,sex,1318
/bbs/HatePolitics/index.html,HatePolitics,1024
/bbs/movie/index.html,movie,874
/bbs/MobileComm/index.html,MobileComm,751
/bbs/Beauty/index.html,Beauty,655
/bbs/car/index.html,car,636
/bbs/LoL/index.html,LoL,568
/bbs/Boy-Girl/index.html,Boy-Girl,550
/bbs/Lifeismoney/index.html,Lifeismoney,543
/bbs/ToS/index.html,ToS,528
/bbs/BabyMother/index.html,BabyMother,517
/bbs/Tech_Job/index.html,Tech_Job,509
/bbs/WomenTalk/index.html,WomenTalk,445
/bbs/KR_Entertain/index.html,KR_Entertain,407
/bbs/PC_Shopping/index.html,PC_Shopping,397
/bbs/joke/index.html,joke,384
/bbs/marvel/index.html,marvel,370
/bbs/AllTogether/index.html,AllTogether,331
/bbs/e-shopping/index.html,e-shopping,322
/bbs/KoreaStar/index.html,KoreaStar,314
/bbs/Japan_Travel/index.html,Japan_Travel,307
/bbs/Tennis/index.html,Tennis,301
/bbs/marriage/index.html,marriage,300
/bbs/creditcard/index.html,creditcard,299
/bbs/PlayStation/index.html,PlayStation,299
/bbs/Kaohsiung/index.html,Kaohsiung,274
/bbs/japanavgirls/index.html,japanavgirls,254
/bbs/Steam/index.html,Steam,243
/bbs/FATE_GO/index.html,FATE_GO,242
/bbs/SportLottery/index.html,SportLottery,238
/bbs/Tainan/index.html,Tainan,231
/bbs/KoreaDrama/index.html,KoreaDrama,212
/bbs/ONE_PIECE/index.html,ONE_PIECE,209
/bbs/home-sale/index.html,home-sale,206
/bbs/PCReDive/index.html,PCReDive,196
/bbs/KanColle/index.html,KanColle,195
/bbs/CFantasy/index.html,CFantasy,193
/bbs/Hearthstone/index.html,Hearthstone,192
/bbs/NSwitch/index.html,NSwitch,183
/bbs/TaichungBun/index.html,TaichungBun,174
/bbs/PokemonGO/index.html,PokemonGO,172
/bbs/MakeUp/index.html,MakeUp,170
/bbs/StupidClown/index.html,StupidClown,168
/bbs/EAseries/index.html,EAseries,164
/bbs/iOS/index.html,iOS,157
/bbs/AC_In/index.html,AC_In,141
/bbs/Elephants/index.html,Elephants,141
/bbs/HardwareSale/index.html,HardwareSale,140
/bbs/NBA_Film/index.html,NBA_Film,140
/bbs/CVS/index.html,CVS,138
/bbs/Salary/index.html,Salary,133
/bbs/BeautySalon/index.html,BeautySalon,130
/bbs/WOW/index.html,WOW,123
/bbs/BuyTogether/index.html,BuyTogether,116
/bbs/Japandrama/index.html,Japandrama,110
/bbs/MuscleBeach/index.html,MuscleBeach,109
/bbs/PuzzleDragon/index.html,PuzzleDragon,108
/bbs/YuanChuang/index.html,YuanChuang,104
/bbs/biker/index.html,biker,104
/bbs/Palmar_Drama/index.html,Palmar_Drama,103
/bbs/Aviation/index.html,Aviation,101
/bbs/MLB/index.html,MLB,100
/bbs/studyteacher/index.html,studyteacher,98
/bbs/Hsinchu/index.html,Hsinchu,93
/bbs/gay/index.html,gay,88
/bbs/basketballTW/index.html,basketballTW,83
/bbs/Soft_Job/index.html,Soft_Job,82
/bbs/TaiwanDrama/index.html,TaiwanDrama,81
/bbs/Food/index.html,Food,81
/bbs/mobilesales/index.html,mobilesales,80
/bbs/DSLR/index.html,DSLR,80
/bbs/Headphone/index.html,Headphone,80
/bbs/Option/index.html,Option,80
/bbs/Military/index.html,Military,79
/bbs/NY-Yankees/index.html,NY-Yankees,74
/bbs/Examination/index.html,Examination,74
/bbs/MobilePay/index.html,MobilePay,73
/bbs/cat/index.html,cat,73
/bbs/part-time/index.html,part-time,73
/bbs/MayDay/index.html,MayDay,72
/bbs/Gamesale/index.html,Gamesale,71
/bbs/forsale/index.html,forsale,70
/bbs/LGBT_SEX/index.html,LGBT_SEX,69
/bbs/KoreanPop/index.html,KoreanPop,67
/bbs/GetMarry/index.html,GetMarry,66
/bbs/feminine_sex/index.html,feminine_sex,65
/bbs/TW_Entertain/index.html,TW_Entertain,64
/bbs/medstudent/index.html,medstudent,62
/bbs/Gov_owned/index.html,Gov_owned,62
/bbs/TWICE/index.html,TWICE,62
/bbs/PublicServan/index.html,PublicServan,61
/bbs/China-Drama/index.html,China-Drama,58
/bbs/MH/index.html,MH,57
/bbs/watch/index.html,watch,57
/bbs/FITNESS/index.html,FITNESS,57
/bbs/lesbian/index.html,lesbian,57
/bbs/CarShop/index.html,CarShop,56
/bbs/Wanted/index.html,Wanted,56
/bbs/DMM_GAMES/index.html,DMM_GAMES,56
/bbs/TypeMoon/index.html,TypeMoon,55
/bbs/AKB48/index.html,AKB48,54
/bbs/Finance/index.html,Finance,54
/bbs/Mobile-game/index.html,Mobile-game,51
/bbs/cookclub/index.html,cookclub,51
/bbs/GBF/index.html,GBF,51
/bbs/Taoyuan/index.html,Taoyuan,50
/bbs/Monkeys/index.html,Monkeys,50
/bbs/DIABLO/index.html,DIABLO,50
/bbs/BTS/index.html,BTS,49
/bbs/Key_Mou_Pad/index.html,Key_Mou_Pad,46
/bbs/hypermall/index.html,hypermall,45
/bbs/Bank_Service/index.html,Bank_Service,45
/bbs/graduate/index.html,graduate,44
/bbs/Guardians/index.html,Guardians,44
/bbs/BB-Love/index.html,BB-Love,43
/bbs/nb-shopping/index.html,nb-shopping,42
/bbs/IdolMaster/index.html,IdolMaster,41
/bbs/SuperJunior/index.html,SuperJunior,41
/bbs/MacShop/index.html,MacShop,41
/bbs/BabyProducts/index.html,BabyProducts,40
/bbs/SuperBike/index.html,SuperBike,40
/bbs/Zastrology/index.html,Zastrology,39
/bbs/HelpBuy/index.html,HelpBuy,38
