﻿/bbs/Gossiping/index.html,Gossiping,13755
/bbs/NBA/index.html,NBA,3743
/bbs/C_Chat/index.html,C_Chat,2709
/bbs/Baseball/index.html,Baseball,2242
/bbs/Stock/index.html,Stock,1764
/bbs/HatePolitics/index.html,HatePolitics,1469
/bbs/sex/index.html,sex,1382
/bbs/movie/index.html,movie,1159
/bbs/MobileComm/index.html,MobileComm,1059
/bbs/Beauty/index.html,Beauty,987
/bbs/Lifeismoney/index.html,Lifeismoney,920
/bbs/car/index.html,car,902
/bbs/KR_Entertain/index.html,KR_Entertain,785
/bbs/Tech_Job/index.html,Tech_Job,779
/bbs/ToS/index.html,ToS,753
/bbs/LoL/index.html,LoL,747
/bbs/BabyMother/index.html,BabyMother,694
/bbs/Boy-Girl/index.html,Boy-Girl,682
/bbs/creditcard/index.html,creditcard,642
/bbs/WomenTalk/index.html,WomenTalk,595
/bbs/PC_Shopping/index.html,PC_Shopping,544
/bbs/marvel/index.html,marvel,539
/bbs/e-shopping/index.html,e-shopping,525
/bbs/KoreaStar/index.html,KoreaStar,477
/bbs/joke/index.html,joke,473
/bbs/Japan_Travel/index.html,Japan_Travel,463
/bbs/AllTogether/index.html,AllTogether,431
/bbs/PlayStation/index.html,PlayStation,378
/bbs/Kaohsiung/index.html,Kaohsiung,375
/bbs/Steam/index.html,Steam,355
/bbs/Tainan/index.html,Tainan,350
/bbs/Tennis/index.html,Tennis,335
/bbs/marriage/index.html,marriage,326
/bbs/japanavgirls/index.html,japanavgirls,323
/bbs/MakeUp/index.html,MakeUp,320
/bbs/KoreaDrama/index.html,KoreaDrama,311
/bbs/SportLottery/index.html,SportLottery,302
/bbs/home-sale/index.html,home-sale,291
/bbs/ONE_PIECE/index.html,ONE_PIECE,288
/bbs/FATE_GO/index.html,FATE_GO,279
/bbs/KanColle/index.html,KanColle,273
/bbs/PokemonGO/index.html,PokemonGO,263
/bbs/Hearthstone/index.html,Hearthstone,260
/bbs/TaichungBun/index.html,TaichungBun,259
/bbs/PCReDive/index.html,PCReDive,256
/bbs/iOS/index.html,iOS,253
/bbs/NSwitch/index.html,NSwitch,240
/bbs/Salary/index.html,Salary,231
/bbs/StupidClown/index.html,StupidClown,224
/bbs/CFantasy/index.html,CFantasy,219
/bbs/EAseries/index.html,EAseries,213
/bbs/BeautySalon/index.html,BeautySalon,207
/bbs/Elephants/index.html,Elephants,194
/bbs/BuyTogether/index.html,BuyTogether,185
/bbs/NBA_Film/index.html,NBA_Film,185
/bbs/AC_In/index.html,AC_In,183
/bbs/HardwareSale/index.html,HardwareSale,179
/bbs/Japandrama/index.html,Japandrama,176
/bbs/CVS/index.html,CVS,164
/bbs/MobilePay/index.html,MobilePay,155
/bbs/PuzzleDragon/index.html,PuzzleDragon,146
/bbs/WOW/index.html,WOW,140
/bbs/Hsinchu/index.html,Hsinchu,131
/bbs/Palmar_Drama/index.html,Palmar_Drama,131
/bbs/basketballTW/index.html,basketballTW,130
/bbs/studyteacher/index.html,studyteacher,129
/bbs/TaiwanDrama/index.html,TaiwanDrama,129
/bbs/Gamesale/index.html,Gamesale,128
/bbs/MuscleBeach/index.html,MuscleBeach,126
/bbs/Aviation/index.html,Aviation,122
/bbs/YuanChuang/index.html,YuanChuang,121
/bbs/biker/index.html,biker,120
/bbs/mobilesales/index.html,mobilesales,118
/bbs/part-time/index.html,part-time,114
/bbs/Headphone/index.html,Headphone,113
/bbs/Soft_Job/index.html,Soft_Job,111
/bbs/MLB/index.html,MLB,111
/bbs/forsale/index.html,forsale,108
/bbs/Food/index.html,Food,107
/bbs/NY-Yankees/index.html,NY-Yankees,106
/bbs/Examination/index.html,Examination,106
/bbs/MayDay/index.html,MayDay,106
/bbs/GetMarry/index.html,GetMarry,105
/bbs/China-Drama/index.html,China-Drama,103
/bbs/KoreanPop/index.html,KoreanPop,102
/bbs/TWICE/index.html,TWICE,100
/bbs/Military/index.html,Military,96
/bbs/LGBT_SEX/index.html,LGBT_SEX,93
/bbs/gay/index.html,gay,93
/bbs/DSLR/index.html,DSLR,90
/bbs/watch/index.html,watch,90
/bbs/cat/index.html,cat,89
/bbs/lesbian/index.html,lesbian,89
/bbs/Monkeys/index.html,Monkeys,88
/bbs/medstudent/index.html,medstudent,87
/bbs/GBF/index.html,GBF,87
/bbs/PublicServan/index.html,PublicServan,86
/bbs/Finance/index.html,Finance,85
/bbs/BTS/index.html,BTS,83
/bbs/tabletennis/index.html,tabletennis,83
/bbs/DMM_GAMES/index.html,DMM_GAMES,81
/bbs/TW_Entertain/index.html,TW_Entertain,80
/bbs/SuperJunior/index.html,SuperJunior,79
/bbs/TypeMoon/index.html,TypeMoon,79
/bbs/Wanted/index.html,Wanted,77
/bbs/Mobile-game/index.html,Mobile-game,76
/bbs/feminine_sex/index.html,feminine_sex,76
/bbs/CarShop/index.html,CarShop,75
/bbs/IZONE/index.html,IZONE,74
/bbs/Gov_owned/index.html,Gov_owned,72
/bbs/MacShop/index.html,MacShop,70
/bbs/nb-shopping/index.html,nb-shopping,69
/bbs/HelpBuy/index.html,HelpBuy,69
/bbs/points/index.html,points,69
/bbs/Option/index.html,Option,67
/bbs/FITNESS/index.html,FITNESS,66
/bbs/BB-Love/index.html,BB-Love,65
/bbs/hypermall/index.html,hypermall,65
/bbs/give/index.html,give,64
/bbs/Bank_Service/index.html,Bank_Service,64
/bbs/Guardians/index.html,Guardians,64
/bbs/job/index.html,job,64
/bbs/RealmOfValor/index.html,RealmOfValor,63
/bbs/AKB48/index.html,AKB48,62
/bbs/Key_Mou_Pad/index.html,Key_Mou_Pad,60
/bbs/PathofExile/index.html,PathofExile,60
/bbs/MH/index.html,MH,59
/bbs/ChungLi/index.html,ChungLi,59
