﻿/bbs/Gossiping/index.html,Gossiping,13197
/bbs/NBA/index.html,NBA,3394
/bbs/C_Chat/index.html,C_Chat,2443
/bbs/Baseball/index.html,Baseball,1898
/bbs/Stock/index.html,Stock,1789
/bbs/sex/index.html,sex,1509
/bbs/HatePolitics/index.html,HatePolitics,1333
/bbs/movie/index.html,movie,1058
/bbs/Beauty/index.html,Beauty,966
/bbs/MobileComm/index.html,MobileComm,924
/bbs/car/index.html,car,878
/bbs/Lifeismoney/index.html,Lifeismoney,818
/bbs/creditcard/index.html,creditcard,807
/bbs/Tech_Job/index.html,Tech_Job,734
/bbs/ToS/index.html,ToS,716
/bbs/Boy-Girl/index.html,Boy-Girl,712
/bbs/KR_Entertain/index.html,KR_Entertain,666
/bbs/BabyMother/index.html,BabyMother,660
/bbs/LoL/index.html,LoL,643
/bbs/WomenTalk/index.html,WomenTalk,598
/bbs/PC_Shopping/index.html,PC_Shopping,516
/bbs/KoreaStar/index.html,KoreaStar,499
/bbs/marvel/index.html,marvel,482
/bbs/e-shopping/index.html,e-shopping,472
/bbs/joke/index.html,joke,435
/bbs/AllTogether/index.html,AllTogether,428
/bbs/Japan_Travel/index.html,Japan_Travel,423
/bbs/marriage/index.html,marriage,391
/bbs/PlayStation/index.html,PlayStation,369
/bbs/Tainan/index.html,Tainan,348
/bbs/japanavgirls/index.html,japanavgirls,332
/bbs/Tennis/index.html,Tennis,328
/bbs/SportLottery/index.html,SportLottery,325
/bbs/Steam/index.html,Steam,308
/bbs/Kaohsiung/index.html,Kaohsiung,295
/bbs/FATE_GO/index.html,FATE_GO,290
/bbs/ONE_PIECE/index.html,ONE_PIECE,283
/bbs/home-sale/index.html,home-sale,281
/bbs/MakeUp/index.html,MakeUp,265
/bbs/KoreaDrama/index.html,KoreaDrama,251
/bbs/Hearthstone/index.html,Hearthstone,250
/bbs/TaichungBun/index.html,TaichungBun,245
/bbs/NSwitch/index.html,NSwitch,243
/bbs/PokemonGO/index.html,PokemonGO,239
/bbs/StupidClown/index.html,StupidClown,236
/bbs/KanColle/index.html,KanColle,232
/bbs/PCReDive/index.html,PCReDive,227
/bbs/EAseries/index.html,EAseries,205
/bbs/iOS/index.html,iOS,202
/bbs/CFantasy/index.html,CFantasy,200
/bbs/Elephants/index.html,Elephants,200
/bbs/Salary/index.html,Salary,190
/bbs/BeautySalon/index.html,BeautySalon,184
/bbs/NBA_Film/index.html,NBA_Film,177
/bbs/HardwareSale/index.html,HardwareSale,169
/bbs/AC_In/index.html,AC_In,168
/bbs/CVS/index.html,CVS,163
/bbs/Japandrama/index.html,Japandrama,161
/bbs/BuyTogether/index.html,BuyTogether,156
/bbs/WOW/index.html,WOW,151
/bbs/MuscleBeach/index.html,MuscleBeach,139
/bbs/PuzzleDragon/index.html,PuzzleDragon,137
/bbs/MobilePay/index.html,MobilePay,137
/bbs/NY-Yankees/index.html,NY-Yankees,134
/bbs/biker/index.html,biker,133
/bbs/basketballTW/index.html,basketballTW,132
/bbs/Palmar_Drama/index.html,Palmar_Drama,129
/bbs/MayDay/index.html,MayDay,128
/bbs/MLB/index.html,MLB,122
/bbs/Hsinchu/index.html,Hsinchu,121
/bbs/YuanChuang/index.html,YuanChuang,119
/bbs/Headphone/index.html,Headphone,117
/bbs/Soft_Job/index.html,Soft_Job,114
/bbs/Aviation/index.html,Aviation,113
/bbs/Food/index.html,Food,113
/bbs/studyteacher/index.html,studyteacher,112
/bbs/Gamesale/index.html,Gamesale,110
/bbs/KoreanPop/index.html,KoreanPop,110
/bbs/TaiwanDrama/index.html,TaiwanDrama,104
/bbs/DSLR/index.html,DSLR,101
/bbs/mobilesales/index.html,mobilesales,99
/bbs/cat/index.html,cat,95
/bbs/Examination/index.html,Examination,95
/bbs/CarShop/index.html,CarShop,92
/bbs/FITNESS/index.html,FITNESS,92
/bbs/part-time/index.html,part-time,90
/bbs/TWICE/index.html,TWICE,89
/bbs/lesbian/index.html,lesbian,86
/bbs/gay/index.html,gay,86
/bbs/Monkeys/index.html,Monkeys,85
/bbs/forsale/index.html,forsale,84
/bbs/feminine_sex/index.html,feminine_sex,82
/bbs/Gov_owned/index.html,Gov_owned,81
/bbs/GetMarry/index.html,GetMarry,81
/bbs/Military/index.html,Military,81
/bbs/China-Drama/index.html,China-Drama,77
/bbs/medstudent/index.html,medstudent,76
/bbs/BTS/index.html,BTS,76
/bbs/Mobile-game/index.html,Mobile-game,74
/bbs/Option/index.html,Option,74
/bbs/PublicServan/index.html,PublicServan,73
/bbs/Wanted/index.html,Wanted,73
/bbs/LGBT_SEX/index.html,LGBT_SEX,70
/bbs/Finance/index.html,Finance,69
/bbs/DMM_GAMES/index.html,DMM_GAMES,68
/bbs/GBF/index.html,GBF,68
/bbs/watch/index.html,watch,68
/bbs/nb-shopping/index.html,nb-shopping,67
/bbs/Key_Mou_Pad/index.html,Key_Mou_Pad,67
/bbs/DIABLO/index.html,DIABLO,66
/bbs/IZONE/index.html,IZONE,65
/bbs/BB-Love/index.html,BB-Love,63
/bbs/TW_Entertain/index.html,TW_Entertain,63
/bbs/graduate/index.html,graduate,62
/bbs/RealmOfValor/index.html,RealmOfValor,61
/bbs/AKB48/index.html,AKB48,60
/bbs/SuperJunior/index.html,SuperJunior,60
/bbs/Bank_Service/index.html,Bank_Service,60
/bbs/IdolMaster/index.html,IdolMaster,58
/bbs/hypermall/index.html,hypermall,58
/bbs/job/index.html,job,58
/bbs/give/index.html,give,57
/bbs/Guardians/index.html,Guardians,57
/bbs/Chiayi/index.html,Chiayi,56
/bbs/HelpBuy/index.html,HelpBuy,55
/bbs/MacShop/index.html,MacShop,55
/bbs/BabyProducts/index.html,BabyProducts,54
/bbs/Taoyuan/index.html,Taoyuan,54
