﻿/bbs/Gossiping/index.html,Gossiping,8543
/bbs/NBA/index.html,NBA,2089
/bbs/C_Chat/index.html,C_Chat,1761
/bbs/Baseball/index.html,Baseball,1298
/bbs/Stock/index.html,Stock,1280
/bbs/sex/index.html,sex,1171
/bbs/HatePolitics/index.html,HatePolitics,940
/bbs/movie/index.html,movie,793
/bbs/MobileComm/index.html,MobileComm,687
/bbs/Beauty/index.html,Beauty,621
/bbs/LoL/index.html,LoL,532
/bbs/Lifeismoney/index.html,Lifeismoney,518
/bbs/car/index.html,car,514
/bbs/Tech_Job/index.html,Tech_Job,507
/bbs/ToS/index.html,ToS,489
/bbs/Boy-Girl/index.html,Boy-Girl,485
/bbs/BabyMother/index.html,BabyMother,465
/bbs/KR_Entertain/index.html,KR_Entertain,365
/bbs/PC_Shopping/index.html,PC_Shopping,364
/bbs/marvel/index.html,marvel,364
/bbs/WomenTalk/index.html,WomenTalk,348
/bbs/joke/index.html,joke,341
/bbs/AllTogether/index.html,AllTogether,313
/bbs/PlayStation/index.html,PlayStation,284
/bbs/e-shopping/index.html,e-shopping,282
/bbs/Tennis/index.html,Tennis,277
/bbs/Kaohsiung/index.html,Kaohsiung,260
/bbs/marriage/index.html,marriage,257
/bbs/Japan_Travel/index.html,Japan_Travel,255
/bbs/KoreaStar/index.html,KoreaStar,253
/bbs/creditcard/index.html,creditcard,243
/bbs/FATE_GO/index.html,FATE_GO,242
/bbs/japanavgirls/index.html,japanavgirls,231
/bbs/Tainan/index.html,Tainan,229
/bbs/Steam/index.html,Steam,215
/bbs/KanColle/index.html,KanColle,193
/bbs/ONE_PIECE/index.html,ONE_PIECE,193
/bbs/SportLottery/index.html,SportLottery,188
/bbs/Hearthstone/index.html,Hearthstone,187
/bbs/CFantasy/index.html,CFantasy,186
/bbs/EAseries/index.html,EAseries,180
/bbs/NSwitch/index.html,NSwitch,176
/bbs/PCReDive/index.html,PCReDive,174
/bbs/TaichungBun/index.html,TaichungBun,174
/bbs/PokemonGO/index.html,PokemonGO,162
/bbs/KoreaDrama/index.html,KoreaDrama,156
/bbs/MakeUp/index.html,MakeUp,153
/bbs/home-sale/index.html,home-sale,151
/bbs/StupidClown/index.html,StupidClown,144
/bbs/Salary/index.html,Salary,135
/bbs/AC_In/index.html,AC_In,134
/bbs/iOS/index.html,iOS,132
/bbs/Elephants/index.html,Elephants,130
/bbs/NBA_Film/index.html,NBA_Film,129
/bbs/WOW/index.html,WOW,127
/bbs/HardwareSale/index.html,HardwareSale,124
/bbs/CVS/index.html,CVS,122
/bbs/BeautySalon/index.html,BeautySalon,122
/bbs/PuzzleDragon/index.html,PuzzleDragon,113
/bbs/BuyTogether/index.html,BuyTogether,101
/bbs/Japandrama/index.html,Japandrama,98
/bbs/MuscleBeach/index.html,MuscleBeach,97
/bbs/Palmar_Drama/index.html,Palmar_Drama,95
/bbs/Aviation/index.html,Aviation,94
/bbs/YuanChuang/index.html,YuanChuang,92
/bbs/MLB/index.html,MLB,92
/bbs/studyteacher/index.html,studyteacher,90
/bbs/basketballTW/index.html,basketballTW,89
/bbs/Hsinchu/index.html,Hsinchu,88
/bbs/biker/index.html,biker,87
/bbs/gay/index.html,gay,83
/bbs/Option/index.html,Option,82
/bbs/Headphone/index.html,Headphone,76
/bbs/DSLR/index.html,DSLR,74
/bbs/part-time/index.html,part-time,74
/bbs/Military/index.html,Military,74
/bbs/Gamesale/index.html,Gamesale,73
/bbs/Food/index.html,Food,71
/bbs/CarShop/index.html,CarShop,70
/bbs/Soft_Job/index.html,Soft_Job,70
/bbs/China-Drama/index.html,China-Drama,70
/bbs/LGBT_SEX/index.html,LGBT_SEX,67
/bbs/cat/index.html,cat,67
/bbs/Examination/index.html,Examination,67
/bbs/forsale/index.html,forsale,67
/bbs/mobilesales/index.html,mobilesales,66
/bbs/MobilePay/index.html,MobilePay,66
/bbs/TWICE/index.html,TWICE,63
/bbs/Wanted/index.html,Wanted,62
/bbs/TaiwanDrama/index.html,TaiwanDrama,62
/bbs/watch/index.html,watch,60
/bbs/PublicServan/index.html,PublicServan,58
/bbs/KoreanPop/index.html,KoreanPop,58
/bbs/FITNESS/index.html,FITNESS,58
/bbs/Monkeys/index.html,Monkeys,54
/bbs/GetMarry/index.html,GetMarry,54
/bbs/TW_Entertain/index.html,TW_Entertain,53
/bbs/AKB48/index.html,AKB48,52
/bbs/medstudent/index.html,medstudent,52
/bbs/DMM_GAMES/index.html,DMM_GAMES,52
/bbs/Gov_owned/index.html,Gov_owned,51
/bbs/TypeMoon/index.html,TypeMoon,50
/bbs/MayDay/index.html,MayDay,49
/bbs/Mobile-game/index.html,Mobile-game,48
/bbs/Finance/index.html,Finance,47
/bbs/Key_Mou_Pad/index.html,Key_Mou_Pad,46
/bbs/feminine_sex/index.html,feminine_sex,46
/bbs/hypermall/index.html,hypermall,45
/bbs/DIABLO/index.html,DIABLO,45
/bbs/GBF/index.html,GBF,45
/bbs/MH/index.html,MH,44
/bbs/ClashRoyale/index.html,ClashRoyale,43
/bbs/Guardians/index.html,Guardians,42
/bbs/HelpBuy/index.html,HelpBuy,41
/bbs/MacShop/index.html,MacShop,41
/bbs/cookclub/index.html,cookclub,41
/bbs/Bank_Service/index.html,Bank_Service,41
/bbs/points/index.html,points,40
/bbs/NY-Yankees/index.html,NY-Yankees,40
/bbs/BabyProducts/index.html,BabyProducts,39
/bbs/BTS/index.html,BTS,39
/bbs/Lions/index.html,Lions,39
/bbs/nb-shopping/index.html,nb-shopping,38
/bbs/graduate/index.html,graduate,38
/bbs/ChungLi/index.html,ChungLi,37
/bbs/BB-Love/index.html,BB-Love,37
/bbs/job/index.html,job,37
/bbs/RealmOfValor/index.html,RealmOfValor,35
