﻿/bbs/Gossiping/index.html,Gossiping,17939
/bbs/Baseball/index.html,Baseball,5791
/bbs/C_Chat/index.html,C_Chat,3075
/bbs/HatePolitics/index.html,HatePolitics,2917
/bbs/NBA/index.html,NBA,2824
/bbs/movie/index.html,movie,1860
/bbs/Elephants/index.html,Elephants,1649
/bbs/Stock/index.html,Stock,1578
/bbs/LoL/index.html,LoL,1488
/bbs/MobileComm/index.html,MobileComm,1264
/bbs/Lifeismoney/index.html,Lifeismoney,1205
/bbs/car/index.html,car,1027
/bbs/KR_Entertain/index.html,KR_Entertain,1025
/bbs/sex/index.html,sex,1016
/bbs/ToS/index.html,ToS,768
/bbs/Tech_Job/index.html,Tech_Job,759
/bbs/Tennis/index.html,Tennis,742
/bbs/WomenTalk/index.html,WomenTalk,738
/bbs/joke/index.html,joke,725
/bbs/Beauty/index.html,Beauty,721
/bbs/BabyMother/index.html,BabyMother,689
/bbs/PC_Shopping/index.html,PC_Shopping,632
/bbs/Boy-Girl/index.html,Boy-Girl,620
/bbs/Monkeys/index.html,Monkeys,609
/bbs/e-shopping/index.html,e-shopping,582
/bbs/Guardians/index.html,Guardians,546
/bbs/Lions/index.html,Lions,541
/bbs/KoreaStar/index.html,KoreaStar,536
/bbs/Japan_Travel/index.html,Japan_Travel,524
/bbs/KoreaDrama/index.html,KoreaDrama,493
/bbs/Hearthstone/index.html,Hearthstone,485
/bbs/marvel/index.html,marvel,468
/bbs/StupidClown/index.html,StupidClown,466
/bbs/PlayStation/index.html,PlayStation,461
/bbs/marriage/index.html,marriage,460
/bbs/AllTogether/index.html,AllTogether,455
/bbs/Kaohsiung/index.html,Kaohsiung,442
/bbs/MakeUp/index.html,MakeUp,440
/bbs/Steam/index.html,Steam,416
/bbs/KanColle/index.html,KanColle,381
/bbs/creditcard/index.html,creditcard,366
/bbs/Tainan/index.html,Tainan,365
/bbs/home-sale/index.html,home-sale,336
/bbs/CFantasy/index.html,CFantasy,307
/bbs/SportLottery/index.html,SportLottery,302
/bbs/EAseries/index.html,EAseries,299
/bbs/TaichungBun/index.html,TaichungBun,291
/bbs/iOS/index.html,iOS,283
/bbs/NSwitch/index.html,NSwitch,280
/bbs/japanavgirls/index.html,japanavgirls,277
/bbs/BuyTogether/index.html,BuyTogether,253
/bbs/BeautySalon/index.html,BeautySalon,250
/bbs/Japandrama/index.html,Japandrama,245
/bbs/PCReDive/index.html,PCReDive,243
/bbs/CVS/index.html,CVS,242
/bbs/FATE_GO/index.html,FATE_GO,224
/bbs/TW_Entertain/index.html,TW_Entertain,223
/bbs/HardwareSale/index.html,HardwareSale,218
/bbs/ONE_PIECE/index.html,ONE_PIECE,217
/bbs/PokemonGO/index.html,PokemonGO,217
/bbs/studyteacher/index.html,studyteacher,215
/bbs/KoreanPop/index.html,KoreanPop,204
/bbs/YuanChuang/index.html,YuanChuang,202
/bbs/Salary/index.html,Salary,192
/bbs/basketballTW/index.html,basketballTW,192
/bbs/Hsinchu/index.html,Hsinchu,186
/bbs/Examination/index.html,Examination,182
/bbs/NBA_Film/index.html,NBA_Film,176
/bbs/biker/index.html,biker,173
/bbs/AC_In/index.html,AC_In,164
/bbs/MuscleBeach/index.html,MuscleBeach,161
/bbs/GBF/index.html,GBF,160
/bbs/PuzzleDragon/index.html,PuzzleDragon,152
/bbs/Food/index.html,Food,152
/bbs/China-Drama/index.html,China-Drama,151
/bbs/WOW/index.html,WOW,151
/bbs/IZONE/index.html,IZONE,150
/bbs/Aviation/index.html,Aviation,146
/bbs/TWICE/index.html,TWICE,146
/bbs/MayDay/index.html,MayDay,144
/bbs/gay/index.html,gay,140
/bbs/mobilesales/index.html,mobilesales,139
/bbs/TaiwanDrama/index.html,TaiwanDrama,139
/bbs/cat/index.html,cat,138
/bbs/Palmar_Drama/index.html,Palmar_Drama,132
/bbs/MLB/index.html,MLB,130
/bbs/Soft_Job/index.html,Soft_Job,127
/bbs/Gamesale/index.html,Gamesale,124
/bbs/part-time/index.html,part-time,121
/bbs/tabletennis/index.html,tabletennis,121
/bbs/Moto_GP/index.html,Moto_GP,114
/bbs/Headphone/index.html,Headphone,113
/bbs/lesbian/index.html,lesbian,113
/bbs/GetMarry/index.html,GetMarry,112
/bbs/HelpBuy/index.html,HelpBuy,110
/bbs/AKB48/index.html,AKB48,108
/bbs/BTS/index.html,BTS,108
/bbs/cookclub/index.html,cookclub,107
/bbs/Wanted/index.html,Wanted,106
/bbs/Finance/index.html,Finance,105
/bbs/PublicServan/index.html,PublicServan,105
/bbs/forsale/index.html,forsale,105
/bbs/DSLR/index.html,DSLR,104
/bbs/MH/index.html,MH,104
/bbs/TypeMoon/index.html,TypeMoon,101
/bbs/Key_Mou_Pad/index.html,Key_Mou_Pad,101
/bbs/MobilePay/index.html,MobilePay,101
/bbs/MacShop/index.html,MacShop,98
/bbs/medstudent/index.html,medstudent,97
/bbs/Military/index.html,Military,93
/bbs/Mobile-game/index.html,Mobile-game,91
/bbs/CarShop/index.html,CarShop,90
/bbs/Nogizaka46/index.html,Nogizaka46,89
/bbs/DMM_GAMES/index.html,DMM_GAMES,88
/bbs/fastfood/index.html,fastfood,86
/bbs/StarCraft/index.html,StarCraft,85
/bbs/watch/index.html,watch,85
/bbs/LGBT_SEX/index.html,LGBT_SEX,84
/bbs/Brand/index.html,Brand,82
/bbs/IdolMaster/index.html,IdolMaster,77
/bbs/E-appliance/index.html,E-appliance,77
/bbs/Gov_owned/index.html,Gov_owned,77
/bbs/Taoyuan/index.html,Taoyuan,76
/bbs/SuperJunior/index.html,SuperJunior,74
/bbs/Drama-Ticket/index.html,Drama-Ticket,74
/bbs/RealmOfValor/index.html,RealmOfValor,74
/bbs/nb-shopping/index.html,nb-shopping,73
/bbs/FITNESS/index.html,FITNESS,70
