﻿/bbs/Gossiping/index.html,Gossiping,11289
/bbs/NBA/index.html,NBA,2893
/bbs/C_Chat/index.html,C_Chat,2219
/bbs/Baseball/index.html,Baseball,1646
/bbs/Stock/index.html,Stock,1524
/bbs/sex/index.html,sex,1403
/bbs/HatePolitics/index.html,HatePolitics,1294
/bbs/movie/index.html,movie,960
/bbs/MobileComm/index.html,MobileComm,875
/bbs/Beauty/index.html,Beauty,774
/bbs/car/index.html,car,710
/bbs/Lifeismoney/index.html,Lifeismoney,676
/bbs/ToS/index.html,ToS,639
/bbs/Boy-Girl/index.html,Boy-Girl,635
/bbs/LoL/index.html,LoL,622
/bbs/Tech_Job/index.html,Tech_Job,617
/bbs/BabyMother/index.html,BabyMother,603
/bbs/WomenTalk/index.html,WomenTalk,530
/bbs/KR_Entertain/index.html,KR_Entertain,506
/bbs/PC_Shopping/index.html,PC_Shopping,451
/bbs/marvel/index.html,marvel,448
/bbs/joke/index.html,joke,427
/bbs/e-shopping/index.html,e-shopping,405
/bbs/KoreaStar/index.html,KoreaStar,383
/bbs/creditcard/index.html,creditcard,379
/bbs/AllTogether/index.html,AllTogether,379
/bbs/Japan_Travel/index.html,Japan_Travel,360
/bbs/Tennis/index.html,Tennis,348
/bbs/marriage/index.html,marriage,337
/bbs/PlayStation/index.html,PlayStation,333
/bbs/Tainan/index.html,Tainan,307
/bbs/Steam/index.html,Steam,291
/bbs/Kaohsiung/index.html,Kaohsiung,287
/bbs/japanavgirls/index.html,japanavgirls,282
/bbs/FATE_GO/index.html,FATE_GO,281
/bbs/SportLottery/index.html,SportLottery,258
/bbs/ONE_PIECE/index.html,ONE_PIECE,250
/bbs/home-sale/index.html,home-sale,236
/bbs/Hearthstone/index.html,Hearthstone,235
/bbs/KoreaDrama/index.html,KoreaDrama,232
/bbs/MakeUp/index.html,MakeUp,226
/bbs/KanColle/index.html,KanColle,214
/bbs/PCReDive/index.html,PCReDive,206
/bbs/StupidClown/index.html,StupidClown,203
/bbs/TaichungBun/index.html,TaichungBun,198
/bbs/NSwitch/index.html,NSwitch,195
/bbs/CFantasy/index.html,CFantasy,194
/bbs/PokemonGO/index.html,PokemonGO,193
/bbs/iOS/index.html,iOS,185
/bbs/EAseries/index.html,EAseries,173
/bbs/Salary/index.html,Salary,170
/bbs/AC_In/index.html,AC_In,168
/bbs/Elephants/index.html,Elephants,168
/bbs/HardwareSale/index.html,HardwareSale,166
/bbs/BeautySalon/index.html,BeautySalon,160
/bbs/CVS/index.html,CVS,149
/bbs/NBA_Film/index.html,NBA_Film,147
/bbs/BuyTogether/index.html,BuyTogether,144
/bbs/WOW/index.html,WOW,137
/bbs/Aviation/index.html,Aviation,132
/bbs/Japandrama/index.html,Japandrama,132
/bbs/MuscleBeach/index.html,MuscleBeach,124
/bbs/NY-Yankees/index.html,NY-Yankees,121
/bbs/biker/index.html,biker,121
/bbs/MLB/index.html,MLB,116
/bbs/Hsinchu/index.html,Hsinchu,113
/bbs/Palmar_Drama/index.html,Palmar_Drama,113
/bbs/PuzzleDragon/index.html,PuzzleDragon,112
/bbs/basketballTW/index.html,basketballTW,109
/bbs/YuanChuang/index.html,YuanChuang,101
/bbs/Soft_Job/index.html,Soft_Job,99
/bbs/gay/index.html,gay,97
/bbs/mobilesales/index.html,mobilesales,94
/bbs/Food/index.html,Food,94
/bbs/MobilePay/index.html,MobilePay,93
/bbs/studyteacher/index.html,studyteacher,92
/bbs/part-time/index.html,part-time,92
/bbs/Examination/index.html,Examination,90
/bbs/TaiwanDrama/index.html,TaiwanDrama,90
/bbs/Headphone/index.html,Headphone,87
/bbs/MayDay/index.html,MayDay,84
/bbs/cat/index.html,cat,83
/bbs/GetMarry/index.html,GetMarry,83
/bbs/DSLR/index.html,DSLR,82
/bbs/TWICE/index.html,TWICE,82
/bbs/LGBT_SEX/index.html,LGBT_SEX,81
/bbs/Gamesale/index.html,Gamesale,80
/bbs/Military/index.html,Military,79
/bbs/lesbian/index.html,lesbian,76
/bbs/CarShop/index.html,CarShop,75
/bbs/PublicServan/index.html,PublicServan,75
/bbs/feminine_sex/index.html,feminine_sex,75
/bbs/watch/index.html,watch,75
/bbs/forsale/index.html,forsale,74
/bbs/KoreanPop/index.html,KoreanPop,73
/bbs/Option/index.html,Option,72
/bbs/GBF/index.html,GBF,70
/bbs/medstudent/index.html,medstudent,67
/bbs/FITNESS/index.html,FITNESS,67
/bbs/Wanted/index.html,Wanted,66
/bbs/China-Drama/index.html,China-Drama,64
/bbs/Finance/index.html,Finance,63
/bbs/MacShop/index.html,MacShop,62
/bbs/Guardians/index.html,Guardians,62
/bbs/Gov_owned/index.html,Gov_owned,61
/bbs/cookclub/index.html,cookclub,59
/bbs/Bank_Service/index.html,Bank_Service,59
/bbs/BTS/index.html,BTS,57
/bbs/Mobile-game/index.html,Mobile-game,56
/bbs/nb-shopping/index.html,nb-shopping,55
/bbs/BB-Love/index.html,BB-Love,55
/bbs/DMM_GAMES/index.html,DMM_GAMES,55
/bbs/TypeMoon/index.html,TypeMoon,54
/bbs/Key_Mou_Pad/index.html,Key_Mou_Pad,54
/bbs/DIABLO/index.html,DIABLO,54
/bbs/TW_Entertain/index.html,TW_Entertain,54
/bbs/hypermall/index.html,hypermall,53
/bbs/AKB48/index.html,AKB48,52
/bbs/Monkeys/index.html,Monkeys,52
/bbs/HelpBuy/index.html,HelpBuy,51
/bbs/points/index.html,points,50
/bbs/PathofExile/index.html,PathofExile,49
/bbs/graduate/index.html,graduate,49
/bbs/job/index.html,job,48
/bbs/Teacher/index.html,Teacher,47
/bbs/FTV/index.html,FTV,46
/bbs/RealmOfValor/index.html,RealmOfValor,46
/bbs/BabyProducts/index.html,BabyProducts,45
