﻿/bbs/Gossiping/index.html,Gossiping,7015
/bbs/NBA/index.html,NBA,1799
/bbs/C_Chat/index.html,C_Chat,1735
/bbs/Baseball/index.html,Baseball,1053
/bbs/Stock/index.html,Stock,998
/bbs/sex/index.html,sex,876
/bbs/movie/index.html,movie,819
/bbs/HatePolitics/index.html,HatePolitics,784
/bbs/MobileComm/index.html,MobileComm,645
/bbs/LoL/index.html,LoL,628
/bbs/Beauty/index.html,Beauty,446
/bbs/Lifeismoney/index.html,Lifeismoney,437
/bbs/car/index.html,car,404
/bbs/Tech_Job/index.html,Tech_Job,403
/bbs/ToS/index.html,ToS,399
/bbs/Boy-Girl/index.html,Boy-Girl,399
/bbs/marvel/index.html,marvel,372
/bbs/joke/index.html,joke,362
/bbs/PC_Shopping/index.html,PC_Shopping,356
/bbs/KR_Entertain/index.html,KR_Entertain,338
/bbs/BabyMother/index.html,BabyMother,329
/bbs/WomenTalk/index.html,WomenTalk,305
/bbs/PlayStation/index.html,PlayStation,278
/bbs/FATE_GO/index.html,FATE_GO,270
/bbs/Tennis/index.html,Tennis,270
/bbs/AllTogether/index.html,AllTogether,252
/bbs/e-shopping/index.html,e-shopping,247
/bbs/Steam/index.html,Steam,245
/bbs/marriage/index.html,marriage,228
/bbs/KoreaStar/index.html,KoreaStar,223
/bbs/KanColle/index.html,KanColle,223
/bbs/creditcard/index.html,creditcard,221
/bbs/Japan_Travel/index.html,Japan_Travel,221
/bbs/Kaohsiung/index.html,Kaohsiung,214
/bbs/Tainan/index.html,Tainan,211
/bbs/Hearthstone/index.html,Hearthstone,197
/bbs/japanavgirls/index.html,japanavgirls,196
/bbs/PCReDive/index.html,PCReDive,193
/bbs/SportLottery/index.html,SportLottery,192
/bbs/ONE_PIECE/index.html,ONE_PIECE,189
/bbs/CFantasy/index.html,CFantasy,185
/bbs/EAseries/index.html,EAseries,172
/bbs/NSwitch/index.html,NSwitch,168
/bbs/KoreaDrama/index.html,KoreaDrama,159
/bbs/MakeUp/index.html,MakeUp,150
/bbs/AC_In/index.html,AC_In,141
/bbs/TaichungBun/index.html,TaichungBun,141
/bbs/PokemonGO/index.html,PokemonGO,134
/bbs/Elephants/index.html,Elephants,132
/bbs/HardwareSale/index.html,HardwareSale,131
/bbs/NBA_Film/index.html,NBA_Film,131
/bbs/home-sale/index.html,home-sale,124
/bbs/iOS/index.html,iOS,123
/bbs/WOW/index.html,WOW,118
/bbs/StupidClown/index.html,StupidClown,116
/bbs/PuzzleDragon/index.html,PuzzleDragon,109
/bbs/Japandrama/index.html,Japandrama,108
/bbs/Salary/index.html,Salary,106
/bbs/CVS/index.html,CVS,101
/bbs/BeautySalon/index.html,BeautySalon,95
/bbs/MuscleBeach/index.html,MuscleBeach,94
/bbs/YuanChuang/index.html,YuanChuang,93
/bbs/BuyTogether/index.html,BuyTogether,93
/bbs/biker/index.html,biker,91
/bbs/Option/index.html,Option,89
/bbs/Palmar_Drama/index.html,Palmar_Drama,80
/bbs/part-time/index.html,part-time,78
/bbs/Aviation/index.html,Aviation,76
/bbs/Headphone/index.html,Headphone,73
/bbs/Food/index.html,Food,72
/bbs/Soft_Job/index.html,Soft_Job,71
/bbs/Hsinchu/index.html,Hsinchu,68
/bbs/MLB/index.html,MLB,68
/bbs/Military/index.html,Military,66
/bbs/Gamesale/index.html,Gamesale,65
/bbs/DSLR/index.html,DSLR,65
/bbs/China-Drama/index.html,China-Drama,65
/bbs/KoreanPop/index.html,KoreanPop,63
/bbs/DMM_GAMES/index.html,DMM_GAMES,63
/bbs/gay/index.html,gay,63
/bbs/TaiwanDrama/index.html,TaiwanDrama,62
/bbs/mobilesales/index.html,mobilesales,59
/bbs/basketballTW/index.html,basketballTW,59
/bbs/Key_Mou_Pad/index.html,Key_Mou_Pad,58
/bbs/cat/index.html,cat,58
/bbs/studyteacher/index.html,studyteacher,57
/bbs/TWICE/index.html,TWICE,56
/bbs/AKB48/index.html,AKB48,55
/bbs/MobilePay/index.html,MobilePay,54
/bbs/Wanted/index.html,Wanted,54
/bbs/Mobile-game/index.html,Mobile-game,53
/bbs/TW_Entertain/index.html,TW_Entertain,53
/bbs/TypeMoon/index.html,TypeMoon,51
/bbs/cookclub/index.html,cookclub,51
/bbs/GetMarry/index.html,GetMarry,50
/bbs/IdolMaster/index.html,IdolMaster,46
/bbs/LGBT_SEX/index.html,LGBT_SEX,45
/bbs/graduate/index.html,graduate,45
/bbs/MH/index.html,MH,44
/bbs/feminine_sex/index.html,feminine_sex,44
/bbs/HelpBuy/index.html,HelpBuy,43
/bbs/Monkeys/index.html,Monkeys,43
/bbs/lesbian/index.html,lesbian,43
/bbs/nb-shopping/index.html,nb-shopping,42
/bbs/BTS/index.html,BTS,42
/bbs/MayDay/index.html,MayDay,42
/bbs/forsale/index.html,forsale,42
/bbs/watch/index.html,watch,41
/bbs/ClashRoyale/index.html,ClashRoyale,40
/bbs/Examination/index.html,Examination,40
/bbs/Guardians/index.html,Guardians,40
/bbs/DIABLO/index.html,DIABLO,39
/bbs/Lions/index.html,Lions,39
/bbs/GBF/index.html,GBF,39
/bbs/FITNESS/index.html,FITNESS,38
/bbs/job/index.html,job,37
/bbs/AzurLane/index.html,AzurLane,36
/bbs/CarShop/index.html,CarShop,36
/bbs/PublicServan/index.html,PublicServan,36
/bbs/IZONE/index.html,IZONE,36
/bbs/medstudent/index.html,medstudent,36
/bbs/Gov_owned/index.html,Gov_owned,36
/bbs/Bank_Service/index.html,Bank_Service,36
/bbs/SuperJunior/index.html,SuperJunior,34
/bbs/SuperBike/index.html,SuperBike,34
/bbs/Nogizaka46/index.html,Nogizaka46,33
/bbs/hypermall/index.html,hypermall,33
/bbs/Suckcomic/index.html,Suckcomic,32
