﻿/bbs/Gossiping/index.html,Gossiping,19214
/bbs/Baseball/index.html,Baseball,5581
/bbs/HatePolitics/index.html,HatePolitics,3274
/bbs/C_Chat/index.html,C_Chat,2844
/bbs/NBA/index.html,NBA,2721
/bbs/movie/index.html,movie,1483
/bbs/Stock/index.html,Stock,1456
/bbs/LoL/index.html,LoL,1112
/bbs/MobileComm/index.html,MobileComm,1062
/bbs/Lifeismoney/index.html,Lifeismoney,1011
/bbs/sex/index.html,sex,971
/bbs/car/index.html,car,826
/bbs/KR_Entertain/index.html,KR_Entertain,814
/bbs/Tech_Job/index.html,Tech_Job,759
/bbs/ToS/index.html,ToS,756
/bbs/Beauty/index.html,Beauty,702
/bbs/WomenTalk/index.html,WomenTalk,687
/bbs/KoreaStar/index.html,KoreaStar,678
/bbs/BabyMother/index.html,BabyMother,648
/bbs/Boy-Girl/index.html,Boy-Girl,637
/bbs/Elephants/index.html,Elephants,620
/bbs/e-shopping/index.html,e-shopping,591
/bbs/PC_Shopping/index.html,PC_Shopping,588
/bbs/marvel/index.html,marvel,541
/bbs/Japan_Travel/index.html,Japan_Travel,510
/bbs/marriage/index.html,marriage,441
/bbs/joke/index.html,joke,415
/bbs/StupidClown/index.html,StupidClown,389
/bbs/PlayStation/index.html,PlayStation,388
/bbs/KoreaDrama/index.html,KoreaDrama,388
/bbs/creditcard/index.html,creditcard,382
/bbs/AllTogether/index.html,AllTogether,381
/bbs/KanColle/index.html,KanColle,376
/bbs/MakeUp/index.html,MakeUp,371
/bbs/Hearthstone/index.html,Hearthstone,368
/bbs/Steam/index.html,Steam,361
/bbs/Tainan/index.html,Tainan,349
/bbs/Kaohsiung/index.html,Kaohsiung,341
/bbs/SportLottery/index.html,SportLottery,337
/bbs/japanavgirls/index.html,japanavgirls,321
/bbs/Tennis/index.html,Tennis,306
/bbs/home-sale/index.html,home-sale,295
/bbs/CFantasy/index.html,CFantasy,294
/bbs/FATE_GO/index.html,FATE_GO,282
/bbs/Monkeys/index.html,Monkeys,279
/bbs/EAseries/index.html,EAseries,278
/bbs/TaichungBun/index.html,TaichungBun,272
/bbs/NSwitch/index.html,NSwitch,263
/bbs/iOS/index.html,iOS,260
/bbs/Guardians/index.html,Guardians,254
/bbs/ONE_PIECE/index.html,ONE_PIECE,248
/bbs/basketballTW/index.html,basketballTW,245
/bbs/BeautySalon/index.html,BeautySalon,232
/bbs/HardwareSale/index.html,HardwareSale,227
/bbs/PokemonGO/index.html,PokemonGO,221
/bbs/PCReDive/index.html,PCReDive,211
/bbs/Japandrama/index.html,Japandrama,209
/bbs/Salary/index.html,Salary,200
/bbs/BuyTogether/index.html,BuyTogether,193
/bbs/AC_In/index.html,AC_In,192
/bbs/CVS/index.html,CVS,180
/bbs/Lions/index.html,Lions,179
/bbs/Food/index.html,Food,175
/bbs/studyteacher/index.html,studyteacher,174
/bbs/Examination/index.html,Examination,162
/bbs/PuzzleDragon/index.html,PuzzleDragon,161
/bbs/NBA_Film/index.html,NBA_Film,160
/bbs/mobilesales/index.html,mobilesales,152
/bbs/YuanChuang/index.html,YuanChuang,151
/bbs/biker/index.html,biker,149
/bbs/Hsinchu/index.html,Hsinchu,147
/bbs/WOW/index.html,WOW,146
/bbs/Aviation/index.html,Aviation,146
/bbs/MuscleBeach/index.html,MuscleBeach,146
/bbs/TWICE/index.html,TWICE,142
/bbs/KoreanPop/index.html,KoreanPop,133
/bbs/MayDay/index.html,MayDay,130
/bbs/Soft_Job/index.html,Soft_Job,129
/bbs/TaiwanDrama/index.html,TaiwanDrama,127
/bbs/Palmar_Drama/index.html,Palmar_Drama,127
/bbs/MLB/index.html,MLB,125
/bbs/China-Drama/index.html,China-Drama,123
/bbs/BTS/index.html,BTS,123
/bbs/GBF/index.html,GBF,123
/bbs/Gamesale/index.html,Gamesale,122
/bbs/cat/index.html,cat,120
/bbs/Headphone/index.html,Headphone,118
/bbs/MobilePay/index.html,MobilePay,117
/bbs/GetMarry/index.html,GetMarry,107
/bbs/MH/index.html,MH,105
/bbs/HelpBuy/index.html,HelpBuy,105
/bbs/AKB48/index.html,AKB48,104
/bbs/Finance/index.html,Finance,103
/bbs/Wanted/index.html,Wanted,102
/bbs/TypeMoon/index.html,TypeMoon,101
/bbs/cookclub/index.html,cookclub,99
/bbs/PublicServan/index.html,PublicServan,98
/bbs/CarShop/index.html,CarShop,97
/bbs/DSLR/index.html,DSLR,96
/bbs/DMM_GAMES/index.html,DMM_GAMES,94
/bbs/FITNESS/index.html,FITNESS,91
/bbs/Key_Mou_Pad/index.html,Key_Mou_Pad,89
/bbs/part-time/index.html,part-time,88
/bbs/Military/index.html,Military,88
/bbs/forsale/index.html,forsale,88
/bbs/gay/index.html,gay,87
/bbs/Drama-Ticket/index.html,Drama-Ticket,86
/bbs/fastfood/index.html,fastfood,85
/bbs/IZONE/index.html,IZONE,85
/bbs/tabletennis/index.html,tabletennis,83
/bbs/Mobile-game/index.html,Mobile-game,82
/bbs/StarCraft/index.html,StarCraft,82
/bbs/Brand/index.html,Brand,79
/bbs/give/index.html,give,78
/bbs/medstudent/index.html,medstudent,78
/bbs/Gov_owned/index.html,Gov_owned,78
/bbs/Nogizaka46/index.html,Nogizaka46,77
/bbs/feminine_sex/index.html,feminine_sex,76
/bbs/hypermall/index.html,hypermall,74
/bbs/DIABLO/index.html,DIABLO,74
/bbs/watch/index.html,watch,69
/bbs/DC_SALE/index.html,DC_SALE,67
/bbs/points/index.html,points,67
/bbs/MacShop/index.html,MacShop,67
/bbs/lesbian/index.html,lesbian,65
/bbs/TW_Entertain/index.html,TW_Entertain,64
/bbs/graduate/index.html,graduate,63
/bbs/nb-shopping/index.html,nb-shopping,62
