﻿/bbs/Gossiping/index.html,Gossiping,7298
/bbs/NBA/index.html,NBA,1861
/bbs/C_Chat/index.html,C_Chat,1849
/bbs/Baseball/index.html,Baseball,1109
/bbs/Stock/index.html,Stock,1052
/bbs/sex/index.html,sex,936
/bbs/movie/index.html,movie,886
/bbs/HatePolitics/index.html,HatePolitics,843
/bbs/MobileComm/index.html,MobileComm,678
/bbs/LoL/index.html,LoL,642
/bbs/Lifeismoney/index.html,Lifeismoney,486
/bbs/Beauty/index.html,Beauty,462
/bbs/ToS/index.html,ToS,439
/bbs/marvel/index.html,marvel,429
/bbs/car/index.html,car,419
/bbs/Boy-Girl/index.html,Boy-Girl,414
/bbs/Tech_Job/index.html,Tech_Job,407
/bbs/KR_Entertain/index.html,KR_Entertain,374
/bbs/PC_Shopping/index.html,PC_Shopping,362
/bbs/joke/index.html,joke,352
/bbs/BabyMother/index.html,BabyMother,329
/bbs/WomenTalk/index.html,WomenTalk,316
/bbs/Tennis/index.html,Tennis,307
/bbs/FATE_GO/index.html,FATE_GO,292
/bbs/PlayStation/index.html,PlayStation,282
/bbs/Steam/index.html,Steam,265
/bbs/AllTogether/index.html,AllTogether,261
/bbs/KoreaStar/index.html,KoreaStar,253
/bbs/e-shopping/index.html,e-shopping,235
/bbs/KanColle/index.html,KanColle,232
/bbs/SportLottery/index.html,SportLottery,227
/bbs/creditcard/index.html,creditcard,227
/bbs/Japan_Travel/index.html,Japan_Travel,227
/bbs/marriage/index.html,marriage,225
/bbs/Hearthstone/index.html,Hearthstone,224
/bbs/Kaohsiung/index.html,Kaohsiung,224
/bbs/Tainan/index.html,Tainan,207
/bbs/CFantasy/index.html,CFantasy,202
/bbs/japanavgirls/index.html,japanavgirls,200
/bbs/PCReDive/index.html,PCReDive,194
/bbs/ONE_PIECE/index.html,ONE_PIECE,188
/bbs/EAseries/index.html,EAseries,180
/bbs/KoreaDrama/index.html,KoreaDrama,167
/bbs/NSwitch/index.html,NSwitch,165
/bbs/AC_In/index.html,AC_In,157
/bbs/MakeUp/index.html,MakeUp,157
/bbs/HardwareSale/index.html,HardwareSale,136
/bbs/Elephants/index.html,Elephants,135
/bbs/PokemonGO/index.html,PokemonGO,135
/bbs/TaichungBun/index.html,TaichungBun,134
/bbs/NBA_Film/index.html,NBA_Film,129
/bbs/CVS/index.html,CVS,128
/bbs/iOS/index.html,iOS,124
/bbs/WOW/index.html,WOW,120
/bbs/Salary/index.html,Salary,119
/bbs/home-sale/index.html,home-sale,116
/bbs/StupidClown/index.html,StupidClown,114
/bbs/PuzzleDragon/index.html,PuzzleDragon,112
/bbs/Japandrama/index.html,Japandrama,109
/bbs/BeautySalon/index.html,BeautySalon,106
/bbs/biker/index.html,biker,101
/bbs/YuanChuang/index.html,YuanChuang,93
/bbs/BuyTogether/index.html,BuyTogether,93
/bbs/Option/index.html,Option,91
/bbs/Palmar_Drama/index.html,Palmar_Drama,88
/bbs/MuscleBeach/index.html,MuscleBeach,86
/bbs/Headphone/index.html,Headphone,84
/bbs/part-time/index.html,part-time,78
/bbs/KoreanPop/index.html,KoreanPop,76
/bbs/Hsinchu/index.html,Hsinchu,75
/bbs/MLB/index.html,MLB,75
/bbs/Aviation/index.html,Aviation,74
/bbs/Food/index.html,Food,74
/bbs/Wanted/index.html,Wanted,73
/bbs/China-Drama/index.html,China-Drama,72
/bbs/DSLR/index.html,DSLR,70
/bbs/gay/index.html,gay,70
/bbs/Soft_Job/index.html,Soft_Job,68
/bbs/basketballTW/index.html,basketballTW,68
/bbs/mobilesales/index.html,mobilesales,67
/bbs/cat/index.html,cat,67
/bbs/Military/index.html,Military,66
/bbs/Gamesale/index.html,Gamesale,65
/bbs/TaiwanDrama/index.html,TaiwanDrama,65
/bbs/TWICE/index.html,TWICE,63
/bbs/Key_Mou_Pad/index.html,Key_Mou_Pad,60
/bbs/DMM_GAMES/index.html,DMM_GAMES,59
/bbs/MobilePay/index.html,MobilePay,57
/bbs/studyteacher/index.html,studyteacher,55
/bbs/lesbian/index.html,lesbian,54
/bbs/TypeMoon/index.html,TypeMoon,53
/bbs/watch/index.html,watch,53
/bbs/GetMarry/index.html,GetMarry,52
/bbs/TW_Entertain/index.html,TW_Entertain,52
/bbs/AKB48/index.html,AKB48,51
/bbs/feminine_sex/index.html,feminine_sex,51
/bbs/IdolMaster/index.html,IdolMaster,50
/bbs/cookclub/index.html,cookclub,49
/bbs/Mobile-game/index.html,Mobile-game,47
/bbs/GBF/index.html,GBF,47
/bbs/FITNESS/index.html,FITNESS,46
/bbs/Gov_owned/index.html,Gov_owned,45
/bbs/MH/index.html,MH,44
/bbs/nb-shopping/index.html,nb-shopping,44
/bbs/LGBT_SEX/index.html,LGBT_SEX,44
/bbs/medstudent/index.html,medstudent,44
/bbs/forsale/index.html,forsale,44
/bbs/job/index.html,job,44
/bbs/HelpBuy/index.html,HelpBuy,43
/bbs/graduate/index.html,graduate,43
/bbs/MayDay/index.html,MayDay,43
/bbs/ClashRoyale/index.html,ClashRoyale,42
/bbs/Examination/index.html,Examination,42
/bbs/DIABLO/index.html,DIABLO,42
/bbs/CarShop/index.html,CarShop,41
/bbs/SuperJunior/index.html,SuperJunior,41
/bbs/IZONE/index.html,IZONE,40
/bbs/hypermall/index.html,hypermall,40
/bbs/Monkeys/index.html,Monkeys,40
/bbs/Lions/index.html,Lions,39
/bbs/PublicServan/index.html,PublicServan,38
/bbs/Guardians/index.html,Guardians,38
/bbs/FTV/index.html,FTV,37
/bbs/BTS/index.html,BTS,37
/bbs/SuperBike/index.html,SuperBike,37
/bbs/RealmOfValor/index.html,RealmOfValor,37
/bbs/DC_SALE/index.html,DC_SALE,35
/bbs/Nogizaka46/index.html,Nogizaka46,35
