﻿/bbs/Gossiping/index.html,Gossiping,19271
/bbs/Baseball/index.html,Baseball,4784
/bbs/C_Chat/index.html,C_Chat,3343
/bbs/NBA/index.html,NBA,3165
/bbs/HatePolitics/index.html,HatePolitics,2683
/bbs/movie/index.html,movie,2100
/bbs/Stock/index.html,Stock,1713
/bbs/Lifeismoney/index.html,Lifeismoney,1456
/bbs/sex/index.html,sex,1440
/bbs/MobileComm/index.html,MobileComm,1356
/bbs/LoL/index.html,LoL,1272
/bbs/car/index.html,car,1173
/bbs/BabyMother/index.html,BabyMother,1075
/bbs/KR_Entertain/index.html,KR_Entertain,1071
/bbs/e-shopping/index.html,e-shopping,992
/bbs/ToS/index.html,ToS,927
/bbs/joke/index.html,joke,845
/bbs/WomenTalk/index.html,WomenTalk,841
/bbs/Beauty/index.html,Beauty,802
/bbs/Tech_Job/index.html,Tech_Job,780
/bbs/Boy-Girl/index.html,Boy-Girl,717
/bbs/Tennis/index.html,Tennis,700
/bbs/PC_Shopping/index.html,PC_Shopping,671
/bbs/KoreaDrama/index.html,KoreaDrama,666
/bbs/KoreaStar/index.html,KoreaStar,655
/bbs/Japan_Travel/index.html,Japan_Travel,636
/bbs/Hearthstone/index.html,Hearthstone,628
/bbs/marvel/index.html,marvel,626
/bbs/AllTogether/index.html,AllTogether,585
/bbs/marriage/index.html,marriage,567
/bbs/Elephants/index.html,Elephants,545
/bbs/Kaohsiung/index.html,Kaohsiung,521
/bbs/MakeUp/index.html,MakeUp,512
/bbs/PlayStation/index.html,PlayStation,458
/bbs/StupidClown/index.html,StupidClown,449
/bbs/Steam/index.html,Steam,445
/bbs/TW_Entertain/index.html,TW_Entertain,438
/bbs/SportLottery/index.html,SportLottery,430
/bbs/Tainan/index.html,Tainan,430
/bbs/home-sale/index.html,home-sale,424
/bbs/KanColle/index.html,KanColle,409
/bbs/creditcard/index.html,creditcard,398
/bbs/EAseries/index.html,EAseries,391
/bbs/Monkeys/index.html,Monkeys,345
/bbs/TaiwanDrama/index.html,TaiwanDrama,342
/bbs/japanavgirls/index.html,japanavgirls,340
/bbs/TaichungBun/index.html,TaichungBun,339
/bbs/BeautySalon/index.html,BeautySalon,331
/bbs/Japandrama/index.html,Japandrama,328
/bbs/CFantasy/index.html,CFantasy,312
/bbs/iOS/index.html,iOS,307
/bbs/Guardians/index.html,Guardians,279
/bbs/YuanChuang/index.html,YuanChuang,273
/bbs/NSwitch/index.html,NSwitch,265
/bbs/basketballTW/index.html,basketballTW,263
/bbs/ONE_PIECE/index.html,ONE_PIECE,246
/bbs/FATE_GO/index.html,FATE_GO,239
/bbs/Lions/index.html,Lions,239
/bbs/BuyTogether/index.html,BuyTogether,238
/bbs/CVS/index.html,CVS,237
/bbs/PokemonGO/index.html,PokemonGO,234
/bbs/HardwareSale/index.html,HardwareSale,232
/bbs/PCReDive/index.html,PCReDive,232
/bbs/AC_In/index.html,AC_In,229
/bbs/PuzzleDragon/index.html,PuzzleDragon,223
/bbs/Hsinchu/index.html,Hsinchu,218
/bbs/Salary/index.html,Salary,206
/bbs/studyteacher/index.html,studyteacher,205
/bbs/Examination/index.html,Examination,201
/bbs/biker/index.html,biker,197
/bbs/gay/index.html,gay,188
/bbs/Food/index.html,Food,185
/bbs/NBA_Film/index.html,NBA_Film,184
/bbs/GetMarry/index.html,GetMarry,184
/bbs/MuscleBeach/index.html,MuscleBeach,183
/bbs/KoreanPop/index.html,KoreanPop,182
/bbs/MayDay/index.html,MayDay,181
/bbs/WOW/index.html,WOW,180
/bbs/TWICE/index.html,TWICE,178
/bbs/cat/index.html,cat,173
/bbs/China-Drama/index.html,China-Drama,172
/bbs/Aviation/index.html,Aviation,172
/bbs/Gamesale/index.html,Gamesale,159
/bbs/lesbian/index.html,lesbian,155
/bbs/IZONE/index.html,IZONE,149
/bbs/mobilesales/index.html,mobilesales,147
/bbs/Headphone/index.html,Headphone,147
/bbs/Soft_Job/index.html,Soft_Job,144
/bbs/MH/index.html,MH,143
/bbs/GBF/index.html,GBF,143
/bbs/MLB/index.html,MLB,142
/bbs/MobilePay/index.html,MobilePay,141
/bbs/BTS/index.html,BTS,138
/bbs/part-time/index.html,part-time,135
/bbs/Palmar_Drama/index.html,Palmar_Drama,132
/bbs/Finance/index.html,Finance,130
/bbs/forsale/index.html,forsale,129
/bbs/Wanted/index.html,Wanted,124
/bbs/HelpBuy/index.html,HelpBuy,123
/bbs/cookclub/index.html,cookclub,122
/bbs/AKB48/index.html,AKB48,118
/bbs/CarShop/index.html,CarShop,116
/bbs/PublicServan/index.html,PublicServan,110
/bbs/DMM_GAMES/index.html,DMM_GAMES,107
/bbs/TypeMoon/index.html,TypeMoon,105
/bbs/Zastrology/index.html,Zastrology,104
/bbs/tabletennis/index.html,tabletennis,104
/bbs/DSLR/index.html,DSLR,103
/bbs/give/index.html,give,102
/bbs/E-appliance/index.html,E-appliance,100
/bbs/MacShop/index.html,MacShop,100
/bbs/Military/index.html,Military,99
/bbs/watch/index.html,watch,98
/bbs/Mobile-game/index.html,Mobile-game,95
/bbs/FITNESS/index.html,FITNESS,95
/bbs/feminine_sex/index.html,feminine_sex,92
/bbs/fastfood/index.html,fastfood,91
/bbs/Drama-Ticket/index.html,Drama-Ticket,91
/bbs/job/index.html,job,90
/bbs/Nogizaka46/index.html,Nogizaka46,89
/bbs/Brand/index.html,Brand,88
/bbs/graduate/index.html,graduate,88
/bbs/Gov_owned/index.html,Gov_owned,88
/bbs/BabyProducts/index.html,BabyProducts,87
/bbs/Key_Mou_Pad/index.html,Key_Mou_Pad,87
/bbs/Taoyuan/index.html,Taoyuan,87
/bbs/Teacher/index.html,Teacher,83
/bbs/LGBT_SEX/index.html,LGBT_SEX,82
