﻿/bbs/Gossiping/index.html,Gossiping,7115
/bbs/NBA/index.html,NBA,1810
/bbs/C_Chat/index.html,C_Chat,1587
/bbs/Baseball/index.html,Baseball,1098
/bbs/Stock/index.html,Stock,1062
/bbs/sex/index.html,sex,944
/bbs/HatePolitics/index.html,HatePolitics,789
/bbs/movie/index.html,movie,738
/bbs/MobileComm/index.html,MobileComm,637
/bbs/Beauty/index.html,Beauty,521
/bbs/LoL/index.html,LoL,507
/bbs/Boy-Girl/index.html,Boy-Girl,424
/bbs/Lifeismoney/index.html,Lifeismoney,418
/bbs/car/index.html,car,418
/bbs/ToS/index.html,ToS,405
/bbs/Tech_Job/index.html,Tech_Job,389
/bbs/marvel/index.html,marvel,352
/bbs/PC_Shopping/index.html,PC_Shopping,351
/bbs/BabyMother/index.html,BabyMother,346
/bbs/WomenTalk/index.html,WomenTalk,327
/bbs/joke/index.html,joke,310
/bbs/KR_Entertain/index.html,KR_Entertain,300
/bbs/PlayStation/index.html,PlayStation,257
/bbs/Tennis/index.html,Tennis,247
/bbs/marriage/index.html,marriage,237
/bbs/e-shopping/index.html,e-shopping,235
/bbs/Japan_Travel/index.html,Japan_Travel,232
/bbs/AllTogether/index.html,AllTogether,231
/bbs/creditcard/index.html,creditcard,226
/bbs/Kaohsiung/index.html,Kaohsiung,226
/bbs/FATE_GO/index.html,FATE_GO,220
/bbs/Steam/index.html,Steam,207
/bbs/japanavgirls/index.html,japanavgirls,201
/bbs/Tainan/index.html,Tainan,195
/bbs/KoreaStar/index.html,KoreaStar,193
/bbs/KanColle/index.html,KanColle,192
/bbs/Hearthstone/index.html,Hearthstone,184
/bbs/PCReDive/index.html,PCReDive,174
/bbs/ONE_PIECE/index.html,ONE_PIECE,174
/bbs/CFantasy/index.html,CFantasy,166
/bbs/EAseries/index.html,EAseries,164
/bbs/TaichungBun/index.html,TaichungBun,152
/bbs/KoreaDrama/index.html,KoreaDrama,151
/bbs/NSwitch/index.html,NSwitch,149
/bbs/SportLottery/index.html,SportLottery,149
/bbs/home-sale/index.html,home-sale,142
/bbs/iOS/index.html,iOS,132
/bbs/Elephants/index.html,Elephants,129
/bbs/AC_In/index.html,AC_In,127
/bbs/HardwareSale/index.html,HardwareSale,126
/bbs/PokemonGO/index.html,PokemonGO,126
/bbs/Salary/index.html,Salary,122
/bbs/MakeUp/index.html,MakeUp,121
/bbs/NBA_Film/index.html,NBA_Film,119
/bbs/WOW/index.html,WOW,108
/bbs/CVS/index.html,CVS,106
/bbs/BeautySalon/index.html,BeautySalon,101
/bbs/StupidClown/index.html,StupidClown,100
/bbs/BuyTogether/index.html,BuyTogether,92
/bbs/Japandrama/index.html,Japandrama,87
/bbs/PuzzleDragon/index.html,PuzzleDragon,86
/bbs/Aviation/index.html,Aviation,86
/bbs/MuscleBeach/index.html,MuscleBeach,86
/bbs/YuanChuang/index.html,YuanChuang,83
/bbs/biker/index.html,biker,82
/bbs/Palmar_Drama/index.html,Palmar_Drama,80
/bbs/Hsinchu/index.html,Hsinchu,79
/bbs/Food/index.html,Food,79
/bbs/MLB/index.html,MLB,78
/bbs/Option/index.html,Option,77
/bbs/basketballTW/index.html,basketballTW,74
/bbs/Soft_Job/index.html,Soft_Job,71
/bbs/Headphone/index.html,Headphone,71
/bbs/studyteacher/index.html,studyteacher,70
/bbs/TaiwanDrama/index.html,TaiwanDrama,68
/bbs/part-time/index.html,part-time,68
/bbs/gay/index.html,gay,68
/bbs/Gamesale/index.html,Gamesale,67
/bbs/China-Drama/index.html,China-Drama,64
/bbs/Military/index.html,Military,62
/bbs/DSLR/index.html,DSLR,61
/bbs/cat/index.html,cat,60
/bbs/mobilesales/index.html,mobilesales,58
/bbs/TWICE/index.html,TWICE,58
/bbs/KoreanPop/index.html,KoreanPop,53
/bbs/Key_Mou_Pad/index.html,Key_Mou_Pad,52
/bbs/feminine_sex/index.html,feminine_sex,52
/bbs/GetMarry/index.html,GetMarry,52
/bbs/PublicServan/index.html,PublicServan,50
/bbs/AKB48/index.html,AKB48,49
/bbs/Wanted/index.html,Wanted,49
/bbs/cookclub/index.html,cookclub,49
/bbs/forsale/index.html,forsale,49
/bbs/MobilePay/index.html,MobilePay,48
/bbs/MacShop/index.html,MacShop,47
/bbs/Monkeys/index.html,Monkeys,47
/bbs/FITNESS/index.html,FITNESS,46
/bbs/TW_Entertain/index.html,TW_Entertain,46
/bbs/GBF/index.html,GBF,45
/bbs/CarShop/index.html,CarShop,44
/bbs/LGBT_SEX/index.html,LGBT_SEX,44
/bbs/Gov_owned/index.html,Gov_owned,44
/bbs/DIABLO/index.html,DIABLO,44
/bbs/DMM_GAMES/index.html,DMM_GAMES,43
/bbs/watch/index.html,watch,43
/bbs/Examination/index.html,Examination,42
/bbs/MH/index.html,MH,41
/bbs/Mobile-game/index.html,Mobile-game,40
/bbs/TypeMoon/index.html,TypeMoon,40
/bbs/hypermall/index.html,hypermall,39
/bbs/Lions/index.html,Lions,39
/bbs/HelpBuy/index.html,HelpBuy,38
/bbs/medstudent/index.html,medstudent,38
/bbs/MayDay/index.html,MayDay,37
/bbs/nb-shopping/index.html,nb-shopping,36
/bbs/IdolMaster/index.html,IdolMaster,36
/bbs/graduate/index.html,graduate,36
/bbs/SuperJunior/index.html,SuperJunior,35
/bbs/Bank_Service/index.html,Bank_Service,35
/bbs/BTS/index.html,BTS,34
/bbs/Militarylife/index.html,Militarylife,34
/bbs/Guardians/index.html,Guardians,34
/bbs/DC_SALE/index.html,DC_SALE,33
/bbs/Chiayi/index.html,Chiayi,33
/bbs/SuperBike/index.html,SuperBike,33
/bbs/ClashRoyale/index.html,ClashRoyale,32
/bbs/IZONE/index.html,IZONE,32
/bbs/points/index.html,points,32
