﻿/bbs/Gossiping/index.html,Gossiping,18252
/bbs/Baseball/index.html,Baseball,4771
/bbs/HatePolitics/index.html,HatePolitics,3070
/bbs/C_Chat/index.html,C_Chat,3056
/bbs/NBA/index.html,NBA,2951
/bbs/movie/index.html,movie,1704
/bbs/Stock/index.html,Stock,1465
/bbs/LoL/index.html,LoL,1382
/bbs/Lifeismoney/index.html,Lifeismoney,1212
/bbs/MobileComm/index.html,MobileComm,1200
/bbs/Elephants/index.html,Elephants,1144
/bbs/KR_Entertain/index.html,KR_Entertain,961
/bbs/sex/index.html,sex,899
/bbs/car/index.html,car,828
/bbs/ToS/index.html,ToS,765
/bbs/WomenTalk/index.html,WomenTalk,716
/bbs/Tech_Job/index.html,Tech_Job,697
/bbs/Beauty/index.html,Beauty,677
/bbs/joke/index.html,joke,677
/bbs/PC_Shopping/index.html,PC_Shopping,627
/bbs/BabyMother/index.html,BabyMother,618
/bbs/Tennis/index.html,Tennis,596
/bbs/Boy-Girl/index.html,Boy-Girl,588
/bbs/Guardians/index.html,Guardians,576
/bbs/Monkeys/index.html,Monkeys,556
/bbs/KoreaStar/index.html,KoreaStar,548
/bbs/e-shopping/index.html,e-shopping,536
/bbs/Kaohsiung/index.html,Kaohsiung,490
/bbs/Hearthstone/index.html,Hearthstone,489
/bbs/Japan_Travel/index.html,Japan_Travel,486
/bbs/marvel/index.html,marvel,476
/bbs/StupidClown/index.html,StupidClown,443
/bbs/KoreaDrama/index.html,KoreaDrama,431
/bbs/marriage/index.html,marriage,414
/bbs/Steam/index.html,Steam,414
/bbs/PlayStation/index.html,PlayStation,410
/bbs/MakeUp/index.html,MakeUp,401
/bbs/AllTogether/index.html,AllTogether,385
/bbs/creditcard/index.html,creditcard,382
/bbs/KanColle/index.html,KanColle,366
/bbs/Tainan/index.html,Tainan,337
/bbs/home-sale/index.html,home-sale,324
/bbs/SportLottery/index.html,SportLottery,321
/bbs/Lions/index.html,Lions,306
/bbs/CFantasy/index.html,CFantasy,295
/bbs/japanavgirls/index.html,japanavgirls,286
/bbs/NSwitch/index.html,NSwitch,270
/bbs/EAseries/index.html,EAseries,270
/bbs/TaichungBun/index.html,TaichungBun,262
/bbs/iOS/index.html,iOS,259
/bbs/ONE_PIECE/index.html,ONE_PIECE,247
/bbs/FATE_GO/index.html,FATE_GO,246
/bbs/PCReDive/index.html,PCReDive,235
/bbs/Japandrama/index.html,Japandrama,228
/bbs/BeautySalon/index.html,BeautySalon,224
/bbs/CVS/index.html,CVS,223
/bbs/studyteacher/index.html,studyteacher,215
/bbs/PokemonGO/index.html,PokemonGO,209
/bbs/BuyTogether/index.html,BuyTogether,208
/bbs/HardwareSale/index.html,HardwareSale,204
/bbs/basketballTW/index.html,basketballTW,197
/bbs/YuanChuang/index.html,YuanChuang,192
/bbs/AC_In/index.html,AC_In,186
/bbs/Hsinchu/index.html,Hsinchu,184
/bbs/KoreanPop/index.html,KoreanPop,181
/bbs/Examination/index.html,Examination,178
/bbs/NBA_Film/index.html,NBA_Film,174
/bbs/Salary/index.html,Salary,168
/bbs/PuzzleDragon/index.html,PuzzleDragon,164
/bbs/TWICE/index.html,TWICE,157
/bbs/WOW/index.html,WOW,155
/bbs/MuscleBeach/index.html,MuscleBeach,155
/bbs/Aviation/index.html,Aviation,150
/bbs/GBF/index.html,GBF,150
/bbs/Food/index.html,Food,149
/bbs/IZONE/index.html,IZONE,148
/bbs/MH/index.html,MH,144
/bbs/biker/index.html,biker,142
/bbs/cat/index.html,cat,140
/bbs/Palmar_Drama/index.html,Palmar_Drama,139
/bbs/MayDay/index.html,MayDay,134
/bbs/mobilesales/index.html,mobilesales,132
/bbs/Headphone/index.html,Headphone,131
/bbs/Gamesale/index.html,Gamesale,129
/bbs/China-Drama/index.html,China-Drama,127
/bbs/Soft_Job/index.html,Soft_Job,126
/bbs/TW_Entertain/index.html,TW_Entertain,123
/bbs/GetMarry/index.html,GetMarry,118
/bbs/TaiwanDrama/index.html,TaiwanDrama,118
/bbs/gay/index.html,gay,118
/bbs/part-time/index.html,part-time,117
/bbs/MLB/index.html,MLB,108
/bbs/Finance/index.html,Finance,106
/bbs/TypeMoon/index.html,TypeMoon,105
/bbs/watch/index.html,watch,105
/bbs/tabletennis/index.html,tabletennis,102
/bbs/forsale/index.html,forsale,102
/bbs/cookclub/index.html,cookclub,98
/bbs/BTS/index.html,BTS,97
/bbs/Wanted/index.html,Wanted,96
/bbs/lesbian/index.html,lesbian,96
/bbs/PublicServan/index.html,PublicServan,95
/bbs/medstudent/index.html,medstudent,95
/bbs/MobilePay/index.html,MobilePay,94
/bbs/CarShop/index.html,CarShop,93
/bbs/give/index.html,give,92
/bbs/DSLR/index.html,DSLR,90
/bbs/DMM_GAMES/index.html,DMM_GAMES,90
/bbs/Key_Mou_Pad/index.html,Key_Mou_Pad,88
/bbs/fastfood/index.html,fastfood,88
/bbs/StarCraft/index.html,StarCraft,88
/bbs/AKB48/index.html,AKB48,87
/bbs/MacShop/index.html,MacShop,87
/bbs/Nogizaka46/index.html,Nogizaka46,86
/bbs/Gov_owned/index.html,Gov_owned,86
/bbs/Mobile-game/index.html,Mobile-game,83
/bbs/HelpBuy/index.html,HelpBuy,83
/bbs/hypermall/index.html,hypermall,82
/bbs/Military/index.html,Military,79
/bbs/EXO/index.html,EXO,78
/bbs/IdolMaster/index.html,IdolMaster,75
/bbs/job/index.html,job,73
/bbs/Drama-Ticket/index.html,Drama-Ticket,72
/bbs/Moto_GP/index.html,Moto_GP,72
/bbs/FITNESS/index.html,FITNESS,72
/bbs/graduate/index.html,graduate,69
/bbs/LGBT_SEX/index.html,LGBT_SEX,66
/bbs/Taoyuan/index.html,Taoyuan,66
