﻿/bbs/Gossiping/index.html,Gossiping,18643
/bbs/Baseball/index.html,Baseball,4174
/bbs/C_Chat/index.html,C_Chat,3372
/bbs/NBA/index.html,NBA,3148
/bbs/HatePolitics/index.html,HatePolitics,2447
/bbs/movie/index.html,movie,2269
/bbs/Stock/index.html,Stock,1665
/bbs/sex/index.html,sex,1640
/bbs/Lifeismoney/index.html,Lifeismoney,1466
/bbs/MobileComm/index.html,MobileComm,1376
/bbs/LoL/index.html,LoL,1217
/bbs/car/index.html,car,1094
/bbs/KR_Entertain/index.html,KR_Entertain,1054
/bbs/BabyMother/index.html,BabyMother,1024
/bbs/e-shopping/index.html,e-shopping,985
/bbs/Boy-Girl/index.html,Boy-Girl,977
/bbs/WomenTalk/index.html,WomenTalk,928
/bbs/ToS/index.html,ToS,915
/bbs/Beauty/index.html,Beauty,903
/bbs/joke/index.html,joke,849
/bbs/Tech_Job/index.html,Tech_Job,821
/bbs/KoreaStar/index.html,KoreaStar,705
/bbs/PC_Shopping/index.html,PC_Shopping,688
/bbs/marvel/index.html,marvel,656
/bbs/AllTogether/index.html,AllTogether,651
/bbs/Japan_Travel/index.html,Japan_Travel,651
/bbs/Tennis/index.html,Tennis,642
/bbs/marriage/index.html,marriage,639
/bbs/KoreaDrama/index.html,KoreaDrama,599
/bbs/MakeUp/index.html,MakeUp,546
/bbs/Hearthstone/index.html,Hearthstone,538
/bbs/Steam/index.html,Steam,508
/bbs/SportLottery/index.html,SportLottery,505
/bbs/Kaohsiung/index.html,Kaohsiung,505
/bbs/StupidClown/index.html,StupidClown,481
/bbs/PlayStation/index.html,PlayStation,460
/bbs/japanavgirls/index.html,japanavgirls,450
/bbs/home-sale/index.html,home-sale,438
/bbs/Elephants/index.html,Elephants,430
/bbs/Tainan/index.html,Tainan,425
/bbs/KanColle/index.html,KanColle,418
/bbs/creditcard/index.html,creditcard,408
/bbs/EAseries/index.html,EAseries,394
/bbs/BeautySalon/index.html,BeautySalon,354
/bbs/TaichungBun/index.html,TaichungBun,341
/bbs/NSwitch/index.html,NSwitch,331
/bbs/iOS/index.html,iOS,328
/bbs/CFantasy/index.html,CFantasy,298
/bbs/Japandrama/index.html,Japandrama,298
/bbs/TW_Entertain/index.html,TW_Entertain,288
/bbs/PokemonGO/index.html,PokemonGO,269
/bbs/CVS/index.html,CVS,256
/bbs/YuanChuang/index.html,YuanChuang,252
/bbs/basketballTW/index.html,basketballTW,251
/bbs/ONE_PIECE/index.html,ONE_PIECE,249
/bbs/Hsinchu/index.html,Hsinchu,245
/bbs/TaiwanDrama/index.html,TaiwanDrama,244
/bbs/PCReDive/index.html,PCReDive,240
/bbs/GetMarry/index.html,GetMarry,239
/bbs/HardwareSale/index.html,HardwareSale,236
/bbs/Monkeys/index.html,Monkeys,233
/bbs/BuyTogether/index.html,BuyTogether,231
/bbs/AC_In/index.html,AC_In,229
/bbs/MuscleBeach/index.html,MuscleBeach,225
/bbs/Guardians/index.html,Guardians,221
/bbs/PuzzleDragon/index.html,PuzzleDragon,213
/bbs/FATE_GO/index.html,FATE_GO,209
/bbs/China-Drama/index.html,China-Drama,205
/bbs/gay/index.html,gay,205
/bbs/MayDay/index.html,MayDay,203
/bbs/Food/index.html,Food,201
/bbs/IZONE/index.html,IZONE,197
/bbs/Salary/index.html,Salary,192
/bbs/studyteacher/index.html,studyteacher,184
/bbs/Lions/index.html,Lions,183
/bbs/NBA_Film/index.html,NBA_Film,182
/bbs/KoreanPop/index.html,KoreanPop,180
/bbs/WOW/index.html,WOW,173
/bbs/Examination/index.html,Examination,170
/bbs/TWICE/index.html,TWICE,162
/bbs/lesbian/index.html,lesbian,162
/bbs/MLB/index.html,MLB,161
/bbs/biker/index.html,biker,158
/bbs/MobilePay/index.html,MobilePay,155
/bbs/Gamesale/index.html,Gamesale,152
/bbs/mobilesales/index.html,mobilesales,150
/bbs/Aviation/index.html,Aviation,149
/bbs/Wanted/index.html,Wanted,148
/bbs/BTS/index.html,BTS,146
/bbs/cat/index.html,cat,145
/bbs/part-time/index.html,part-time,142
/bbs/Palmar_Drama/index.html,Palmar_Drama,141
/bbs/DSLR/index.html,DSLR,140
/bbs/cookclub/index.html,cookclub,138
/bbs/GBF/index.html,GBF,136
/bbs/Zastrology/index.html,Zastrology,131
/bbs/Finance/index.html,Finance,129
/bbs/Soft_Job/index.html,Soft_Job,128
/bbs/Headphone/index.html,Headphone,128
/bbs/CarShop/index.html,CarShop,127
/bbs/HelpBuy/index.html,HelpBuy,125
/bbs/feminine_sex/index.html,feminine_sex,124
/bbs/forsale/index.html,forsale,124
/bbs/DMM_GAMES/index.html,DMM_GAMES,118
/bbs/tabletennis/index.html,tabletennis,118
/bbs/MH/index.html,MH,115
/bbs/MacShop/index.html,MacShop,115
/bbs/AKB48/index.html,AKB48,113
/bbs/medstudent/index.html,medstudent,110
/bbs/FITNESS/index.html,FITNESS,110
/bbs/TypeMoon/index.html,TypeMoon,108
/bbs/Military/index.html,Military,107
/bbs/watch/index.html,watch,103
/bbs/give/index.html,give,100
/bbs/BB-Love/index.html,BB-Love,100
/bbs/Key_Mou_Pad/index.html,Key_Mou_Pad,97
/bbs/LGBT_SEX/index.html,LGBT_SEX,94
/bbs/PublicServan/index.html,PublicServan,93
/bbs/BabyProducts/index.html,BabyProducts,92
/bbs/job/index.html,job,92
/bbs/Nogizaka46/index.html,Nogizaka46,91
/bbs/Taoyuan/index.html,Taoyuan,91
/bbs/graduate/index.html,graduate,91
/bbs/DC_SALE/index.html,DC_SALE,89
/bbs/Mobile-game/index.html,Mobile-game,89
/bbs/SuperJunior/index.html,SuperJunior,89
/bbs/Gov_owned/index.html,Gov_owned,89
/bbs/RealmOfValor/index.html,RealmOfValor,88
