﻿/bbs/Gossiping/index.html,Gossiping,18210
/bbs/NBA/index.html,NBA,3758
/bbs/Baseball/index.html,Baseball,3522
/bbs/C_Chat/index.html,C_Chat,3087
/bbs/HatePolitics/index.html,HatePolitics,2208
/bbs/Stock/index.html,Stock,1571
/bbs/movie/index.html,movie,1363
/bbs/MobileComm/index.html,MobileComm,1154
/bbs/sex/index.html,sex,1045
/bbs/Lifeismoney/index.html,Lifeismoney,1004
/bbs/LoL/index.html,LoL,946
/bbs/KR_Entertain/index.html,KR_Entertain,939
/bbs/car/index.html,car,854
/bbs/Tech_Job/index.html,Tech_Job,784
/bbs/Beauty/index.html,Beauty,779
/bbs/WomenTalk/index.html,WomenTalk,777
/bbs/ToS/index.html,ToS,747
/bbs/Boy-Girl/index.html,Boy-Girl,679
/bbs/BabyMother/index.html,BabyMother,601
/bbs/marvel/index.html,marvel,567
/bbs/PC_Shopping/index.html,PC_Shopping,565
/bbs/KoreaStar/index.html,KoreaStar,563
/bbs/e-shopping/index.html,e-shopping,505
/bbs/joke/index.html,joke,489
/bbs/SportLottery/index.html,SportLottery,472
/bbs/Japan_Travel/index.html,Japan_Travel,467
/bbs/creditcard/index.html,creditcard,453
/bbs/marriage/index.html,marriage,429
/bbs/AllTogether/index.html,AllTogether,412
/bbs/PlayStation/index.html,PlayStation,370
/bbs/KoreaDrama/index.html,KoreaDrama,366
/bbs/StupidClown/index.html,StupidClown,366
/bbs/MakeUp/index.html,MakeUp,364
/bbs/Steam/index.html,Steam,356
/bbs/Kaohsiung/index.html,Kaohsiung,350
/bbs/japanavgirls/index.html,japanavgirls,332
/bbs/Tainan/index.html,Tainan,329
/bbs/KanColle/index.html,KanColle,322
/bbs/home-sale/index.html,home-sale,295
/bbs/CFantasy/index.html,CFantasy,290
/bbs/Hearthstone/index.html,Hearthstone,287
/bbs/TaichungBun/index.html,TaichungBun,282
/bbs/PokemonGO/index.html,PokemonGO,276
/bbs/FATE_GO/index.html,FATE_GO,271
/bbs/EAseries/index.html,EAseries,268
/bbs/Tennis/index.html,Tennis,267
/bbs/ONE_PIECE/index.html,ONE_PIECE,265
/bbs/iOS/index.html,iOS,261
/bbs/PCReDive/index.html,PCReDive,261
/bbs/NSwitch/index.html,NSwitch,254
/bbs/BeautySalon/index.html,BeautySalon,210
/bbs/Japandrama/index.html,Japandrama,209
/bbs/HardwareSale/index.html,HardwareSale,208
/bbs/BuyTogether/index.html,BuyTogether,202
/bbs/Monkeys/index.html,Monkeys,200
/bbs/CVS/index.html,CVS,183
/bbs/NBA_Film/index.html,NBA_Film,182
/bbs/AC_In/index.html,AC_In,177
/bbs/Salary/index.html,Salary,173
/bbs/Elephants/index.html,Elephants,172
/bbs/studyteacher/index.html,studyteacher,170
/bbs/basketballTW/index.html,basketballTW,168
/bbs/MuscleBeach/index.html,MuscleBeach,163
/bbs/PuzzleDragon/index.html,PuzzleDragon,161
/bbs/Examination/index.html,Examination,156
/bbs/WOW/index.html,WOW,151
/bbs/Palmar_Drama/index.html,Palmar_Drama,145
/bbs/Drama-Ticket/index.html,Drama-Ticket,143
/bbs/mobilesales/index.html,mobilesales,142
/bbs/biker/index.html,biker,141
/bbs/YuanChuang/index.html,YuanChuang,137
/bbs/Food/index.html,Food,134
/bbs/Aviation/index.html,Aviation,131
/bbs/Hsinchu/index.html,Hsinchu,130
/bbs/GBF/index.html,GBF,126
/bbs/Headphone/index.html,Headphone,124
/bbs/MobilePay/index.html,MobilePay,121
/bbs/cat/index.html,cat,121
/bbs/Gamesale/index.html,Gamesale,119
/bbs/part-time/index.html,part-time,118
/bbs/Soft_Job/index.html,Soft_Job,117
/bbs/KoreanPop/index.html,KoreanPop,115
/bbs/TWICE/index.html,TWICE,114
/bbs/MayDay/index.html,MayDay,112
/bbs/StarCraft/index.html,StarCraft,111
/bbs/medstudent/index.html,medstudent,109
/bbs/China-Drama/index.html,China-Drama,108
/bbs/BTS/index.html,BTS,108
/bbs/lesbian/index.html,lesbian,107
/bbs/MLB/index.html,MLB,105
/bbs/DSLR/index.html,DSLR,101
/bbs/TaiwanDrama/index.html,TaiwanDrama,101
/bbs/DMM_GAMES/index.html,DMM_GAMES,97
/bbs/tabletennis/index.html,tabletennis,97
/bbs/Wanted/index.html,Wanted,95
/bbs/forsale/index.html,forsale,95
/bbs/Finance/index.html,Finance,94
/bbs/CarShop/index.html,CarShop,94
/bbs/gay/index.html,gay,94
/bbs/graduate/index.html,graduate,87
/bbs/TW_Entertain/index.html,TW_Entertain,86
/bbs/IZONE/index.html,IZONE,85
/bbs/GetMarry/index.html,GetMarry,85
/bbs/SuperJunior/index.html,SuperJunior,83
/bbs/fastfood/index.html,fastfood,83
/bbs/MacShop/index.html,MacShop,83
/bbs/watch/index.html,watch,82
/bbs/Gov_owned/index.html,Gov_owned,80
/bbs/Military/index.html,Military,79
/bbs/give/index.html,give,78
/bbs/AKB48/index.html,AKB48,77
/bbs/HelpBuy/index.html,HelpBuy,76
/bbs/Lakers/index.html,Lakers,76
/bbs/nb-shopping/index.html,nb-shopping,75
/bbs/PublicServan/index.html,PublicServan,75
/bbs/Key_Mou_Pad/index.html,Key_Mou_Pad,74
/bbs/FITNESS/index.html,FITNESS,74
/bbs/DIABLO/index.html,DIABLO,72
/bbs/Guardians/index.html,Guardians,72
/bbs/Brand/index.html,Brand,71
/bbs/feminine_sex/index.html,feminine_sex,69
/bbs/PathofExile/index.html,PathofExile,68
/bbs/BB-Love/index.html,BB-Love,66
/bbs/Bank_Service/index.html,Bank_Service,66
/bbs/Mobile-game/index.html,Mobile-game,65
/bbs/TypeMoon/index.html,TypeMoon,65
/bbs/Option/index.html,Option,65
/bbs/RealmOfValor/index.html,RealmOfValor,65
