﻿/bbs/Gossiping/index.html,Gossiping,8160
/bbs/C_Chat/index.html,C_Chat,2086
/bbs/NBA/index.html,NBA,2075
/bbs/Baseball/index.html,Baseball,1260
/bbs/Stock/index.html,Stock,1139
/bbs/sex/index.html,sex,1055
/bbs/movie/index.html,movie,1013
/bbs/HatePolitics/index.html,HatePolitics,936
/bbs/MobileComm/index.html,MobileComm,740
/bbs/LoL/index.html,LoL,699
/bbs/Lifeismoney/index.html,Lifeismoney,539
/bbs/Beauty/index.html,Beauty,528
/bbs/ToS/index.html,ToS,524
/bbs/Boy-Girl/index.html,Boy-Girl,478
/bbs/Tech_Job/index.html,Tech_Job,471
/bbs/marvel/index.html,marvel,464
/bbs/car/index.html,car,460
/bbs/KR_Entertain/index.html,KR_Entertain,436
/bbs/PC_Shopping/index.html,PC_Shopping,422
/bbs/joke/index.html,joke,415
/bbs/Tennis/index.html,Tennis,386
/bbs/WomenTalk/index.html,WomenTalk,384
/bbs/BabyMother/index.html,BabyMother,382
/bbs/FATE_GO/index.html,FATE_GO,332
/bbs/PlayStation/index.html,PlayStation,310
/bbs/KoreaStar/index.html,KoreaStar,289
/bbs/AllTogether/index.html,AllTogether,284
/bbs/Steam/index.html,Steam,283
/bbs/e-shopping/index.html,e-shopping,276
/bbs/Japan_Travel/index.html,Japan_Travel,265
/bbs/marriage/index.html,marriage,263
/bbs/creditcard/index.html,creditcard,262
/bbs/KanColle/index.html,KanColle,257
/bbs/japanavgirls/index.html,japanavgirls,254
/bbs/Hearthstone/index.html,Hearthstone,253
/bbs/Kaohsiung/index.html,Kaohsiung,244
/bbs/Tainan/index.html,Tainan,240
/bbs/KoreaDrama/index.html,KoreaDrama,227
/bbs/ONE_PIECE/index.html,ONE_PIECE,225
/bbs/SportLottery/index.html,SportLottery,223
/bbs/PCReDive/index.html,PCReDive,220
/bbs/EAseries/index.html,EAseries,208
/bbs/CFantasy/index.html,CFantasy,202
/bbs/MakeUp/index.html,MakeUp,191
/bbs/NSwitch/index.html,NSwitch,189
/bbs/TaichungBun/index.html,TaichungBun,168
/bbs/iOS/index.html,iOS,165
/bbs/AC_In/index.html,AC_In,162
/bbs/NBA_Film/index.html,NBA_Film,155
/bbs/HardwareSale/index.html,HardwareSale,148
/bbs/home-sale/index.html,home-sale,147
/bbs/Elephants/index.html,Elephants,144
/bbs/PokemonGO/index.html,PokemonGO,144
/bbs/CVS/index.html,CVS,138
/bbs/PuzzleDragon/index.html,PuzzleDragon,133
/bbs/BeautySalon/index.html,BeautySalon,132
/bbs/Salary/index.html,Salary,131
/bbs/StupidClown/index.html,StupidClown,131
/bbs/WOW/index.html,WOW,127
/bbs/Japandrama/index.html,Japandrama,126
/bbs/biker/index.html,biker,117
/bbs/BuyTogether/index.html,BuyTogether,113
/bbs/YuanChuang/index.html,YuanChuang,108
/bbs/MuscleBeach/index.html,MuscleBeach,106
/bbs/Palmar_Drama/index.html,Palmar_Drama,104
/bbs/Option/index.html,Option,101
/bbs/Wanted/index.html,Wanted,98
/bbs/MLB/index.html,MLB,91
/bbs/Hsinchu/index.html,Hsinchu,89
/bbs/Headphone/index.html,Headphone,89
/bbs/basketballTW/index.html,basketballTW,88
/bbs/Food/index.html,Food,86
/bbs/KoreanPop/index.html,KoreanPop,85
/bbs/gay/index.html,gay,82
/bbs/Soft_Job/index.html,Soft_Job,81
/bbs/part-time/index.html,part-time,81
/bbs/cat/index.html,cat,79
/bbs/DSLR/index.html,DSLR,78
/bbs/Gamesale/index.html,Gamesale,75
/bbs/mobilesales/index.html,mobilesales,75
/bbs/China-Drama/index.html,China-Drama,75
/bbs/Aviation/index.html,Aviation,72
/bbs/Military/index.html,Military,72
/bbs/TaiwanDrama/index.html,TaiwanDrama,70
/bbs/Mobile-game/index.html,Mobile-game,69
/bbs/MayDay/index.html,MayDay,69
/bbs/Key_Mou_Pad/index.html,Key_Mou_Pad,67
/bbs/MobilePay/index.html,MobilePay,67
/bbs/GetMarry/index.html,GetMarry,66
/bbs/TWICE/index.html,TWICE,66
/bbs/DMM_GAMES/index.html,DMM_GAMES,66
/bbs/TW_Entertain/index.html,TW_Entertain,62
/bbs/feminine_sex/index.html,feminine_sex,61
/bbs/lesbian/index.html,lesbian,60
/bbs/nb-shopping/index.html,nb-shopping,58
/bbs/TypeMoon/index.html,TypeMoon,58
/bbs/studyteacher/index.html,studyteacher,57
/bbs/ClashRoyale/index.html,ClashRoyale,55
/bbs/LGBT_SEX/index.html,LGBT_SEX,55
/bbs/AKB48/index.html,AKB48,53
/bbs/MH/index.html,MH,53
/bbs/DIABLO/index.html,DIABLO,53
/bbs/SuperJunior/index.html,SuperJunior,51
/bbs/SuperBike/index.html,SuperBike,50
/bbs/GBF/index.html,GBF,50
/bbs/IdolMaster/index.html,IdolMaster,49
/bbs/Monkeys/index.html,Monkeys,49
/bbs/BTS/index.html,BTS,49
/bbs/cookclub/index.html,cookclub,49
/bbs/forsale/index.html,forsale,49
/bbs/watch/index.html,watch,48
/bbs/CarShop/index.html,CarShop,47
/bbs/IZONE/index.html,IZONE,47
/bbs/graduate/index.html,graduate,47
/bbs/Examination/index.html,Examination,47
/bbs/Guardians/index.html,Guardians,47
/bbs/FITNESS/index.html,FITNESS,47
/bbs/HelpBuy/index.html,HelpBuy,45
/bbs/MacShop/index.html,MacShop,45
/bbs/Lions/index.html,Lions,45
/bbs/job/index.html,job,45
/bbs/fastfood/index.html,fastfood,44
/bbs/medstudent/index.html,medstudent,44
/bbs/FTV/index.html,FTV,43
/bbs/Gov_owned/index.html,Gov_owned,40
/bbs/RealmOfValor/index.html,RealmOfValor,40
/bbs/Drama-Ticket/index.html,Drama-Ticket,39
/bbs/PublicServan/index.html,PublicServan,38
