﻿/bbs/Gossiping/index.html,Gossiping,14182
/bbs/NBA/index.html,NBA,3796
/bbs/C_Chat/index.html,C_Chat,3073
/bbs/Baseball/index.html,Baseball,2461
/bbs/Stock/index.html,Stock,2066
/bbs/sex/index.html,sex,1967
/bbs/movie/index.html,movie,1882
/bbs/HatePolitics/index.html,HatePolitics,1500
/bbs/KR_Entertain/index.html,KR_Entertain,1238
/bbs/MobileComm/index.html,MobileComm,1216
/bbs/Lifeismoney/index.html,Lifeismoney,1211
/bbs/Beauty/index.html,Beauty,1013
/bbs/LoL/index.html,LoL,1011
/bbs/ToS/index.html,ToS,949
/bbs/Tech_Job/index.html,Tech_Job,942
/bbs/Tennis/index.html,Tennis,941
/bbs/car/index.html,car,890
/bbs/Boy-Girl/index.html,Boy-Girl,836
/bbs/BabyMother/index.html,BabyMother,792
/bbs/WomenTalk/index.html,WomenTalk,763
/bbs/e-shopping/index.html,e-shopping,763
/bbs/KoreaStar/index.html,KoreaStar,659
/bbs/marvel/index.html,marvel,656
/bbs/joke/index.html,joke,633
/bbs/AllTogether/index.html,AllTogether,632
/bbs/Tainan/index.html,Tainan,601
/bbs/Kaohsiung/index.html,Kaohsiung,593
/bbs/PC_Shopping/index.html,PC_Shopping,580
/bbs/FATE_GO/index.html,FATE_GO,558
/bbs/Japan_Travel/index.html,Japan_Travel,536
/bbs/marriage/index.html,marriage,527
/bbs/KoreaDrama/index.html,KoreaDrama,501
/bbs/creditcard/index.html,creditcard,497
/bbs/PlayStation/index.html,PlayStation,488
/bbs/SportLottery/index.html,SportLottery,467
/bbs/MakeUp/index.html,MakeUp,467
/bbs/japanavgirls/index.html,japanavgirls,432
/bbs/Hearthstone/index.html,Hearthstone,406
/bbs/ONE_PIECE/index.html,ONE_PIECE,394
/bbs/KanColle/index.html,KanColle,390
/bbs/PCReDive/index.html,PCReDive,388
/bbs/Steam/index.html,Steam,385
/bbs/home-sale/index.html,home-sale,352
/bbs/Elephants/index.html,Elephants,341
/bbs/CFantasy/index.html,CFantasy,323
/bbs/EAseries/index.html,EAseries,323
/bbs/NSwitch/index.html,NSwitch,319
/bbs/iOS/index.html,iOS,289
/bbs/TaichungBun/index.html,TaichungBun,285
/bbs/Salary/index.html,Salary,279
/bbs/NBA_Film/index.html,NBA_Film,269
/bbs/StupidClown/index.html,StupidClown,268
/bbs/CVS/index.html,CVS,265
/bbs/BeautySalon/index.html,BeautySalon,246
/bbs/BuyTogether/index.html,BuyTogether,240
/bbs/AC_In/index.html,AC_In,235
/bbs/TaiwanDrama/index.html,TaiwanDrama,230
/bbs/PokemonGO/index.html,PokemonGO,224
/bbs/YuanChuang/index.html,YuanChuang,220
/bbs/Japandrama/index.html,Japandrama,216
/bbs/PuzzleDragon/index.html,PuzzleDragon,212
/bbs/HardwareSale/index.html,HardwareSale,212
/bbs/Hsinchu/index.html,Hsinchu,211
/bbs/MayDay/index.html,MayDay,208
/bbs/MuscleBeach/index.html,MuscleBeach,206
/bbs/KoreanPop/index.html,KoreanPop,174
/bbs/MLB/index.html,MLB,174
/bbs/WOW/index.html,WOW,171
/bbs/Option/index.html,Option,170
/bbs/Palmar_Drama/index.html,Palmar_Drama,170
/bbs/basketballTW/index.html,basketballTW,169
/bbs/Aviation/index.html,Aviation,168
/bbs/Food/index.html,Food,166
/bbs/lesbian/index.html,lesbian,165
/bbs/gay/index.html,gay,154
/bbs/part-time/index.html,part-time,153
/bbs/China-Drama/index.html,China-Drama,150
/bbs/TWICE/index.html,TWICE,147
/bbs/biker/index.html,biker,144
/bbs/Soft_Job/index.html,Soft_Job,139
/bbs/feminine_sex/index.html,feminine_sex,136
/bbs/SuperJunior/index.html,SuperJunior,135
/bbs/Headphone/index.html,Headphone,131
/bbs/Wanted/index.html,Wanted,127
/bbs/Examination/index.html,Examination,126
/bbs/LGBT_SEX/index.html,LGBT_SEX,125
/bbs/DSLR/index.html,DSLR,123
/bbs/Guardians/index.html,Guardians,123
/bbs/GetMarry/index.html,GetMarry,121
/bbs/MobilePay/index.html,MobilePay,120
/bbs/studyteacher/index.html,studyteacher,119
/bbs/cat/index.html,cat,118
/bbs/Monkeys/index.html,Monkeys,115
/bbs/FITNESS/index.html,FITNESS,115
/bbs/BTS/index.html,BTS,113
/bbs/mobilesales/index.html,mobilesales,111
/bbs/Gamesale/index.html,Gamesale,109
/bbs/Key_Mou_Pad/index.html,Key_Mou_Pad,108
/bbs/TW_Entertain/index.html,TW_Entertain,108
/bbs/Finance/index.html,Finance,105
/bbs/BB-Love/index.html,BB-Love,105
/bbs/FTV/index.html,FTV,104
/bbs/Military/index.html,Military,104
/bbs/DMM_GAMES/index.html,DMM_GAMES,101
/bbs/TypeMoon/index.html,TypeMoon,100
/bbs/AKB48/index.html,AKB48,97
/bbs/forsale/index.html,forsale,97
/bbs/RealmOfValor/index.html,RealmOfValor,96
/bbs/CarShop/index.html,CarShop,95
/bbs/watch/index.html,watch,95
/bbs/medstudent/index.html,medstudent,93
/bbs/PublicServan/index.html,PublicServan,91
/bbs/Brand/index.html,Brand,91
/bbs/graduate/index.html,graduate,91
/bbs/HelpBuy/index.html,HelpBuy,90
/bbs/Mobile-game/index.html,Mobile-game,88
/bbs/MH/index.html,MH,87
/bbs/MacShop/index.html,MacShop,87
/bbs/cookclub/index.html,cookclub,87
/bbs/job/index.html,job,87
/bbs/Lions/index.html,Lions,86
/bbs/GBF/index.html,GBF,84
/bbs/DC_SALE/index.html,DC_SALE,83
/bbs/IdolMaster/index.html,IdolMaster,83
/bbs/give/index.html,give,83
/bbs/nb-shopping/index.html,nb-shopping,82
/bbs/Nogizaka46/index.html,Nogizaka46,77
/bbs/IZONE/index.html,IZONE,77
