﻿/bbs/Gossiping/index.html,Gossiping,10659
/bbs/NBA/index.html,NBA,2844
/bbs/C_Chat/index.html,C_Chat,2646
/bbs/Baseball/index.html,Baseball,1721
/bbs/sex/index.html,sex,1540
/bbs/Stock/index.html,Stock,1526
/bbs/movie/index.html,movie,1399
/bbs/HatePolitics/index.html,HatePolitics,1224
/bbs/MobileComm/index.html,MobileComm,945
/bbs/LoL/index.html,LoL,878
/bbs/Beauty/index.html,Beauty,805
/bbs/Lifeismoney/index.html,Lifeismoney,765
/bbs/ToS/index.html,ToS,739
/bbs/Boy-Girl/index.html,Boy-Girl,689
/bbs/KR_Entertain/index.html,KR_Entertain,685
/bbs/car/index.html,car,671
/bbs/Tech_Job/index.html,Tech_Job,663
/bbs/marvel/index.html,marvel,559
/bbs/Tennis/index.html,Tennis,547
/bbs/WomenTalk/index.html,WomenTalk,546
/bbs/joke/index.html,joke,538
/bbs/BabyMother/index.html,BabyMother,525
/bbs/PC_Shopping/index.html,PC_Shopping,515
/bbs/KoreaStar/index.html,KoreaStar,475
/bbs/e-shopping/index.html,e-shopping,454
/bbs/FATE_GO/index.html,FATE_GO,393
/bbs/AllTogether/index.html,AllTogether,388
/bbs/Kaohsiung/index.html,Kaohsiung,380
/bbs/PlayStation/index.html,PlayStation,378
/bbs/Japan_Travel/index.html,Japan_Travel,357
/bbs/KoreaDrama/index.html,KoreaDrama,351
/bbs/marriage/index.html,marriage,346
/bbs/japanavgirls/index.html,japanavgirls,339
/bbs/Steam/index.html,Steam,333
/bbs/Tainan/index.html,Tainan,327
/bbs/creditcard/index.html,creditcard,327
/bbs/Hearthstone/index.html,Hearthstone,318
/bbs/KanColle/index.html,KanColle,304
/bbs/MakeUp/index.html,MakeUp,304
/bbs/PCReDive/index.html,PCReDive,297
/bbs/EAseries/index.html,EAseries,291
/bbs/ONE_PIECE/index.html,ONE_PIECE,291
/bbs/CFantasy/index.html,CFantasy,286
/bbs/SportLottery/index.html,SportLottery,275
/bbs/NSwitch/index.html,NSwitch,240
/bbs/home-sale/index.html,home-sale,239
/bbs/iOS/index.html,iOS,236
/bbs/TaichungBun/index.html,TaichungBun,229
/bbs/Elephants/index.html,Elephants,224
/bbs/AC_In/index.html,AC_In,207
/bbs/StupidClown/index.html,StupidClown,205
/bbs/HardwareSale/index.html,HardwareSale,194
/bbs/NBA_Film/index.html,NBA_Film,193
/bbs/Salary/index.html,Salary,190
/bbs/BeautySalon/index.html,BeautySalon,189
/bbs/CVS/index.html,CVS,181
/bbs/Japandrama/index.html,Japandrama,166
/bbs/PuzzleDragon/index.html,PuzzleDragon,164
/bbs/PokemonGO/index.html,PokemonGO,159
/bbs/YuanChuang/index.html,YuanChuang,151
/bbs/biker/index.html,biker,145
/bbs/MuscleBeach/index.html,MuscleBeach,141
/bbs/BuyTogether/index.html,BuyTogether,138
/bbs/WOW/index.html,WOW,133
/bbs/Palmar_Drama/index.html,Palmar_Drama,132
/bbs/basketballTW/index.html,basketballTW,123
/bbs/Soft_Job/index.html,Soft_Job,122
/bbs/Option/index.html,Option,122
/bbs/Hsinchu/index.html,Hsinchu,120
/bbs/TaiwanDrama/index.html,TaiwanDrama,119
/bbs/cat/index.html,cat,116
/bbs/MayDay/index.html,MayDay,116
/bbs/Aviation/index.html,Aviation,115
/bbs/Wanted/index.html,Wanted,112
/bbs/Food/index.html,Food,112
/bbs/Headphone/index.html,Headphone,111
/bbs/lesbian/index.html,lesbian,111
/bbs/KoreanPop/index.html,KoreanPop,109
/bbs/TWICE/index.html,TWICE,108
/bbs/MLB/index.html,MLB,108
/bbs/DSLR/index.html,DSLR,107
/bbs/Gamesale/index.html,Gamesale,105
/bbs/China-Drama/index.html,China-Drama,105
/bbs/Military/index.html,Military,103
/bbs/part-time/index.html,part-time,100
/bbs/gay/index.html,gay,100
/bbs/LGBT_SEX/index.html,LGBT_SEX,97
/bbs/feminine_sex/index.html,feminine_sex,92
/bbs/GetMarry/index.html,GetMarry,92
/bbs/graduate/index.html,graduate,90
/bbs/mobilesales/index.html,mobilesales,89
/bbs/SuperJunior/index.html,SuperJunior,87
/bbs/nb-shopping/index.html,nb-shopping,82
/bbs/watch/index.html,watch,82
/bbs/Examination/index.html,Examination,81
/bbs/Mobile-game/index.html,Mobile-game,80
/bbs/studyteacher/index.html,studyteacher,80
/bbs/CarShop/index.html,CarShop,79
/bbs/FITNESS/index.html,FITNESS,78
/bbs/TW_Entertain/index.html,TW_Entertain,78
/bbs/Key_Mou_Pad/index.html,Key_Mou_Pad,76
/bbs/cookclub/index.html,cookclub,74
/bbs/MobilePay/index.html,MobilePay,73
/bbs/FTV/index.html,FTV,72
/bbs/DMM_GAMES/index.html,DMM_GAMES,72
/bbs/forsale/index.html,forsale,72
/bbs/MH/index.html,MH,71
/bbs/DIABLO/index.html,DIABLO,71
/bbs/AKB48/index.html,AKB48,70
/bbs/IZONE/index.html,IZONE,68
/bbs/Monkeys/index.html,Monkeys,67
/bbs/BTS/index.html,BTS,67
/bbs/SuperBike/index.html,SuperBike,67
/bbs/TypeMoon/index.html,TypeMoon,66
/bbs/HelpBuy/index.html,HelpBuy,65
/bbs/RealmOfValor/index.html,RealmOfValor,65
/bbs/MacShop/index.html,MacShop,64
/bbs/IdolMaster/index.html,IdolMaster,63
/bbs/medstudent/index.html,medstudent,63
/bbs/Lions/index.html,Lions,62
/bbs/GBF/index.html,GBF,61
/bbs/Finance/index.html,Finance,60
/bbs/BB-Love/index.html,BB-Love,60
/bbs/job/index.html,job,60
/bbs/Guardians/index.html,Guardians,59
/bbs/PublicServan/index.html,PublicServan,56
/bbs/DC_SALE/index.html,DC_SALE,54
/bbs/Nogizaka46/index.html,Nogizaka46,54
