﻿/bbs/Gossiping/index.html,Gossiping,13486
/bbs/NBA/index.html,NBA,3439
/bbs/C_Chat/index.html,C_Chat,2487
/bbs/Baseball/index.html,Baseball,1946
/bbs/Stock/index.html,Stock,1787
/bbs/sex/index.html,sex,1436
/bbs/HatePolitics/index.html,HatePolitics,1341
/bbs/movie/index.html,movie,1119
/bbs/MobileComm/index.html,MobileComm,993
/bbs/Beauty/index.html,Beauty,972
/bbs/Lifeismoney/index.html,Lifeismoney,891
/bbs/car/index.html,car,886
/bbs/Tech_Job/index.html,Tech_Job,774
/bbs/Boy-Girl/index.html,Boy-Girl,731
/bbs/ToS/index.html,ToS,730
/bbs/LoL/index.html,LoL,705
/bbs/creditcard/index.html,creditcard,681
/bbs/BabyMother/index.html,BabyMother,677
/bbs/KR_Entertain/index.html,KR_Entertain,675
/bbs/WomenTalk/index.html,WomenTalk,599
/bbs/e-shopping/index.html,e-shopping,512
/bbs/marvel/index.html,marvel,508
/bbs/PC_Shopping/index.html,PC_Shopping,505
/bbs/joke/index.html,joke,499
/bbs/KoreaStar/index.html,KoreaStar,473
/bbs/AllTogether/index.html,AllTogether,427
/bbs/Japan_Travel/index.html,Japan_Travel,411
/bbs/PlayStation/index.html,PlayStation,409
/bbs/marriage/index.html,marriage,370
/bbs/Steam/index.html,Steam,365
/bbs/Tainan/index.html,Tainan,350
/bbs/SportLottery/index.html,SportLottery,343
/bbs/Kaohsiung/index.html,Kaohsiung,343
/bbs/Tennis/index.html,Tennis,340
/bbs/japanavgirls/index.html,japanavgirls,326
/bbs/home-sale/index.html,home-sale,310
/bbs/FATE_GO/index.html,FATE_GO,308
/bbs/MakeUp/index.html,MakeUp,296
/bbs/ONE_PIECE/index.html,ONE_PIECE,282
/bbs/Hearthstone/index.html,Hearthstone,278
/bbs/KoreaDrama/index.html,KoreaDrama,261
/bbs/NSwitch/index.html,NSwitch,249
/bbs/KanColle/index.html,KanColle,245
/bbs/TaichungBun/index.html,TaichungBun,243
/bbs/PokemonGO/index.html,PokemonGO,240
/bbs/StupidClown/index.html,StupidClown,240
/bbs/PCReDive/index.html,PCReDive,237
/bbs/iOS/index.html,iOS,207
/bbs/CFantasy/index.html,CFantasy,200
/bbs/Salary/index.html,Salary,200
/bbs/BeautySalon/index.html,BeautySalon,199
/bbs/EAseries/index.html,EAseries,195
/bbs/Elephants/index.html,Elephants,194
/bbs/AC_In/index.html,AC_In,181
/bbs/BuyTogether/index.html,BuyTogether,173
/bbs/Japandrama/index.html,Japandrama,173
/bbs/NBA_Film/index.html,NBA_Film,168
/bbs/HardwareSale/index.html,HardwareSale,158
/bbs/CVS/index.html,CVS,152
/bbs/PuzzleDragon/index.html,PuzzleDragon,146
/bbs/NY-Yankees/index.html,NY-Yankees,145
/bbs/MobilePay/index.html,MobilePay,142
/bbs/WOW/index.html,WOW,138
/bbs/basketballTW/index.html,basketballTW,135
/bbs/Aviation/index.html,Aviation,131
/bbs/MuscleBeach/index.html,MuscleBeach,129
/bbs/Palmar_Drama/index.html,Palmar_Drama,129
/bbs/Gamesale/index.html,Gamesale,128
/bbs/TaiwanDrama/index.html,TaiwanDrama,127
/bbs/YuanChuang/index.html,YuanChuang,126
/bbs/biker/index.html,biker,125
/bbs/MLB/index.html,MLB,125
/bbs/Hsinchu/index.html,Hsinchu,121
/bbs/MayDay/index.html,MayDay,121
/bbs/studyteacher/index.html,studyteacher,118
/bbs/Soft_Job/index.html,Soft_Job,117
/bbs/Food/index.html,Food,115
/bbs/cat/index.html,cat,114
/bbs/KoreanPop/index.html,KoreanPop,113
/bbs/Headphone/index.html,Headphone,105
/bbs/mobilesales/index.html,mobilesales,101
/bbs/part-time/index.html,part-time,101
/bbs/TWICE/index.html,TWICE,100
/bbs/GetMarry/index.html,GetMarry,98
/bbs/DSLR/index.html,DSLR,97
/bbs/Examination/index.html,Examination,97
/bbs/forsale/index.html,forsale,94
/bbs/gay/index.html,gay,93
/bbs/Monkeys/index.html,Monkeys,84
/bbs/feminine_sex/index.html,feminine_sex,84
/bbs/IZONE/index.html,IZONE,82
/bbs/BTS/index.html,BTS,82
/bbs/Mobile-game/index.html,Mobile-game,81
/bbs/China-Drama/index.html,China-Drama,81
/bbs/lesbian/index.html,lesbian,81
/bbs/Military/index.html,Military,80
/bbs/GBF/index.html,GBF,79
/bbs/Gov_owned/index.html,Gov_owned,76
/bbs/medstudent/index.html,medstudent,75
/bbs/FITNESS/index.html,FITNESS,74
/bbs/PublicServan/index.html,PublicServan,73
/bbs/Bank_Service/index.html,Bank_Service,72
/bbs/DMM_GAMES/index.html,DMM_GAMES,72
/bbs/Key_Mou_Pad/index.html,Key_Mou_Pad,71
/bbs/MacShop/index.html,MacShop,71
/bbs/watch/index.html,watch,71
/bbs/Option/index.html,Option,69
/bbs/TW_Entertain/index.html,TW_Entertain,69
/bbs/Finance/index.html,Finance,68
/bbs/SuperJunior/index.html,SuperJunior,67
/bbs/LGBT_SEX/index.html,LGBT_SEX,67
/bbs/CarShop/index.html,CarShop,66
/bbs/Wanted/index.html,Wanted,66
/bbs/nb-shopping/index.html,nb-shopping,65
/bbs/RealmOfValor/index.html,RealmOfValor,65
/bbs/AKB48/index.html,AKB48,64
/bbs/Guardians/index.html,Guardians,64
/bbs/MH/index.html,MH,63
/bbs/TypeMoon/index.html,TypeMoon,63
/bbs/DIABLO/index.html,DIABLO,62
/bbs/graduate/index.html,graduate,61
/bbs/HelpBuy/index.html,HelpBuy,60
/bbs/BB-Love/index.html,BB-Love,60
/bbs/facelift/index.html,facelift,60
/bbs/give/index.html,give,59
/bbs/PathofExile/index.html,PathofExile,59
/bbs/points/index.html,points,57
/bbs/tabletennis/index.html,tabletennis,57
