﻿/bbs/Gossiping/index.html,Gossiping,18194
/bbs/Baseball/index.html,Baseball,4730
/bbs/C_Chat/index.html,C_Chat,3015
/bbs/HatePolitics/index.html,HatePolitics,2910
/bbs/NBA/index.html,NBA,2862
/bbs/movie/index.html,movie,1807
/bbs/Stock/index.html,Stock,1513
/bbs/LoL/index.html,LoL,1441
/bbs/Elephants/index.html,Elephants,1348
/bbs/Lifeismoney/index.html,Lifeismoney,1196
/bbs/MobileComm/index.html,MobileComm,1182
/bbs/KR_Entertain/index.html,KR_Entertain,992
/bbs/car/index.html,car,970
/bbs/sex/index.html,sex,957
/bbs/ToS/index.html,ToS,797
/bbs/WomenTalk/index.html,WomenTalk,744
/bbs/Tech_Job/index.html,Tech_Job,740
/bbs/joke/index.html,joke,699
/bbs/PC_Shopping/index.html,PC_Shopping,659
/bbs/Tennis/index.html,Tennis,658
/bbs/BabyMother/index.html,BabyMother,657
/bbs/Monkeys/index.html,Monkeys,640
/bbs/Beauty/index.html,Beauty,636
/bbs/Boy-Girl/index.html,Boy-Girl,622
/bbs/Guardians/index.html,Guardians,554
/bbs/e-shopping/index.html,e-shopping,549
/bbs/KoreaStar/index.html,KoreaStar,529
/bbs/Hearthstone/index.html,Hearthstone,517
/bbs/Kaohsiung/index.html,Kaohsiung,480
/bbs/marvel/index.html,marvel,476
/bbs/Japan_Travel/index.html,Japan_Travel,472
/bbs/KoreaDrama/index.html,KoreaDrama,459
/bbs/StupidClown/index.html,StupidClown,440
/bbs/MakeUp/index.html,MakeUp,438
/bbs/PlayStation/index.html,PlayStation,424
/bbs/marriage/index.html,marriage,422
/bbs/AllTogether/index.html,AllTogether,420
/bbs/Steam/index.html,Steam,409
/bbs/KanColle/index.html,KanColle,376
/bbs/creditcard/index.html,creditcard,367
/bbs/home-sale/index.html,home-sale,351
/bbs/Tainan/index.html,Tainan,338
/bbs/Lions/index.html,Lions,318
/bbs/SportLottery/index.html,SportLottery,311
/bbs/japanavgirls/index.html,japanavgirls,311
/bbs/CFantasy/index.html,CFantasy,306
/bbs/EAseries/index.html,EAseries,300
/bbs/NSwitch/index.html,NSwitch,282
/bbs/BeautySalon/index.html,BeautySalon,263
/bbs/TaichungBun/index.html,TaichungBun,258
/bbs/PCReDive/index.html,PCReDive,236
/bbs/iOS/index.html,iOS,235
/bbs/FATE_GO/index.html,FATE_GO,229
/bbs/CVS/index.html,CVS,224
/bbs/HardwareSale/index.html,HardwareSale,220
/bbs/Japandrama/index.html,Japandrama,215
/bbs/PokemonGO/index.html,PokemonGO,214
/bbs/basketballTW/index.html,basketballTW,211
/bbs/ONE_PIECE/index.html,ONE_PIECE,208
/bbs/studyteacher/index.html,studyteacher,203
/bbs/YuanChuang/index.html,YuanChuang,195
/bbs/Hsinchu/index.html,Hsinchu,189
/bbs/KoreanPop/index.html,KoreanPop,188
/bbs/AC_In/index.html,AC_In,182
/bbs/BuyTogether/index.html,BuyTogether,178
/bbs/NBA_Film/index.html,NBA_Film,175
/bbs/TW_Entertain/index.html,TW_Entertain,174
/bbs/Examination/index.html,Examination,173
/bbs/biker/index.html,biker,168
/bbs/Salary/index.html,Salary,165
/bbs/MuscleBeach/index.html,MuscleBeach,155
/bbs/TWICE/index.html,TWICE,155
/bbs/Food/index.html,Food,155
/bbs/Aviation/index.html,Aviation,154
/bbs/WOW/index.html,WOW,151
/bbs/PuzzleDragon/index.html,PuzzleDragon,150
/bbs/IZONE/index.html,IZONE,147
/bbs/GBF/index.html,GBF,143
/bbs/MayDay/index.html,MayDay,141
/bbs/Soft_Job/index.html,Soft_Job,140
/bbs/Palmar_Drama/index.html,Palmar_Drama,137
/bbs/China-Drama/index.html,China-Drama,131
/bbs/cat/index.html,cat,131
/bbs/Gamesale/index.html,Gamesale,128
/bbs/Headphone/index.html,Headphone,128
/bbs/mobilesales/index.html,mobilesales,126
/bbs/GetMarry/index.html,GetMarry,125
/bbs/MH/index.html,MH,122
/bbs/gay/index.html,gay,119
/bbs/part-time/index.html,part-time,117
/bbs/DSLR/index.html,DSLR,114
/bbs/MLB/index.html,MLB,112
/bbs/BTS/index.html,BTS,108
/bbs/TaiwanDrama/index.html,TaiwanDrama,107
/bbs/Finance/index.html,Finance,105
/bbs/forsale/index.html,forsale,105
/bbs/TypeMoon/index.html,TypeMoon,104
/bbs/medstudent/index.html,medstudent,104
/bbs/tabletennis/index.html,tabletennis,102
/bbs/AKB48/index.html,AKB48,99
/bbs/PublicServan/index.html,PublicServan,98
/bbs/cookclub/index.html,cookclub,97
/bbs/Wanted/index.html,Wanted,96
/bbs/watch/index.html,watch,96
/bbs/Moto_GP/index.html,Moto_GP,94
/bbs/MobilePay/index.html,MobilePay,93
/bbs/Key_Mou_Pad/index.html,Key_Mou_Pad,91
/bbs/fastfood/index.html,fastfood,91
/bbs/lesbian/index.html,lesbian,90
/bbs/HelpBuy/index.html,HelpBuy,89
/bbs/MacShop/index.html,MacShop,89
/bbs/StarCraft/index.html,StarCraft,89
/bbs/DMM_GAMES/index.html,DMM_GAMES,86
/bbs/Nogizaka46/index.html,Nogizaka46,85
/bbs/CarShop/index.html,CarShop,82
/bbs/Mobile-game/index.html,Mobile-game,82
/bbs/EXO/index.html,EXO,77
/bbs/give/index.html,give,77
/bbs/Drama-Ticket/index.html,Drama-Ticket,77
/bbs/hypermall/index.html,hypermall,76
/bbs/Taoyuan/index.html,Taoyuan,75
/bbs/IdolMaster/index.html,IdolMaster,74
/bbs/Military/index.html,Military,74
/bbs/job/index.html,job,73
/bbs/nb-shopping/index.html,nb-shopping,72
/bbs/Gov_owned/index.html,Gov_owned,72
/bbs/RealmOfValor/index.html,RealmOfValor,71
/bbs/LGBT_SEX/index.html,LGBT_SEX,67
