﻿/bbs/Gossiping/index.html,Gossiping,9316
/bbs/NBA/index.html,NBA,2211
/bbs/C_Chat/index.html,C_Chat,1823
/bbs/Baseball/index.html,Baseball,1360
/bbs/Stock/index.html,Stock,1319
/bbs/sex/index.html,sex,1238
/bbs/HatePolitics/index.html,HatePolitics,1026
/bbs/movie/index.html,movie,847
/bbs/MobileComm/index.html,MobileComm,761
/bbs/Beauty/index.html,Beauty,656
/bbs/car/index.html,car,585
/bbs/LoL/index.html,LoL,548
/bbs/Lifeismoney/index.html,Lifeismoney,525
/bbs/Boy-Girl/index.html,Boy-Girl,525
/bbs/Tech_Job/index.html,Tech_Job,522
/bbs/ToS/index.html,ToS,499
/bbs/BabyMother/index.html,BabyMother,454
/bbs/WomenTalk/index.html,WomenTalk,406
/bbs/KR_Entertain/index.html,KR_Entertain,395
/bbs/PC_Shopping/index.html,PC_Shopping,390
/bbs/marvel/index.html,marvel,387
/bbs/joke/index.html,joke,362
/bbs/AllTogether/index.html,AllTogether,314
/bbs/e-shopping/index.html,e-shopping,312
/bbs/Japan_Travel/index.html,Japan_Travel,301
/bbs/creditcard/index.html,creditcard,292
/bbs/marriage/index.html,marriage,290
/bbs/PlayStation/index.html,PlayStation,285
/bbs/Tennis/index.html,Tennis,283
/bbs/KoreaStar/index.html,KoreaStar,277
/bbs/japanavgirls/index.html,japanavgirls,257
/bbs/Kaohsiung/index.html,Kaohsiung,253
/bbs/FATE_GO/index.html,FATE_GO,241
/bbs/Tainan/index.html,Tainan,236
/bbs/Steam/index.html,Steam,236
/bbs/SportLottery/index.html,SportLottery,212
/bbs/ONE_PIECE/index.html,ONE_PIECE,211
/bbs/KoreaDrama/index.html,KoreaDrama,200
/bbs/KanColle/index.html,KanColle,199
/bbs/home-sale/index.html,home-sale,192
/bbs/Hearthstone/index.html,Hearthstone,187
/bbs/TaichungBun/index.html,TaichungBun,187
/bbs/NSwitch/index.html,NSwitch,186
/bbs/PCReDive/index.html,PCReDive,185
/bbs/CFantasy/index.html,CFantasy,184
/bbs/PokemonGO/index.html,PokemonGO,183
/bbs/EAseries/index.html,EAseries,166
/bbs/MakeUp/index.html,MakeUp,156
/bbs/StupidClown/index.html,StupidClown,154
/bbs/Salary/index.html,Salary,147
/bbs/iOS/index.html,iOS,146
/bbs/AC_In/index.html,AC_In,144
/bbs/Elephants/index.html,Elephants,138
/bbs/NBA_Film/index.html,NBA_Film,134
/bbs/HardwareSale/index.html,HardwareSale,131
/bbs/BeautySalon/index.html,BeautySalon,129
/bbs/CVS/index.html,CVS,121
/bbs/BuyTogether/index.html,BuyTogether,119
/bbs/WOW/index.html,WOW,116
/bbs/PuzzleDragon/index.html,PuzzleDragon,111
/bbs/Aviation/index.html,Aviation,109
/bbs/studyteacher/index.html,studyteacher,100
/bbs/Japandrama/index.html,Japandrama,100
/bbs/Palmar_Drama/index.html,Palmar_Drama,98
/bbs/YuanChuang/index.html,YuanChuang,97
/bbs/MLB/index.html,MLB,97
/bbs/MuscleBeach/index.html,MuscleBeach,95
/bbs/biker/index.html,biker,93
/bbs/Hsinchu/index.html,Hsinchu,90
/bbs/Soft_Job/index.html,Soft_Job,89
/bbs/basketballTW/index.html,basketballTW,86
/bbs/cat/index.html,cat,84
/bbs/gay/index.html,gay,79
/bbs/mobilesales/index.html,mobilesales,78
/bbs/Headphone/index.html,Headphone,78
/bbs/DSLR/index.html,DSLR,77
/bbs/Gamesale/index.html,Gamesale,76
/bbs/NY-Yankees/index.html,NY-Yankees,76
/bbs/TaiwanDrama/index.html,TaiwanDrama,75
/bbs/Option/index.html,Option,74
/bbs/Food/index.html,Food,74
/bbs/Military/index.html,Military,74
/bbs/part-time/index.html,part-time,72
/bbs/Examination/index.html,Examination,71
/bbs/LGBT_SEX/index.html,LGBT_SEX,70
/bbs/watch/index.html,watch,69
/bbs/forsale/index.html,forsale,68
/bbs/CarShop/index.html,CarShop,66
/bbs/Wanted/index.html,Wanted,66
/bbs/MobilePay/index.html,MobilePay,63
/bbs/feminine_sex/index.html,feminine_sex,62
/bbs/GetMarry/index.html,GetMarry,61
/bbs/TWICE/index.html,TWICE,61
/bbs/China-Drama/index.html,China-Drama,60
/bbs/MayDay/index.html,MayDay,60
/bbs/PublicServan/index.html,PublicServan,58
/bbs/KoreanPop/index.html,KoreanPop,58
/bbs/Gov_owned/index.html,Gov_owned,56
/bbs/AKB48/index.html,AKB48,54
/bbs/DMM_GAMES/index.html,DMM_GAMES,54
/bbs/medstudent/index.html,medstudent,53
/bbs/hypermall/index.html,hypermall,52
/bbs/lesbian/index.html,lesbian,52
/bbs/Mobile-game/index.html,Mobile-game,51
/bbs/TypeMoon/index.html,TypeMoon,51
/bbs/Finance/index.html,Finance,50
/bbs/Monkeys/index.html,Monkeys,50
/bbs/FITNESS/index.html,FITNESS,50
/bbs/TW_Entertain/index.html,TW_Entertain,50
/bbs/GBF/index.html,GBF,49
/bbs/MH/index.html,MH,47
/bbs/cookclub/index.html,cookclub,47
/bbs/graduate/index.html,graduate,46
/bbs/DIABLO/index.html,DIABLO,45
/bbs/Key_Mou_Pad/index.html,Key_Mou_Pad,44
/bbs/points/index.html,points,44
/bbs/Taoyuan/index.html,Taoyuan,44
/bbs/Guardians/index.html,Guardians,44
/bbs/HelpBuy/index.html,HelpBuy,43
/bbs/fastfood/index.html,fastfood,42
/bbs/BTS/index.html,BTS,42
/bbs/IZONE/index.html,IZONE,41
/bbs/Bank_Service/index.html,Bank_Service,41
/bbs/ChungLi/index.html,ChungLi,40
/bbs/MacShop/index.html,MacShop,40
/bbs/SuperBike/index.html,SuperBike,38
/bbs/Lions/index.html,Lions,38
/bbs/Zastrology/index.html,Zastrology,38
