﻿/bbs/Gossiping/index.html,Gossiping,19894
/bbs/Baseball/index.html,Baseball,4731
/bbs/HatePolitics/index.html,HatePolitics,3679
/bbs/NBA/index.html,NBA,2997
/bbs/C_Chat/index.html,C_Chat,2933
/bbs/movie/index.html,movie,1526
/bbs/Stock/index.html,Stock,1466
/bbs/LoL/index.html,LoL,1201
/bbs/MobileComm/index.html,MobileComm,1160
/bbs/Lifeismoney/index.html,Lifeismoney,1067
/bbs/sex/index.html,sex,1022
/bbs/KR_Entertain/index.html,KR_Entertain,829
/bbs/ToS/index.html,ToS,804
/bbs/car/index.html,car,738
/bbs/WomenTalk/index.html,WomenTalk,719
/bbs/Elephants/index.html,Elephants,714
/bbs/Tech_Job/index.html,Tech_Job,694
/bbs/Beauty/index.html,Beauty,669
/bbs/KoreaStar/index.html,KoreaStar,652
/bbs/BabyMother/index.html,BabyMother,617
/bbs/Boy-Girl/index.html,Boy-Girl,600
/bbs/PC_Shopping/index.html,PC_Shopping,547
/bbs/e-shopping/index.html,e-shopping,540
/bbs/marvel/index.html,marvel,524
/bbs/Japan_Travel/index.html,Japan_Travel,493
/bbs/Kaohsiung/index.html,Kaohsiung,490
/bbs/StupidClown/index.html,StupidClown,453
/bbs/joke/index.html,joke,439
/bbs/Hearthstone/index.html,Hearthstone,427
/bbs/marriage/index.html,marriage,416
/bbs/PlayStation/index.html,PlayStation,398
/bbs/KoreaDrama/index.html,KoreaDrama,395
/bbs/Guardians/index.html,Guardians,385
/bbs/AllTogether/index.html,AllTogether,377
/bbs/creditcard/index.html,creditcard,369
/bbs/KanColle/index.html,KanColle,368
/bbs/MakeUp/index.html,MakeUp,363
/bbs/Tennis/index.html,Tennis,361
/bbs/Steam/index.html,Steam,348
/bbs/Tainan/index.html,Tainan,329
/bbs/Monkeys/index.html,Monkeys,325
/bbs/SportLottery/index.html,SportLottery,321
/bbs/CFantasy/index.html,CFantasy,298
/bbs/japanavgirls/index.html,japanavgirls,288
/bbs/home-sale/index.html,home-sale,284
/bbs/EAseries/index.html,EAseries,273
/bbs/TaichungBun/index.html,TaichungBun,268
/bbs/iOS/index.html,iOS,260
/bbs/FATE_GO/index.html,FATE_GO,247
/bbs/NSwitch/index.html,NSwitch,243
/bbs/ONE_PIECE/index.html,ONE_PIECE,226
/bbs/basketballTW/index.html,basketballTW,221
/bbs/HardwareSale/index.html,HardwareSale,220
/bbs/PCReDive/index.html,PCReDive,220
/bbs/PokemonGO/index.html,PokemonGO,217
/bbs/BeautySalon/index.html,BeautySalon,217
/bbs/studyteacher/index.html,studyteacher,214
/bbs/Japandrama/index.html,Japandrama,197
/bbs/AC_In/index.html,AC_In,184
/bbs/BuyTogether/index.html,BuyTogether,184
/bbs/Lions/index.html,Lions,182
/bbs/Salary/index.html,Salary,180
/bbs/Food/index.html,Food,179
/bbs/KoreanPop/index.html,KoreanPop,170
/bbs/CVS/index.html,CVS,166
/bbs/PuzzleDragon/index.html,PuzzleDragon,161
/bbs/YuanChuang/index.html,YuanChuang,155
/bbs/NBA_Film/index.html,NBA_Film,150
/bbs/MuscleBeach/index.html,MuscleBeach,149
/bbs/Examination/index.html,Examination,148
/bbs/TWICE/index.html,TWICE,148
/bbs/Hsinchu/index.html,Hsinchu,147
/bbs/Aviation/index.html,Aviation,147
/bbs/mobilesales/index.html,mobilesales,141
/bbs/biker/index.html,biker,141
/bbs/Soft_Job/index.html,Soft_Job,140
/bbs/WOW/index.html,WOW,134
/bbs/MayDay/index.html,MayDay,133
/bbs/Palmar_Drama/index.html,Palmar_Drama,129
/bbs/GBF/index.html,GBF,128
/bbs/China-Drama/index.html,China-Drama,126
/bbs/IZONE/index.html,IZONE,122
/bbs/MH/index.html,MH,121
/bbs/GetMarry/index.html,GetMarry,119
/bbs/MobilePay/index.html,MobilePay,117
/bbs/MLB/index.html,MLB,117
/bbs/TaiwanDrama/index.html,TaiwanDrama,116
/bbs/BTS/index.html,BTS,114
/bbs/Gamesale/index.html,Gamesale,112
/bbs/Headphone/index.html,Headphone,110
/bbs/Finance/index.html,Finance,107
/bbs/HelpBuy/index.html,HelpBuy,103
/bbs/part-time/index.html,part-time,101
/bbs/cat/index.html,cat,95
/bbs/CarShop/index.html,CarShop,92
/bbs/DSLR/index.html,DSLR,91
/bbs/Nogizaka46/index.html,Nogizaka46,91
/bbs/TypeMoon/index.html,TypeMoon,91
/bbs/Wanted/index.html,Wanted,91
/bbs/cookclub/index.html,cookclub,90
/bbs/watch/index.html,watch,89
/bbs/DMM_GAMES/index.html,DMM_GAMES,87
/bbs/forsale/index.html,forsale,87
/bbs/PublicServan/index.html,PublicServan,84
/bbs/FITNESS/index.html,FITNESS,84
/bbs/tabletennis/index.html,tabletennis,84
/bbs/fastfood/index.html,fastfood,83
/bbs/Key_Mou_Pad/index.html,Key_Mou_Pad,82
/bbs/Military/index.html,Military,82
/bbs/Drama-Ticket/index.html,Drama-Ticket,81
/bbs/AKB48/index.html,AKB48,80
/bbs/nb-shopping/index.html,nb-shopping,77
/bbs/Gov_owned/index.html,Gov_owned,76
/bbs/E-appliance/index.html,E-appliance,75
/bbs/TW_Entertain/index.html,TW_Entertain,74
/bbs/gay/index.html,gay,73
/bbs/give/index.html,give,72
/bbs/Brand/index.html,Brand,70
/bbs/StarCraft/index.html,StarCraft,70
/bbs/DC_SALE/index.html,DC_SALE,68
/bbs/PathofExile/index.html,PathofExile,68
/bbs/Mobile-game/index.html,Mobile-game,67
/bbs/points/index.html,points,66
/bbs/MacShop/index.html,MacShop,66
/bbs/graduate/index.html,graduate,65
/bbs/medstudent/index.html,medstudent,65
/bbs/lesbian/index.html,lesbian,65
/bbs/RealmOfValor/index.html,RealmOfValor,64
