﻿/bbs/Gossiping/index.html,Gossiping,15192
/bbs/NBA/index.html,NBA,3561
/bbs/C_Chat/index.html,C_Chat,2846
/bbs/Baseball/index.html,Baseball,2472
/bbs/Stock/index.html,Stock,1738
/bbs/HatePolitics/index.html,HatePolitics,1635
/bbs/sex/index.html,sex,1232
/bbs/movie/index.html,movie,1215
/bbs/MobileComm/index.html,MobileComm,1129
/bbs/Lifeismoney/index.html,Lifeismoney,938
/bbs/Beauty/index.html,Beauty,928
/bbs/car/index.html,car,901
/bbs/KR_Entertain/index.html,KR_Entertain,837
/bbs/LoL/index.html,LoL,815
/bbs/ToS/index.html,ToS,741
/bbs/Tech_Job/index.html,Tech_Job,727
/bbs/Boy-Girl/index.html,Boy-Girl,724
/bbs/WomenTalk/index.html,WomenTalk,686
/bbs/BabyMother/index.html,BabyMother,676
/bbs/KoreaStar/index.html,KoreaStar,583
/bbs/PC_Shopping/index.html,PC_Shopping,559
/bbs/creditcard/index.html,creditcard,549
/bbs/marvel/index.html,marvel,548
/bbs/e-shopping/index.html,e-shopping,510
/bbs/joke/index.html,joke,485
/bbs/Japan_Travel/index.html,Japan_Travel,456
/bbs/AllTogether/index.html,AllTogether,427
/bbs/PlayStation/index.html,PlayStation,386
/bbs/Tainan/index.html,Tainan,377
/bbs/SportLottery/index.html,SportLottery,372
/bbs/Kaohsiung/index.html,Kaohsiung,367
/bbs/KoreaDrama/index.html,KoreaDrama,354
/bbs/Steam/index.html,Steam,344
/bbs/marriage/index.html,marriage,332
/bbs/Tennis/index.html,Tennis,326
/bbs/MakeUp/index.html,MakeUp,325
/bbs/Hearthstone/index.html,Hearthstone,317
/bbs/japanavgirls/index.html,japanavgirls,303
/bbs/home-sale/index.html,home-sale,294
/bbs/FATE_GO/index.html,FATE_GO,286
/bbs/ONE_PIECE/index.html,ONE_PIECE,283
/bbs/KanColle/index.html,KanColle,278
/bbs/PokemonGO/index.html,PokemonGO,277
/bbs/TaichungBun/index.html,TaichungBun,262
/bbs/PCReDive/index.html,PCReDive,253
/bbs/EAseries/index.html,EAseries,245
/bbs/iOS/index.html,iOS,241
/bbs/StupidClown/index.html,StupidClown,239
/bbs/NSwitch/index.html,NSwitch,238
/bbs/Salary/index.html,Salary,209
/bbs/CFantasy/index.html,CFantasy,204
/bbs/BeautySalon/index.html,BeautySalon,194
/bbs/AC_In/index.html,AC_In,191
/bbs/BuyTogether/index.html,BuyTogether,186
/bbs/Elephants/index.html,Elephants,185
/bbs/NBA_Film/index.html,NBA_Film,184
/bbs/HardwareSale/index.html,HardwareSale,183
/bbs/CVS/index.html,CVS,176
/bbs/Japandrama/index.html,Japandrama,160
/bbs/MobilePay/index.html,MobilePay,157
/bbs/MuscleBeach/index.html,MuscleBeach,156
/bbs/Food/index.html,Food,153
/bbs/Hsinchu/index.html,Hsinchu,149
/bbs/basketballTW/index.html,basketballTW,148
/bbs/WOW/index.html,WOW,144
/bbs/PuzzleDragon/index.html,PuzzleDragon,143
/bbs/biker/index.html,biker,143
/bbs/Soft_Job/index.html,Soft_Job,139
/bbs/mobilesales/index.html,mobilesales,137
/bbs/MLB/index.html,MLB,135
/bbs/Aviation/index.html,Aviation,133
/bbs/MayDay/index.html,MayDay,131
/bbs/Palmar_Drama/index.html,Palmar_Drama,128
/bbs/Gamesale/index.html,Gamesale,126
/bbs/YuanChuang/index.html,YuanChuang,126
/bbs/China-Drama/index.html,China-Drama,125
/bbs/GBF/index.html,GBF,122
/bbs/cat/index.html,cat,121
/bbs/part-time/index.html,part-time,116
/bbs/KoreanPop/index.html,KoreanPop,113
/bbs/Examination/index.html,Examination,112
/bbs/GetMarry/index.html,GetMarry,112
/bbs/TaiwanDrama/index.html,TaiwanDrama,111
/bbs/forsale/index.html,forsale,111
/bbs/lesbian/index.html,lesbian,106
/bbs/Monkeys/index.html,Monkeys,104
/bbs/gay/index.html,gay,104
/bbs/CarShop/index.html,CarShop,102
/bbs/studyteacher/index.html,studyteacher,102
/bbs/Headphone/index.html,Headphone,102
/bbs/Finance/index.html,Finance,100
/bbs/TWICE/index.html,TWICE,100
/bbs/medstudent/index.html,medstudent,96
/bbs/DSLR/index.html,DSLR,95
/bbs/BTS/index.html,BTS,91
/bbs/DMM_GAMES/index.html,DMM_GAMES,91
/bbs/Military/index.html,Military,90
/bbs/Gov_owned/index.html,Gov_owned,81
/bbs/PublicServan/index.html,PublicServan,80
/bbs/Mobile-game/index.html,Mobile-game,78
/bbs/PathofExile/index.html,PathofExile,78
/bbs/feminine_sex/index.html,feminine_sex,78
/bbs/Wanted/index.html,Wanted,77
/bbs/watch/index.html,watch,77
/bbs/job/index.html,job,77
/bbs/IZONE/index.html,IZONE,76
/bbs/LGBT_SEX/index.html,LGBT_SEX,75
/bbs/tabletennis/index.html,tabletennis,75
/bbs/TW_Entertain/index.html,TW_Entertain,74
/bbs/give/index.html,give,73
/bbs/nb-shopping/index.html,nb-shopping,71
/bbs/fastfood/index.html,fastfood,71
/bbs/Key_Mou_Pad/index.html,Key_Mou_Pad,70
/bbs/MacShop/index.html,MacShop,70
/bbs/Drama-Ticket/index.html,Drama-Ticket,70
/bbs/hypermall/index.html,hypermall,69
/bbs/FITNESS/index.html,FITNESS,69
/bbs/SuperJunior/index.html,SuperJunior,68
/bbs/TypeMoon/index.html,TypeMoon,68
/bbs/HelpBuy/index.html,HelpBuy,67
/bbs/cookclub/index.html,cookclub,67
/bbs/Zastrology/index.html,Zastrology,67
/bbs/NY-Yankees/index.html,NY-Yankees,66
/bbs/RealmOfValor/index.html,RealmOfValor,66
/bbs/Brand/index.html,Brand,65
/bbs/Taoyuan/index.html,Taoyuan,65
/bbs/graduate/index.html,graduate,65
/bbs/DIABLO/index.html,DIABLO,65
