﻿/bbs/Gossiping/index.html,Gossiping,20024
/bbs/Baseball/index.html,Baseball,5256
/bbs/HatePolitics/index.html,HatePolitics,3445
/bbs/C_Chat/index.html,C_Chat,2918
/bbs/NBA/index.html,NBA,2829
/bbs/movie/index.html,movie,1501
/bbs/Stock/index.html,Stock,1428
/bbs/LoL/index.html,LoL,1168
/bbs/MobileComm/index.html,MobileComm,1104
/bbs/Lifeismoney/index.html,Lifeismoney,991
/bbs/sex/index.html,sex,932
/bbs/KR_Entertain/index.html,KR_Entertain,836
/bbs/car/index.html,car,805
/bbs/ToS/index.html,ToS,764
/bbs/Tech_Job/index.html,Tech_Job,754
/bbs/Beauty/index.html,Beauty,713
/bbs/WomenTalk/index.html,WomenTalk,707
/bbs/BabyMother/index.html,BabyMother,692
/bbs/Elephants/index.html,Elephants,655
/bbs/KoreaStar/index.html,KoreaStar,629
/bbs/Boy-Girl/index.html,Boy-Girl,629
/bbs/PC_Shopping/index.html,PC_Shopping,596
/bbs/marvel/index.html,marvel,543
/bbs/e-shopping/index.html,e-shopping,537
/bbs/Japan_Travel/index.html,Japan_Travel,497
/bbs/Kaohsiung/index.html,Kaohsiung,431
/bbs/marriage/index.html,marriage,430
/bbs/joke/index.html,joke,423
/bbs/StupidClown/index.html,StupidClown,402
/bbs/Hearthstone/index.html,Hearthstone,395
/bbs/creditcard/index.html,creditcard,394
/bbs/KoreaDrama/index.html,KoreaDrama,388
/bbs/PlayStation/index.html,PlayStation,377
/bbs/Steam/index.html,Steam,376
/bbs/AllTogether/index.html,AllTogether,374
/bbs/KanColle/index.html,KanColle,368
/bbs/MakeUp/index.html,MakeUp,367
/bbs/SportLottery/index.html,SportLottery,333
/bbs/Tainan/index.html,Tainan,326
/bbs/Guardians/index.html,Guardians,319
/bbs/Tennis/index.html,Tennis,313
/bbs/CFantasy/index.html,CFantasy,311
/bbs/Monkeys/index.html,Monkeys,310
/bbs/japanavgirls/index.html,japanavgirls,290
/bbs/home-sale/index.html,home-sale,285
/bbs/TaichungBun/index.html,TaichungBun,277
/bbs/FATE_GO/index.html,FATE_GO,271
/bbs/EAseries/index.html,EAseries,269
/bbs/NSwitch/index.html,NSwitch,248
/bbs/iOS/index.html,iOS,246
/bbs/ONE_PIECE/index.html,ONE_PIECE,235
/bbs/basketballTW/index.html,basketballTW,233
/bbs/HardwareSale/index.html,HardwareSale,224
/bbs/PCReDive/index.html,PCReDive,224
/bbs/BeautySalon/index.html,BeautySalon,220
/bbs/PokemonGO/index.html,PokemonGO,219
/bbs/Lions/index.html,Lions,218
/bbs/Japandrama/index.html,Japandrama,216
/bbs/BuyTogether/index.html,BuyTogether,205
/bbs/AC_In/index.html,AC_In,193
/bbs/studyteacher/index.html,studyteacher,192
/bbs/CVS/index.html,CVS,190
/bbs/Salary/index.html,Salary,186
/bbs/NBA_Film/index.html,NBA_Film,167
/bbs/Examination/index.html,Examination,162
/bbs/Food/index.html,Food,161
/bbs/PuzzleDragon/index.html,PuzzleDragon,154
/bbs/WOW/index.html,WOW,154
/bbs/TWICE/index.html,TWICE,152
/bbs/Hsinchu/index.html,Hsinchu,145
/bbs/YuanChuang/index.html,YuanChuang,144
/bbs/KoreanPop/index.html,KoreanPop,143
/bbs/biker/index.html,biker,141
/bbs/mobilesales/index.html,mobilesales,134
/bbs/Soft_Job/index.html,Soft_Job,134
/bbs/BTS/index.html,BTS,134
/bbs/MuscleBeach/index.html,MuscleBeach,131
/bbs/MayDay/index.html,MayDay,130
/bbs/Palmar_Drama/index.html,Palmar_Drama,125
/bbs/TaiwanDrama/index.html,TaiwanDrama,123
/bbs/Gamesale/index.html,Gamesale,121
/bbs/MLB/index.html,MLB,121
/bbs/MobilePay/index.html,MobilePay,120
/bbs/GBF/index.html,GBF,117
/bbs/MH/index.html,MH,115
/bbs/Aviation/index.html,Aviation,115
/bbs/GetMarry/index.html,GetMarry,115
/bbs/Headphone/index.html,Headphone,114
/bbs/China-Drama/index.html,China-Drama,113
/bbs/HelpBuy/index.html,HelpBuy,106
/bbs/cat/index.html,cat,102
/bbs/DSLR/index.html,DSLR,100
/bbs/IZONE/index.html,IZONE,100
/bbs/Wanted/index.html,Wanted,99
/bbs/part-time/index.html,part-time,99
/bbs/PublicServan/index.html,PublicServan,98
/bbs/FITNESS/index.html,FITNESS,98
/bbs/cookclub/index.html,cookclub,96
/bbs/AKB48/index.html,AKB48,95
/bbs/TypeMoon/index.html,TypeMoon,95
/bbs/Finance/index.html,Finance,92
/bbs/DMM_GAMES/index.html,DMM_GAMES,91
/bbs/CarShop/index.html,CarShop,90
/bbs/fastfood/index.html,fastfood,90
/bbs/Drama-Ticket/index.html,Drama-Ticket,83
/bbs/Military/index.html,Military,83
/bbs/Mobile-game/index.html,Mobile-game,82
/bbs/Nogizaka46/index.html,Nogizaka46,82
/bbs/medstudent/index.html,medstudent,82
/bbs/Gov_owned/index.html,Gov_owned,81
/bbs/StarCraft/index.html,StarCraft,80
/bbs/forsale/index.html,forsale,80
/bbs/Key_Mou_Pad/index.html,Key_Mou_Pad,79
/bbs/Brand/index.html,Brand,77
/bbs/give/index.html,give,76
/bbs/TW_Entertain/index.html,TW_Entertain,76
/bbs/DIABLO/index.html,DIABLO,75
/bbs/watch/index.html,watch,75
/bbs/DC_SALE/index.html,DC_SALE,74
/bbs/MacShop/index.html,MacShop,74
/bbs/Teacher/index.html,Teacher,74
/bbs/hypermall/index.html,hypermall,74
/bbs/nb-shopping/index.html,nb-shopping,72
/bbs/lesbian/index.html,lesbian,71
/bbs/gay/index.html,gay,71
/bbs/tabletennis/index.html,tabletennis,70
/bbs/Taoyuan/index.html,Taoyuan,67
/bbs/RealmOfValor/index.html,RealmOfValor,64
