﻿/bbs/Gossiping/index.html,Gossiping,17475
/bbs/Baseball/index.html,Baseball,6340
/bbs/C_Chat/index.html,C_Chat,2944
/bbs/HatePolitics/index.html,HatePolitics,2870
/bbs/NBA/index.html,NBA,2819
/bbs/movie/index.html,movie,1468
/bbs/Stock/index.html,Stock,1451
/bbs/MobileComm/index.html,MobileComm,1147
/bbs/sex/index.html,sex,1076
/bbs/Lifeismoney/index.html,Lifeismoney,1035
/bbs/LoL/index.html,LoL,939
/bbs/KR_Entertain/index.html,KR_Entertain,847
/bbs/car/index.html,car,821
/bbs/Tech_Job/index.html,Tech_Job,797
/bbs/Beauty/index.html,Beauty,750
/bbs/WomenTalk/index.html,WomenTalk,740
/bbs/ToS/index.html,ToS,717
/bbs/BabyMother/index.html,BabyMother,658
/bbs/PC_Shopping/index.html,PC_Shopping,648
/bbs/e-shopping/index.html,e-shopping,612
/bbs/Boy-Girl/index.html,Boy-Girl,592
/bbs/marvel/index.html,marvel,577
/bbs/KoreaStar/index.html,KoreaStar,576
/bbs/Japan_Travel/index.html,Japan_Travel,483
/bbs/marriage/index.html,marriage,435
/bbs/joke/index.html,joke,427
/bbs/KoreaDrama/index.html,KoreaDrama,422
/bbs/creditcard/index.html,creditcard,419
/bbs/PlayStation/index.html,PlayStation,403
/bbs/AllTogether/index.html,AllTogether,378
/bbs/KanColle/index.html,KanColle,377
/bbs/Steam/index.html,Steam,377
/bbs/SportLottery/index.html,SportLottery,368
/bbs/MakeUp/index.html,MakeUp,368
/bbs/Tainan/index.html,Tainan,340
/bbs/StupidClown/index.html,StupidClown,332
/bbs/Kaohsiung/index.html,Kaohsiung,326
/bbs/japanavgirls/index.html,japanavgirls,313
/bbs/home-sale/index.html,home-sale,311
/bbs/basketballTW/index.html,basketballTW,311
/bbs/CFantasy/index.html,CFantasy,301
/bbs/NSwitch/index.html,NSwitch,289
/bbs/EAseries/index.html,EAseries,283
/bbs/Hearthstone/index.html,Hearthstone,282
/bbs/ONE_PIECE/index.html,ONE_PIECE,264
/bbs/iOS/index.html,iOS,261
/bbs/FATE_GO/index.html,FATE_GO,256
/bbs/Elephants/index.html,Elephants,253
/bbs/TaichungBun/index.html,TaichungBun,242
/bbs/PCReDive/index.html,PCReDive,239
/bbs/Tennis/index.html,Tennis,230
/bbs/PokemonGO/index.html,PokemonGO,222
/bbs/Japandrama/index.html,Japandrama,214
/bbs/BeautySalon/index.html,BeautySalon,214
/bbs/HardwareSale/index.html,HardwareSale,207
/bbs/AC_In/index.html,AC_In,202
/bbs/BuyTogether/index.html,BuyTogether,194
/bbs/Salary/index.html,Salary,185
/bbs/studyteacher/index.html,studyteacher,182
/bbs/MuscleBeach/index.html,MuscleBeach,176
/bbs/CVS/index.html,CVS,173
/bbs/NBA_Film/index.html,NBA_Film,172
/bbs/Food/index.html,Food,156
/bbs/YuanChuang/index.html,YuanChuang,155
/bbs/Hsinchu/index.html,Hsinchu,154
/bbs/WOW/index.html,WOW,154
/bbs/TWICE/index.html,TWICE,152
/bbs/Examination/index.html,Examination,147
/bbs/PuzzleDragon/index.html,PuzzleDragon,140
/bbs/MobilePay/index.html,MobilePay,140
/bbs/MayDay/index.html,MayDay,140
/bbs/Soft_Job/index.html,Soft_Job,137
/bbs/Aviation/index.html,Aviation,137
/bbs/biker/index.html,biker,133
/bbs/BTS/index.html,BTS,127
/bbs/mobilesales/index.html,mobilesales,126
/bbs/Monkeys/index.html,Monkeys,123
/bbs/Palmar_Drama/index.html,Palmar_Drama,123
/bbs/TaiwanDrama/index.html,TaiwanDrama,122
/bbs/Headphone/index.html,Headphone,120
/bbs/MLB/index.html,MLB,120
/bbs/China-Drama/index.html,China-Drama,114
/bbs/GBF/index.html,GBF,113
/bbs/KoreanPop/index.html,KoreanPop,110
/bbs/Gamesale/index.html,Gamesale,109
/bbs/GetMarry/index.html,GetMarry,108
/bbs/cat/index.html,cat,106
/bbs/gay/index.html,gay,105
/bbs/Guardians/index.html,Guardians,104
/bbs/part-time/index.html,part-time,103
/bbs/Key_Mou_Pad/index.html,Key_Mou_Pad,101
/bbs/Gov_owned/index.html,Gov_owned,98
/bbs/MH/index.html,MH,96
/bbs/Drama-Ticket/index.html,Drama-Ticket,96
/bbs/medstudent/index.html,medstudent,96
/bbs/forsale/index.html,forsale,94
/bbs/AKB48/index.html,AKB48,93
/bbs/HelpBuy/index.html,HelpBuy,91
/bbs/cookclub/index.html,cookclub,91
/bbs/PublicServan/index.html,PublicServan,89
/bbs/DMM_GAMES/index.html,DMM_GAMES,88
/bbs/CarShop/index.html,CarShop,86
/bbs/Finance/index.html,Finance,84
/bbs/StarCraft/index.html,StarCraft,83
/bbs/Mobile-game/index.html,Mobile-game,82
/bbs/tabletennis/index.html,tabletennis,82
/bbs/nb-shopping/index.html,nb-shopping,80
/bbs/Wanted/index.html,Wanted,80
/bbs/Military/index.html,Military,79
/bbs/DSLR/index.html,DSLR,78
/bbs/fastfood/index.html,fastfood,78
/bbs/MacShop/index.html,MacShop,77
/bbs/give/index.html,give,76
/bbs/DIABLO/index.html,DIABLO,76
/bbs/Brand/index.html,Brand,74
/bbs/watch/index.html,watch,74
/bbs/hypermall/index.html,hypermall,73
/bbs/FITNESS/index.html,FITNESS,73
/bbs/IZONE/index.html,IZONE,72
/bbs/TW_Entertain/index.html,TW_Entertain,71
/bbs/graduate/index.html,graduate,70
/bbs/feminine_sex/index.html,feminine_sex,70
/bbs/lesbian/index.html,lesbian,70
/bbs/E-appliance/index.html,E-appliance,65
/bbs/PathofExile/index.html,PathofExile,65
/bbs/Lions/index.html,Lions,65
/bbs/Nogizaka46/index.html,Nogizaka46,64
/bbs/TypeMoon/index.html,TypeMoon,64
