﻿/bbs/Gossiping/index.html,Gossiping,11975
/bbs/NBA/index.html,NBA,3227
/bbs/C_Chat/index.html,C_Chat,2859
/bbs/Baseball/index.html,Baseball,1953
/bbs/sex/index.html,sex,1733
/bbs/Stock/index.html,Stock,1723
/bbs/movie/index.html,movie,1550
/bbs/HatePolitics/index.html,HatePolitics,1321
/bbs/MobileComm/index.html,MobileComm,1055
/bbs/LoL/index.html,LoL,958
/bbs/Lifeismoney/index.html,Lifeismoney,902
/bbs/Beauty/index.html,Beauty,846
/bbs/KR_Entertain/index.html,KR_Entertain,845
/bbs/Tech_Job/index.html,Tech_Job,809
/bbs/ToS/index.html,ToS,797
/bbs/Boy-Girl/index.html,Boy-Girl,778
/bbs/car/index.html,car,717
/bbs/Tennis/index.html,Tennis,687
/bbs/marvel/index.html,marvel,646
/bbs/BabyMother/index.html,BabyMother,634
/bbs/WomenTalk/index.html,WomenTalk,621
/bbs/joke/index.html,joke,576
/bbs/e-shopping/index.html,e-shopping,544
/bbs/PC_Shopping/index.html,PC_Shopping,538
/bbs/KoreaStar/index.html,KoreaStar,511
/bbs/AllTogether/index.html,AllTogether,473
/bbs/Kaohsiung/index.html,Kaohsiung,453
/bbs/FATE_GO/index.html,FATE_GO,445
/bbs/Tainan/index.html,Tainan,421
/bbs/PlayStation/index.html,PlayStation,412
/bbs/Japan_Travel/index.html,Japan_Travel,412
/bbs/KoreaDrama/index.html,KoreaDrama,407
/bbs/marriage/index.html,marriage,402
/bbs/creditcard/index.html,creditcard,373
/bbs/MakeUp/index.html,MakeUp,368
/bbs/Hearthstone/index.html,Hearthstone,358
/bbs/Steam/index.html,Steam,356
/bbs/KanColle/index.html,KanColle,340
/bbs/japanavgirls/index.html,japanavgirls,340
/bbs/SportLottery/index.html,SportLottery,337
/bbs/PCReDive/index.html,PCReDive,324
/bbs/ONE_PIECE/index.html,ONE_PIECE,324
/bbs/EAseries/index.html,EAseries,307
/bbs/CFantasy/index.html,CFantasy,300
/bbs/home-sale/index.html,home-sale,280
/bbs/NSwitch/index.html,NSwitch,266
/bbs/TaichungBun/index.html,TaichungBun,251
/bbs/BeautySalon/index.html,BeautySalon,236
/bbs/iOS/index.html,iOS,232
/bbs/Elephants/index.html,Elephants,231
/bbs/AC_In/index.html,AC_In,228
/bbs/StupidClown/index.html,StupidClown,225
/bbs/NBA_Film/index.html,NBA_Film,213
/bbs/CVS/index.html,CVS,207
/bbs/HardwareSale/index.html,HardwareSale,202
/bbs/PokemonGO/index.html,PokemonGO,201
/bbs/Salary/index.html,Salary,198
/bbs/Japandrama/index.html,Japandrama,187
/bbs/PuzzleDragon/index.html,PuzzleDragon,181
/bbs/YuanChuang/index.html,YuanChuang,175
/bbs/BuyTogether/index.html,BuyTogether,172
/bbs/TaiwanDrama/index.html,TaiwanDrama,172
/bbs/MuscleBeach/index.html,MuscleBeach,168
/bbs/biker/index.html,biker,166
/bbs/MayDay/index.html,MayDay,158
/bbs/Hsinchu/index.html,Hsinchu,157
/bbs/Palmar_Drama/index.html,Palmar_Drama,151
/bbs/WOW/index.html,WOW,147
/bbs/Option/index.html,Option,146
/bbs/Soft_Job/index.html,Soft_Job,142
/bbs/basketballTW/index.html,basketballTW,142
/bbs/MLB/index.html,MLB,142
/bbs/Headphone/index.html,Headphone,132
/bbs/part-time/index.html,part-time,131
/bbs/Aviation/index.html,Aviation,130
/bbs/KoreanPop/index.html,KoreanPop,127
/bbs/Food/index.html,Food,125
/bbs/cat/index.html,cat,124
/bbs/China-Drama/index.html,China-Drama,122
/bbs/TWICE/index.html,TWICE,121
/bbs/lesbian/index.html,lesbian,119
/bbs/Wanted/index.html,Wanted,117
/bbs/gay/index.html,gay,116
/bbs/LGBT_SEX/index.html,LGBT_SEX,115
/bbs/DSLR/index.html,DSLR,113
/bbs/mobilesales/index.html,mobilesales,112
/bbs/GetMarry/index.html,GetMarry,108
/bbs/Military/index.html,Military,106
/bbs/MobilePay/index.html,MobilePay,104
/bbs/Gamesale/index.html,Gamesale,100
/bbs/SuperJunior/index.html,SuperJunior,98
/bbs/feminine_sex/index.html,feminine_sex,96
/bbs/TW_Entertain/index.html,TW_Entertain,95
/bbs/Examination/index.html,Examination,91
/bbs/watch/index.html,watch,91
/bbs/Key_Mou_Pad/index.html,Key_Mou_Pad,90
/bbs/FTV/index.html,FTV,88
/bbs/Finance/index.html,Finance,87
/bbs/DMM_GAMES/index.html,DMM_GAMES,87
/bbs/Guardians/index.html,Guardians,87
/bbs/MH/index.html,MH,86
/bbs/CarShop/index.html,CarShop,86
/bbs/studyteacher/index.html,studyteacher,84
/bbs/cookclub/index.html,cookclub,84
/bbs/TypeMoon/index.html,TypeMoon,83
/bbs/Monkeys/index.html,Monkeys,83
/bbs/FITNESS/index.html,FITNESS,83
/bbs/AKB48/index.html,AKB48,81
/bbs/nb-shopping/index.html,nb-shopping,80
/bbs/BTS/index.html,BTS,80
/bbs/Mobile-game/index.html,Mobile-game,78
/bbs/forsale/index.html,forsale,77
/bbs/HelpBuy/index.html,HelpBuy,76
/bbs/graduate/index.html,graduate,74
/bbs/DIABLO/index.html,DIABLO,74
/bbs/job/index.html,job,74
/bbs/GBF/index.html,GBF,73
/bbs/Lions/index.html,Lions,72
/bbs/IdolMaster/index.html,IdolMaster,71
/bbs/MacShop/index.html,MacShop,71
/bbs/BB-Love/index.html,BB-Love,69
/bbs/Brand/index.html,Brand,68
/bbs/PublicServan/index.html,PublicServan,67
/bbs/IZONE/index.html,IZONE,67
/bbs/medstudent/index.html,medstudent,66
/bbs/SuperBike/index.html,SuperBike,65
/bbs/Nogizaka46/index.html,Nogizaka46,64
/bbs/points/index.html,points,64
