﻿/bbs/Gossiping/index.html,Gossiping,16964
/bbs/NBA/index.html,NBA,3934
/bbs/Baseball/index.html,Baseball,3452
/bbs/C_Chat/index.html,C_Chat,3078
/bbs/HatePolitics/index.html,HatePolitics,2072
/bbs/Stock/index.html,Stock,1602
/bbs/movie/index.html,movie,1392
/bbs/MobileComm/index.html,MobileComm,1196
/bbs/Lifeismoney/index.html,Lifeismoney,1033
/bbs/sex/index.html,sex,995
/bbs/LoL/index.html,LoL,949
/bbs/KR_Entertain/index.html,KR_Entertain,932
/bbs/car/index.html,car,886
/bbs/Beauty/index.html,Beauty,815
/bbs/Tech_Job/index.html,Tech_Job,798
/bbs/WomenTalk/index.html,WomenTalk,769
/bbs/ToS/index.html,ToS,757
/bbs/Boy-Girl/index.html,Boy-Girl,649
/bbs/BabyMother/index.html,BabyMother,617
/bbs/marvel/index.html,marvel,583
/bbs/PC_Shopping/index.html,PC_Shopping,566
/bbs/KoreaStar/index.html,KoreaStar,558
/bbs/joke/index.html,joke,523
/bbs/e-shopping/index.html,e-shopping,521
/bbs/creditcard/index.html,creditcard,465
/bbs/Japan_Travel/index.html,Japan_Travel,455
/bbs/marriage/index.html,marriage,435
/bbs/SportLottery/index.html,SportLottery,412
/bbs/PlayStation/index.html,PlayStation,401
/bbs/AllTogether/index.html,AllTogether,397
/bbs/Kaohsiung/index.html,Kaohsiung,364
/bbs/MakeUp/index.html,MakeUp,360
/bbs/KoreaDrama/index.html,KoreaDrama,350
/bbs/Steam/index.html,Steam,349
/bbs/StupidClown/index.html,StupidClown,344
/bbs/Tainan/index.html,Tainan,342
/bbs/japanavgirls/index.html,japanavgirls,334
/bbs/KanColle/index.html,KanColle,320
/bbs/Hearthstone/index.html,Hearthstone,290
/bbs/PokemonGO/index.html,PokemonGO,290
/bbs/EAseries/index.html,EAseries,287
/bbs/Tennis/index.html,Tennis,287
/bbs/home-sale/index.html,home-sale,282
/bbs/FATE_GO/index.html,FATE_GO,276
/bbs/CFantasy/index.html,CFantasy,270
/bbs/PCReDive/index.html,PCReDive,267
/bbs/NSwitch/index.html,NSwitch,262
/bbs/ONE_PIECE/index.html,ONE_PIECE,258
/bbs/TaichungBun/index.html,TaichungBun,251
/bbs/iOS/index.html,iOS,236
/bbs/HardwareSale/index.html,HardwareSale,226
/bbs/BeautySalon/index.html,BeautySalon,213
/bbs/Elephants/index.html,Elephants,205
/bbs/Salary/index.html,Salary,198
/bbs/BuyTogether/index.html,BuyTogether,192
/bbs/Examination/index.html,Examination,191
/bbs/basketballTW/index.html,basketballTW,180
/bbs/AC_In/index.html,AC_In,178
/bbs/CVS/index.html,CVS,174
/bbs/Japandrama/index.html,Japandrama,172
/bbs/MuscleBeach/index.html,MuscleBeach,167
/bbs/Drama-Ticket/index.html,Drama-Ticket,166
/bbs/studyteacher/index.html,studyteacher,163
/bbs/NBA_Film/index.html,NBA_Film,160
/bbs/WOW/index.html,WOW,155
/bbs/PuzzleDragon/index.html,PuzzleDragon,153
/bbs/YuanChuang/index.html,YuanChuang,143
/bbs/Monkeys/index.html,Monkeys,143
/bbs/Palmar_Drama/index.html,Palmar_Drama,140
/bbs/mobilesales/index.html,mobilesales,137
/bbs/cat/index.html,cat,136
/bbs/Hsinchu/index.html,Hsinchu,135
/bbs/biker/index.html,biker,135
/bbs/GBF/index.html,GBF,129
/bbs/MayDay/index.html,MayDay,126
/bbs/Food/index.html,Food,126
/bbs/Soft_Job/index.html,Soft_Job,125
/bbs/Headphone/index.html,Headphone,124
/bbs/Gamesale/index.html,Gamesale,122
/bbs/MLB/index.html,MLB,119
/bbs/China-Drama/index.html,China-Drama,117
/bbs/Aviation/index.html,Aviation,116
/bbs/MobilePay/index.html,MobilePay,115
/bbs/TaiwanDrama/index.html,TaiwanDrama,114
/bbs/part-time/index.html,part-time,114
/bbs/StarCraft/index.html,StarCraft,112
/bbs/TWICE/index.html,TWICE,110
/bbs/BTS/index.html,BTS,109
/bbs/KoreanPop/index.html,KoreanPop,107
/bbs/DMM_GAMES/index.html,DMM_GAMES,107
/bbs/CarShop/index.html,CarShop,106
/bbs/lesbian/index.html,lesbian,106
/bbs/GetMarry/index.html,GetMarry,105
/bbs/Finance/index.html,Finance,102
/bbs/DSLR/index.html,DSLR,96
/bbs/tabletennis/index.html,tabletennis,96
/bbs/medstudent/index.html,medstudent,94
/bbs/FITNESS/index.html,FITNESS,92
/bbs/Wanted/index.html,Wanted,91
/bbs/forsale/index.html,forsale,88
/bbs/gay/index.html,gay,83
/bbs/PublicServan/index.html,PublicServan,82
/bbs/MacShop/index.html,MacShop,82
/bbs/Gov_owned/index.html,Gov_owned,82
/bbs/TW_Entertain/index.html,TW_Entertain,82
/bbs/AKB48/index.html,AKB48,81
/bbs/fastfood/index.html,fastfood,79
/bbs/Military/index.html,Military,79
/bbs/graduate/index.html,graduate,78
/bbs/give/index.html,give,77
/bbs/Guardians/index.html,Guardians,76
/bbs/IZONE/index.html,IZONE,74
/bbs/watch/index.html,watch,74
/bbs/Mobile-game/index.html,Mobile-game,72
/bbs/Brand/index.html,Brand,72
/bbs/Taoyuan/index.html,Taoyuan,71
/bbs/nb-shopping/index.html,nb-shopping,70
/bbs/Key_Mou_Pad/index.html,Key_Mou_Pad,70
/bbs/DIABLO/index.html,DIABLO,70
/bbs/MH/index.html,MH,69
/bbs/SuperJunior/index.html,SuperJunior,69
/bbs/HelpBuy/index.html,HelpBuy,69
/bbs/PathofExile/index.html,PathofExile,68
/bbs/Option/index.html,Option,67
/bbs/RealmOfValor/index.html,RealmOfValor,67
/bbs/Railway/index.html,Railway,66
/bbs/LGBT_SEX/index.html,LGBT_SEX,66
/bbs/IdolMaster/index.html,IdolMaster,65
