﻿/bbs/Gossiping/index.html,Gossiping,7162
/bbs/NBA/index.html,NBA,1822
/bbs/C_Chat/index.html,C_Chat,1788
/bbs/Baseball/index.html,Baseball,1067
/bbs/Stock/index.html,Stock,1031
/bbs/sex/index.html,sex,920
/bbs/movie/index.html,movie,854
/bbs/HatePolitics/index.html,HatePolitics,810
/bbs/MobileComm/index.html,MobileComm,650
/bbs/LoL/index.html,LoL,637
/bbs/Lifeismoney/index.html,Lifeismoney,453
/bbs/Beauty/index.html,Beauty,451
/bbs/ToS/index.html,ToS,419
/bbs/Boy-Girl/index.html,Boy-Girl,409
/bbs/car/index.html,car,404
/bbs/marvel/index.html,marvel,402
/bbs/Tech_Job/index.html,Tech_Job,393
/bbs/PC_Shopping/index.html,PC_Shopping,357
/bbs/KR_Entertain/index.html,KR_Entertain,355
/bbs/joke/index.html,joke,351
/bbs/BabyMother/index.html,BabyMother,320
/bbs/WomenTalk/index.html,WomenTalk,305
/bbs/Tennis/index.html,Tennis,296
/bbs/PlayStation/index.html,PlayStation,278
/bbs/FATE_GO/index.html,FATE_GO,276
/bbs/KoreaStar/index.html,KoreaStar,246
/bbs/Steam/index.html,Steam,246
/bbs/e-shopping/index.html,e-shopping,241
/bbs/AllTogether/index.html,AllTogether,235
/bbs/Japan_Travel/index.html,Japan_Travel,234
/bbs/marriage/index.html,marriage,230
/bbs/creditcard/index.html,creditcard,226
/bbs/KanColle/index.html,KanColle,224
/bbs/Tainan/index.html,Tainan,218
/bbs/Kaohsiung/index.html,Kaohsiung,216
/bbs/SportLottery/index.html,SportLottery,211
/bbs/Hearthstone/index.html,Hearthstone,209
/bbs/japanavgirls/index.html,japanavgirls,199
/bbs/CFantasy/index.html,CFantasy,198
/bbs/PCReDive/index.html,PCReDive,193
/bbs/ONE_PIECE/index.html,ONE_PIECE,193
/bbs/NSwitch/index.html,NSwitch,173
/bbs/KoreaDrama/index.html,KoreaDrama,172
/bbs/EAseries/index.html,EAseries,171
/bbs/MakeUp/index.html,MakeUp,149
/bbs/AC_In/index.html,AC_In,148
/bbs/Elephants/index.html,Elephants,139
/bbs/HardwareSale/index.html,HardwareSale,137
/bbs/TaichungBun/index.html,TaichungBun,137
/bbs/NBA_Film/index.html,NBA_Film,129
/bbs/PokemonGO/index.html,PokemonGO,126
/bbs/home-sale/index.html,home-sale,125
/bbs/iOS/index.html,iOS,121
/bbs/WOW/index.html,WOW,117
/bbs/StupidClown/index.html,StupidClown,117
/bbs/Salary/index.html,Salary,113
/bbs/Japandrama/index.html,Japandrama,107
/bbs/PuzzleDragon/index.html,PuzzleDragon,104
/bbs/CVS/index.html,CVS,104
/bbs/BeautySalon/index.html,BeautySalon,97
/bbs/MuscleBeach/index.html,MuscleBeach,96
/bbs/BuyTogether/index.html,BuyTogether,95
/bbs/YuanChuang/index.html,YuanChuang,92
/bbs/biker/index.html,biker,92
/bbs/Option/index.html,Option,91
/bbs/Palmar_Drama/index.html,Palmar_Drama,90
/bbs/Headphone/index.html,Headphone,76
/bbs/Hsinchu/index.html,Hsinchu,75
/bbs/Soft_Job/index.html,Soft_Job,74
/bbs/Food/index.html,Food,74
/bbs/KoreanPop/index.html,KoreanPop,72
/bbs/Aviation/index.html,Aviation,71
/bbs/Wanted/index.html,Wanted,69
/bbs/part-time/index.html,part-time,69
/bbs/gay/index.html,gay,69
/bbs/MLB/index.html,MLB,69
/bbs/Gamesale/index.html,Gamesale,67
/bbs/basketballTW/index.html,basketballTW,67
/bbs/DSLR/index.html,DSLR,66
/bbs/Military/index.html,Military,64
/bbs/TaiwanDrama/index.html,TaiwanDrama,62
/bbs/DMM_GAMES/index.html,DMM_GAMES,62
/bbs/mobilesales/index.html,mobilesales,61
/bbs/China-Drama/index.html,China-Drama,61
/bbs/cat/index.html,cat,61
/bbs/Key_Mou_Pad/index.html,Key_Mou_Pad,60
/bbs/AKB48/index.html,AKB48,59
/bbs/TWICE/index.html,TWICE,59
/bbs/studyteacher/index.html,studyteacher,58
/bbs/TypeMoon/index.html,TypeMoon,52
/bbs/MobilePay/index.html,MobilePay,52
/bbs/feminine_sex/index.html,feminine_sex,52
/bbs/Mobile-game/index.html,Mobile-game,51
/bbs/GetMarry/index.html,GetMarry,51
/bbs/TW_Entertain/index.html,TW_Entertain,51
/bbs/lesbian/index.html,lesbian,49
/bbs/cookclub/index.html,cookclub,47
/bbs/Monkeys/index.html,Monkeys,46
/bbs/watch/index.html,watch,46
/bbs/IdolMaster/index.html,IdolMaster,45
/bbs/Guardians/index.html,Guardians,45
/bbs/MayDay/index.html,MayDay,44
/bbs/job/index.html,job,44
/bbs/MH/index.html,MH,43
/bbs/ClashRoyale/index.html,ClashRoyale,42
/bbs/nb-shopping/index.html,nb-shopping,42
/bbs/graduate/index.html,graduate,42
/bbs/DIABLO/index.html,DIABLO,42
/bbs/PublicServan/index.html,PublicServan,41
/bbs/HelpBuy/index.html,HelpBuy,41
/bbs/LGBT_SEX/index.html,LGBT_SEX,41
/bbs/FITNESS/index.html,FITNESS,41
/bbs/forsale/index.html,forsale,41
/bbs/CarShop/index.html,CarShop,40
/bbs/Lions/index.html,Lions,40
/bbs/GBF/index.html,GBF,40
/bbs/medstudent/index.html,medstudent,39
/bbs/BTS/index.html,BTS,39
/bbs/Examination/index.html,Examination,39
/bbs/IZONE/index.html,IZONE,38
/bbs/Gov_owned/index.html,Gov_owned,38
/bbs/AzurLane/index.html,AzurLane,36
/bbs/SuperJunior/index.html,SuperJunior,36
/bbs/FTV/index.html,FTV,36
/bbs/hypermall/index.html,hypermall,36
/bbs/Bank_Service/index.html,Bank_Service,36
/bbs/OverWatch/index.html,OverWatch,35
/bbs/RealmOfValor/index.html,RealmOfValor,35
