﻿/bbs/Gossiping/index.html,Gossiping,18314
/bbs/Baseball/index.html,Baseball,5562
/bbs/NBA/index.html,NBA,3197
/bbs/C_Chat/index.html,C_Chat,3007
/bbs/HatePolitics/index.html,HatePolitics,2722
/bbs/Stock/index.html,Stock,1479
/bbs/movie/index.html,movie,1410
/bbs/MobileComm/index.html,MobileComm,1129
/bbs/sex/index.html,sex,1064
/bbs/Lifeismoney/index.html,Lifeismoney,1057
/bbs/KR_Entertain/index.html,KR_Entertain,920
/bbs/LoL/index.html,LoL,855
/bbs/car/index.html,car,795
/bbs/ToS/index.html,ToS,746
/bbs/Tech_Job/index.html,Tech_Job,739
/bbs/Beauty/index.html,Beauty,730
/bbs/WomenTalk/index.html,WomenTalk,729
/bbs/BabyMother/index.html,BabyMother,667
/bbs/PC_Shopping/index.html,PC_Shopping,616
/bbs/Boy-Girl/index.html,Boy-Girl,599
/bbs/KoreaStar/index.html,KoreaStar,597
/bbs/e-shopping/index.html,e-shopping,559
/bbs/marvel/index.html,marvel,552
/bbs/Japan_Travel/index.html,Japan_Travel,465
/bbs/SportLottery/index.html,SportLottery,448
/bbs/joke/index.html,joke,447
/bbs/marriage/index.html,marriage,433
/bbs/creditcard/index.html,creditcard,433
/bbs/PlayStation/index.html,PlayStation,410
/bbs/basketballTW/index.html,basketballTW,398
/bbs/AllTogether/index.html,AllTogether,396
/bbs/KoreaDrama/index.html,KoreaDrama,373
/bbs/StupidClown/index.html,StupidClown,370
/bbs/MakeUp/index.html,MakeUp,369
/bbs/Kaohsiung/index.html,Kaohsiung,359
/bbs/KanColle/index.html,KanColle,347
/bbs/Steam/index.html,Steam,333
/bbs/japanavgirls/index.html,japanavgirls,329
/bbs/Tainan/index.html,Tainan,322
/bbs/Hearthstone/index.html,Hearthstone,318
/bbs/home-sale/index.html,home-sale,305
/bbs/EAseries/index.html,EAseries,280
/bbs/CFantasy/index.html,CFantasy,278
/bbs/FATE_GO/index.html,FATE_GO,267
/bbs/TaichungBun/index.html,TaichungBun,263
/bbs/NSwitch/index.html,NSwitch,258
/bbs/Tennis/index.html,Tennis,257
/bbs/ONE_PIECE/index.html,ONE_PIECE,256
/bbs/PokemonGO/index.html,PokemonGO,244
/bbs/iOS/index.html,iOS,243
/bbs/PCReDive/index.html,PCReDive,226
/bbs/Japandrama/index.html,Japandrama,221
/bbs/HardwareSale/index.html,HardwareSale,206
/bbs/BeautySalon/index.html,BeautySalon,196
/bbs/BuyTogether/index.html,BuyTogether,195
/bbs/NBA_Film/index.html,NBA_Film,188
/bbs/CVS/index.html,CVS,187
/bbs/Elephants/index.html,Elephants,187
/bbs/AC_In/index.html,AC_In,179
/bbs/MuscleBeach/index.html,MuscleBeach,172
/bbs/Monkeys/index.html,Monkeys,168
/bbs/studyteacher/index.html,studyteacher,164
/bbs/PuzzleDragon/index.html,PuzzleDragon,155
/bbs/Examination/index.html,Examination,145
/bbs/biker/index.html,biker,142
/bbs/WOW/index.html,WOW,141
/bbs/mobilesales/index.html,mobilesales,140
/bbs/Hsinchu/index.html,Hsinchu,139
/bbs/Aviation/index.html,Aviation,138
/bbs/TaiwanDrama/index.html,TaiwanDrama,138
/bbs/Salary/index.html,Salary,136
/bbs/YuanChuang/index.html,YuanChuang,134
/bbs/China-Drama/index.html,China-Drama,134
/bbs/Food/index.html,Food,134
/bbs/MayDay/index.html,MayDay,131
/bbs/MobilePay/index.html,MobilePay,129
/bbs/Headphone/index.html,Headphone,127
/bbs/Drama-Ticket/index.html,Drama-Ticket,127
/bbs/Palmar_Drama/index.html,Palmar_Drama,125
/bbs/tabletennis/index.html,tabletennis,125
/bbs/GBF/index.html,GBF,119
/bbs/BTS/index.html,BTS,116
/bbs/Soft_Job/index.html,Soft_Job,114
/bbs/Gamesale/index.html,Gamesale,112
/bbs/TWICE/index.html,TWICE,111
/bbs/KoreanPop/index.html,KoreanPop,107
/bbs/medstudent/index.html,medstudent,107
/bbs/Wanted/index.html,Wanted,104
/bbs/cat/index.html,cat,103
/bbs/gay/index.html,gay,102
/bbs/StarCraft/index.html,StarCraft,99
/bbs/GetMarry/index.html,GetMarry,98
/bbs/part-time/index.html,part-time,97
/bbs/DMM_GAMES/index.html,DMM_GAMES,97
/bbs/DSLR/index.html,DSLR,96
/bbs/CarShop/index.html,CarShop,94
/bbs/nb-shopping/index.html,nb-shopping,94
/bbs/MLB/index.html,MLB,93
/bbs/forsale/index.html,forsale,93
/bbs/PathofExile/index.html,PathofExile,91
/bbs/Finance/index.html,Finance,89
/bbs/Key_Mou_Pad/index.html,Key_Mou_Pad,89
/bbs/HelpBuy/index.html,HelpBuy,89
/bbs/fastfood/index.html,fastfood,89
/bbs/PublicServan/index.html,PublicServan,87
/bbs/MacShop/index.html,MacShop,85
/bbs/FITNESS/index.html,FITNESS,85
/bbs/SuperJunior/index.html,SuperJunior,83
/bbs/Mobile-game/index.html,Mobile-game,82
/bbs/Military/index.html,Military,82
/bbs/watch/index.html,watch,81
/bbs/lesbian/index.html,lesbian,81
/bbs/TW_Entertain/index.html,TW_Entertain,79
/bbs/AKB48/index.html,AKB48,77
/bbs/graduate/index.html,graduate,77
/bbs/DIABLO/index.html,DIABLO,76
/bbs/IZONE/index.html,IZONE,75
/bbs/TypeMoon/index.html,TypeMoon,74
/bbs/Brand/index.html,Brand,74
/bbs/E-appliance/index.html,E-appliance,70
/bbs/Gov_owned/index.html,Gov_owned,69
/bbs/Lakers/index.html,Lakers,68
/bbs/hypermall/index.html,hypermall,66
/bbs/feminine_sex/index.html,feminine_sex,66
/bbs/Guardians/index.html,Guardians,66
/bbs/Nogizaka46/index.html,Nogizaka46,64
/bbs/LGBT_SEX/index.html,LGBT_SEX,63
/bbs/ChangHua/index.html,ChangHua,61
