﻿/bbs/Gossiping/index.html,Gossiping,14450
/bbs/NBA/index.html,NBA,3765
/bbs/C_Chat/index.html,C_Chat,2780
/bbs/Baseball/index.html,Baseball,2196
/bbs/Stock/index.html,Stock,1743
/bbs/HatePolitics/index.html,HatePolitics,1481
/bbs/sex/index.html,sex,1365
/bbs/movie/index.html,movie,1190
/bbs/MobileComm/index.html,MobileComm,1091
/bbs/Beauty/index.html,Beauty,1003
/bbs/car/index.html,car,946
/bbs/Lifeismoney/index.html,Lifeismoney,918
/bbs/KR_Entertain/index.html,KR_Entertain,825
/bbs/Tech_Job/index.html,Tech_Job,775
/bbs/LoL/index.html,LoL,733
/bbs/ToS/index.html,ToS,732
/bbs/Boy-Girl/index.html,Boy-Girl,716
/bbs/BabyMother/index.html,BabyMother,676
/bbs/creditcard/index.html,creditcard,628
/bbs/WomenTalk/index.html,WomenTalk,607
/bbs/e-shopping/index.html,e-shopping,540
/bbs/KoreaStar/index.html,KoreaStar,532
/bbs/PC_Shopping/index.html,PC_Shopping,528
/bbs/joke/index.html,joke,515
/bbs/marvel/index.html,marvel,513
/bbs/Japan_Travel/index.html,Japan_Travel,485
/bbs/AllTogether/index.html,AllTogether,451
/bbs/PlayStation/index.html,PlayStation,385
/bbs/Kaohsiung/index.html,Kaohsiung,385
/bbs/Tainan/index.html,Tainan,347
/bbs/MakeUp/index.html,MakeUp,339
/bbs/japanavgirls/index.html,japanavgirls,339
/bbs/Steam/index.html,Steam,339
/bbs/marriage/index.html,marriage,337
/bbs/Tennis/index.html,Tennis,337
/bbs/KoreaDrama/index.html,KoreaDrama,318
/bbs/home-sale/index.html,home-sale,306
/bbs/Hearthstone/index.html,Hearthstone,297
/bbs/FATE_GO/index.html,FATE_GO,296
/bbs/ONE_PIECE/index.html,ONE_PIECE,294
/bbs/KanColle/index.html,KanColle,287
/bbs/SportLottery/index.html,SportLottery,274
/bbs/PokemonGO/index.html,PokemonGO,270
/bbs/PCReDive/index.html,PCReDive,251
/bbs/TaichungBun/index.html,TaichungBun,238
/bbs/iOS/index.html,iOS,236
/bbs/NSwitch/index.html,NSwitch,226
/bbs/EAseries/index.html,EAseries,221
/bbs/StupidClown/index.html,StupidClown,219
/bbs/CFantasy/index.html,CFantasy,211
/bbs/Elephants/index.html,Elephants,202
/bbs/Salary/index.html,Salary,201
/bbs/BeautySalon/index.html,BeautySalon,196
/bbs/AC_In/index.html,AC_In,191
/bbs/NBA_Film/index.html,NBA_Film,189
/bbs/HardwareSale/index.html,HardwareSale,179
/bbs/BuyTogether/index.html,BuyTogether,179
/bbs/CVS/index.html,CVS,178
/bbs/MobilePay/index.html,MobilePay,165
/bbs/Japandrama/index.html,Japandrama,165
/bbs/MuscleBeach/index.html,MuscleBeach,145
/bbs/PuzzleDragon/index.html,PuzzleDragon,143
/bbs/basketballTW/index.html,basketballTW,140
/bbs/mobilesales/index.html,mobilesales,139
/bbs/WOW/index.html,WOW,138
/bbs/Hsinchu/index.html,Hsinchu,136
/bbs/Soft_Job/index.html,Soft_Job,134
/bbs/Aviation/index.html,Aviation,124
/bbs/biker/index.html,biker,124
/bbs/MLB/index.html,MLB,124
/bbs/YuanChuang/index.html,YuanChuang,123
/bbs/Palmar_Drama/index.html,Palmar_Drama,119
/bbs/Food/index.html,Food,119
/bbs/Gamesale/index.html,Gamesale,117
/bbs/KoreanPop/index.html,KoreanPop,117
/bbs/studyteacher/index.html,studyteacher,115
/bbs/MayDay/index.html,MayDay,115
/bbs/TWICE/index.html,TWICE,110
/bbs/Headphone/index.html,Headphone,106
/bbs/Examination/index.html,Examination,106
/bbs/part-time/index.html,part-time,104
/bbs/GetMarry/index.html,GetMarry,103
/bbs/TaiwanDrama/index.html,TaiwanDrama,101
/bbs/China-Drama/index.html,China-Drama,100
/bbs/cat/index.html,cat,98
/bbs/DSLR/index.html,DSLR,95
/bbs/CarShop/index.html,CarShop,95
/bbs/forsale/index.html,forsale,95
/bbs/Monkeys/index.html,Monkeys,93
/bbs/IZONE/index.html,IZONE,91
/bbs/Finance/index.html,Finance,90
/bbs/gay/index.html,gay,90
/bbs/medstudent/index.html,medstudent,89
/bbs/Military/index.html,Military,87
/bbs/tabletennis/index.html,tabletennis,86
/bbs/GBF/index.html,GBF,85
/bbs/NY-Yankees/index.html,NY-Yankees,84
/bbs/DMM_GAMES/index.html,DMM_GAMES,84
/bbs/watch/index.html,watch,84
/bbs/lesbian/index.html,lesbian,83
/bbs/Gov_owned/index.html,Gov_owned,81
/bbs/FITNESS/index.html,FITNESS,81
/bbs/LGBT_SEX/index.html,LGBT_SEX,80
/bbs/BTS/index.html,BTS,79
/bbs/feminine_sex/index.html,feminine_sex,78
/bbs/Mobile-game/index.html,Mobile-game,77
/bbs/MacShop/index.html,MacShop,77
/bbs/RealmOfValor/index.html,RealmOfValor,76
/bbs/SuperJunior/index.html,SuperJunior,75
/bbs/TypeMoon/index.html,TypeMoon,74
/bbs/HelpBuy/index.html,HelpBuy,74
/bbs/job/index.html,job,74
/bbs/PublicServan/index.html,PublicServan,73
/bbs/Guardians/index.html,Guardians,70
/bbs/Wanted/index.html,Wanted,68
/bbs/graduate/index.html,graduate,68
/bbs/nb-shopping/index.html,nb-shopping,67
/bbs/Key_Mou_Pad/index.html,Key_Mou_Pad,67
/bbs/give/index.html,give,66
/bbs/Lions/index.html,Lions,66
/bbs/BB-Love/index.html,BB-Love,64
/bbs/Brand/index.html,Brand,63
/bbs/IdolMaster/index.html,IdolMaster,62
/bbs/Option/index.html,Option,62
/bbs/hypermall/index.html,hypermall,62
/bbs/cookclub/index.html,cookclub,62
/bbs/AKB48/index.html,AKB48,61
/bbs/DIABLO/index.html,DIABLO,61
