﻿/bbs/Gossiping/index.html,Gossiping,20046
/bbs/Baseball/index.html,Baseball,5273
/bbs/HatePolitics/index.html,HatePolitics,3721
/bbs/C_Chat/index.html,C_Chat,2945
/bbs/NBA/index.html,NBA,2861
/bbs/movie/index.html,movie,1510
/bbs/Stock/index.html,Stock,1448
/bbs/LoL/index.html,LoL,1132
/bbs/MobileComm/index.html,MobileComm,1083
/bbs/Lifeismoney/index.html,Lifeismoney,1053
/bbs/sex/index.html,sex,1004
/bbs/KR_Entertain/index.html,KR_Entertain,867
/bbs/Tech_Job/index.html,Tech_Job,781
/bbs/car/index.html,car,773
/bbs/ToS/index.html,ToS,766
/bbs/Elephants/index.html,Elephants,747
/bbs/WomenTalk/index.html,WomenTalk,731
/bbs/Beauty/index.html,Beauty,716
/bbs/KoreaStar/index.html,KoreaStar,678
/bbs/Boy-Girl/index.html,Boy-Girl,647
/bbs/BabyMother/index.html,BabyMother,621
/bbs/PC_Shopping/index.html,PC_Shopping,583
/bbs/e-shopping/index.html,e-shopping,553
/bbs/marvel/index.html,marvel,533
/bbs/Japan_Travel/index.html,Japan_Travel,483
/bbs/marriage/index.html,marriage,466
/bbs/Kaohsiung/index.html,Kaohsiung,446
/bbs/joke/index.html,joke,418
/bbs/KoreaDrama/index.html,KoreaDrama,409
/bbs/Guardians/index.html,Guardians,406
/bbs/Hearthstone/index.html,Hearthstone,403
/bbs/StupidClown/index.html,StupidClown,401
/bbs/creditcard/index.html,creditcard,393
/bbs/PlayStation/index.html,PlayStation,387
/bbs/KanColle/index.html,KanColle,365
/bbs/AllTogether/index.html,AllTogether,364
/bbs/MakeUp/index.html,MakeUp,356
/bbs/Steam/index.html,Steam,350
/bbs/Tennis/index.html,Tennis,336
/bbs/SportLottery/index.html,SportLottery,333
/bbs/Tainan/index.html,Tainan,327
/bbs/Monkeys/index.html,Monkeys,299
/bbs/japanavgirls/index.html,japanavgirls,283
/bbs/CFantasy/index.html,CFantasy,281
/bbs/home-sale/index.html,home-sale,280
/bbs/EAseries/index.html,EAseries,276
/bbs/TaichungBun/index.html,TaichungBun,267
/bbs/FATE_GO/index.html,FATE_GO,258
/bbs/NSwitch/index.html,NSwitch,254
/bbs/iOS/index.html,iOS,248
/bbs/PokemonGO/index.html,PokemonGO,232
/bbs/HardwareSale/index.html,HardwareSale,225
/bbs/BeautySalon/index.html,BeautySalon,222
/bbs/ONE_PIECE/index.html,ONE_PIECE,220
/bbs/PCReDive/index.html,PCReDive,219
/bbs/Japandrama/index.html,Japandrama,219
/bbs/studyteacher/index.html,studyteacher,214
/bbs/basketballTW/index.html,basketballTW,207
/bbs/BuyTogether/index.html,BuyTogether,203
/bbs/AC_In/index.html,AC_In,201
/bbs/Lions/index.html,Lions,191
/bbs/Salary/index.html,Salary,187
/bbs/Food/index.html,Food,168
/bbs/PuzzleDragon/index.html,PuzzleDragon,166
/bbs/CVS/index.html,CVS,158
/bbs/Hsinchu/index.html,Hsinchu,157
/bbs/TWICE/index.html,TWICE,157
/bbs/KoreanPop/index.html,KoreanPop,156
/bbs/NBA_Film/index.html,NBA_Film,156
/bbs/biker/index.html,biker,150
/bbs/WOW/index.html,WOW,147
/bbs/Examination/index.html,Examination,146
/bbs/mobilesales/index.html,mobilesales,140
/bbs/YuanChuang/index.html,YuanChuang,136
/bbs/Palmar_Drama/index.html,Palmar_Drama,136
/bbs/Soft_Job/index.html,Soft_Job,131
/bbs/MuscleBeach/index.html,MuscleBeach,129
/bbs/GetMarry/index.html,GetMarry,127
/bbs/Gamesale/index.html,Gamesale,125
/bbs/MayDay/index.html,MayDay,123
/bbs/Aviation/index.html,Aviation,122
/bbs/BTS/index.html,BTS,121
/bbs/MLB/index.html,MLB,120
/bbs/MobilePay/index.html,MobilePay,119
/bbs/TaiwanDrama/index.html,TaiwanDrama,118
/bbs/MH/index.html,MH,117
/bbs/GBF/index.html,GBF,116
/bbs/cookclub/index.html,cookclub,115
/bbs/China-Drama/index.html,China-Drama,114
/bbs/cat/index.html,cat,114
/bbs/Headphone/index.html,Headphone,113
/bbs/Finance/index.html,Finance,112
/bbs/IZONE/index.html,IZONE,108
/bbs/part-time/index.html,part-time,102
/bbs/HelpBuy/index.html,HelpBuy,100
/bbs/Nogizaka46/index.html,Nogizaka46,95
/bbs/PublicServan/index.html,PublicServan,94
/bbs/forsale/index.html,forsale,93
/bbs/AKB48/index.html,AKB48,92
/bbs/Wanted/index.html,Wanted,92
/bbs/CarShop/index.html,CarShop,91
/bbs/TypeMoon/index.html,TypeMoon,90
/bbs/DMM_GAMES/index.html,DMM_GAMES,90
/bbs/DSLR/index.html,DSLR,89
/bbs/Key_Mou_Pad/index.html,Key_Mou_Pad,89
/bbs/Drama-Ticket/index.html,Drama-Ticket,89
/bbs/medstudent/index.html,medstudent,88
/bbs/fastfood/index.html,fastfood,87
/bbs/FITNESS/index.html,FITNESS,86
/bbs/gay/index.html,gay,84
/bbs/watch/index.html,watch,81
/bbs/TW_Entertain/index.html,TW_Entertain,81
/bbs/Gov_owned/index.html,Gov_owned,79
/bbs/StarCraft/index.html,StarCraft,79
/bbs/MacShop/index.html,MacShop,76
/bbs/hypermall/index.html,hypermall,76
/bbs/DC_SALE/index.html,DC_SALE,75
/bbs/Military/index.html,Military,75
/bbs/Mobile-game/index.html,Mobile-game,74
/bbs/nb-shopping/index.html,nb-shopping,74
/bbs/tabletennis/index.html,tabletennis,72
/bbs/give/index.html,give,71
/bbs/E-appliance/index.html,E-appliance,71
/bbs/Brand/index.html,Brand,69
/bbs/Teacher/index.html,Teacher,67
/bbs/DIABLO/index.html,DIABLO,66
/bbs/lesbian/index.html,lesbian,66
/bbs/LGBT_SEX/index.html,LGBT_SEX,64
