﻿/bbs/Gossiping/index.html,Gossiping,7884
/bbs/NBA/index.html,NBA,2017
/bbs/C_Chat/index.html,C_Chat,1985
/bbs/Baseball/index.html,Baseball,1191
/bbs/Stock/index.html,Stock,1101
/bbs/sex/index.html,sex,1024
/bbs/movie/index.html,movie,971
/bbs/HatePolitics/index.html,HatePolitics,889
/bbs/MobileComm/index.html,MobileComm,706
/bbs/LoL/index.html,LoL,693
/bbs/Lifeismoney/index.html,Lifeismoney,517
/bbs/Beauty/index.html,Beauty,517
/bbs/ToS/index.html,ToS,511
/bbs/car/index.html,car,463
/bbs/marvel/index.html,marvel,460
/bbs/Tech_Job/index.html,Tech_Job,449
/bbs/Boy-Girl/index.html,Boy-Girl,445
/bbs/joke/index.html,joke,413
/bbs/PC_Shopping/index.html,PC_Shopping,412
/bbs/KR_Entertain/index.html,KR_Entertain,411
/bbs/BabyMother/index.html,BabyMother,373
/bbs/WomenTalk/index.html,WomenTalk,371
/bbs/Tennis/index.html,Tennis,355
/bbs/FATE_GO/index.html,FATE_GO,309
/bbs/PlayStation/index.html,PlayStation,299
/bbs/AllTogether/index.html,AllTogether,281
/bbs/e-shopping/index.html,e-shopping,279
/bbs/KoreaStar/index.html,KoreaStar,274
/bbs/Steam/index.html,Steam,271
/bbs/Japan_Travel/index.html,Japan_Travel,258
/bbs/japanavgirls/index.html,japanavgirls,252
/bbs/KanColle/index.html,KanColle,243
/bbs/Hearthstone/index.html,Hearthstone,240
/bbs/Tainan/index.html,Tainan,238
/bbs/creditcard/index.html,creditcard,238
/bbs/marriage/index.html,marriage,237
/bbs/Kaohsiung/index.html,Kaohsiung,236
/bbs/SportLottery/index.html,SportLottery,232
/bbs/PCReDive/index.html,PCReDive,218
/bbs/ONE_PIECE/index.html,ONE_PIECE,214
/bbs/KoreaDrama/index.html,KoreaDrama,208
/bbs/EAseries/index.html,EAseries,205
/bbs/CFantasy/index.html,CFantasy,201
/bbs/MakeUp/index.html,MakeUp,187
/bbs/NSwitch/index.html,NSwitch,185
/bbs/AC_In/index.html,AC_In,163
/bbs/TaichungBun/index.html,TaichungBun,162
/bbs/iOS/index.html,iOS,156
/bbs/HardwareSale/index.html,HardwareSale,148
/bbs/Elephants/index.html,Elephants,147
/bbs/home-sale/index.html,home-sale,142
/bbs/NBA_Film/index.html,NBA_Film,141
/bbs/PokemonGO/index.html,PokemonGO,133
/bbs/BeautySalon/index.html,BeautySalon,129
/bbs/CVS/index.html,CVS,128
/bbs/Salary/index.html,Salary,126
/bbs/StupidClown/index.html,StupidClown,124
/bbs/WOW/index.html,WOW,120
/bbs/PuzzleDragon/index.html,PuzzleDragon,116
/bbs/Japandrama/index.html,Japandrama,114
/bbs/biker/index.html,biker,111
/bbs/BuyTogether/index.html,BuyTogether,108
/bbs/YuanChuang/index.html,YuanChuang,99
/bbs/Option/index.html,Option,99
/bbs/MuscleBeach/index.html,MuscleBeach,99
/bbs/Palmar_Drama/index.html,Palmar_Drama,97
/bbs/Wanted/index.html,Wanted,93
/bbs/part-time/index.html,part-time,82
/bbs/Headphone/index.html,Headphone,81
/bbs/MLB/index.html,MLB,81
/bbs/Hsinchu/index.html,Hsinchu,80
/bbs/Food/index.html,Food,80
/bbs/gay/index.html,gay,79
/bbs/Soft_Job/index.html,Soft_Job,78
/bbs/TaiwanDrama/index.html,TaiwanDrama,77
/bbs/KoreanPop/index.html,KoreanPop,76
/bbs/Aviation/index.html,Aviation,76
/bbs/DSLR/index.html,DSLR,74
/bbs/China-Drama/index.html,China-Drama,73
/bbs/Gamesale/index.html,Gamesale,72
/bbs/Military/index.html,Military,72
/bbs/mobilesales/index.html,mobilesales,70
/bbs/basketballTW/index.html,basketballTW,70
/bbs/cat/index.html,cat,68
/bbs/Key_Mou_Pad/index.html,Key_Mou_Pad,66
/bbs/MobilePay/index.html,MobilePay,66
/bbs/TWICE/index.html,TWICE,66
/bbs/GetMarry/index.html,GetMarry,64
/bbs/MayDay/index.html,MayDay,64
/bbs/Mobile-game/index.html,Mobile-game,63
/bbs/DMM_GAMES/index.html,DMM_GAMES,63
/bbs/feminine_sex/index.html,feminine_sex,60
/bbs/lesbian/index.html,lesbian,59
/bbs/AKB48/index.html,AKB48,58
/bbs/LGBT_SEX/index.html,LGBT_SEX,58
/bbs/studyteacher/index.html,studyteacher,56
/bbs/TW_Entertain/index.html,TW_Entertain,56
/bbs/nb-shopping/index.html,nb-shopping,53
/bbs/TypeMoon/index.html,TypeMoon,53
/bbs/cookclub/index.html,cookclub,52
/bbs/MH/index.html,MH,51
/bbs/SuperJunior/index.html,SuperJunior,50
/bbs/graduate/index.html,graduate,50
/bbs/Monkeys/index.html,Monkeys,50
/bbs/SuperBike/index.html,SuperBike,50
/bbs/GBF/index.html,GBF,50
/bbs/forsale/index.html,forsale,50
/bbs/watch/index.html,watch,49
/bbs/HelpBuy/index.html,HelpBuy,48
/bbs/IZONE/index.html,IZONE,48
/bbs/IdolMaster/index.html,IdolMaster,47
/bbs/Examination/index.html,Examination,47
/bbs/DIABLO/index.html,DIABLO,47
/bbs/job/index.html,job,47
/bbs/medstudent/index.html,medstudent,46
/bbs/BTS/index.html,BTS,46
/bbs/FITNESS/index.html,FITNESS,46
/bbs/CarShop/index.html,CarShop,44
/bbs/PathofExile/index.html,PathofExile,44
/bbs/Lions/index.html,Lions,44
/bbs/ClashRoyale/index.html,ClashRoyale,43
/bbs/Guardians/index.html,Guardians,43
/bbs/BB-Love/index.html,BB-Love,42
/bbs/facelift/index.html,facelift,41
/bbs/Gov_owned/index.html,Gov_owned,39
/bbs/studyabroad/index.html,studyabroad,39
/bbs/PublicServan/index.html,PublicServan,38
/bbs/points/index.html,points,38
