﻿/bbs/Gossiping/index.html,Gossiping,17662
/bbs/NBA/index.html,NBA,4133
/bbs/C_Chat/index.html,C_Chat,3175
/bbs/Baseball/index.html,Baseball,3033
/bbs/Stock/index.html,Stock,2446
/bbs/movie/index.html,movie,1953
/bbs/sex/index.html,sex,1849
/bbs/KR_Entertain/index.html,KR_Entertain,1665
/bbs/HatePolitics/index.html,HatePolitics,1614
/bbs/Lifeismoney/index.html,Lifeismoney,1394
/bbs/MobileComm/index.html,MobileComm,1310
/bbs/Kaohsiung/index.html,Kaohsiung,1193
/bbs/Tech_Job/index.html,Tech_Job,1121
/bbs/Tainan/index.html,Tainan,1095
/bbs/LoL/index.html,LoL,1039
/bbs/Tennis/index.html,Tennis,1006
/bbs/Beauty/index.html,Beauty,980
/bbs/ToS/index.html,ToS,953
/bbs/BabyMother/index.html,BabyMother,939
/bbs/car/index.html,car,932
/bbs/Boy-Girl/index.html,Boy-Girl,884
/bbs/WomenTalk/index.html,WomenTalk,858
/bbs/e-shopping/index.html,e-shopping,836
/bbs/KoreaStar/index.html,KoreaStar,759
/bbs/AllTogether/index.html,AllTogether,729
/bbs/marvel/index.html,marvel,644
/bbs/Japan_Travel/index.html,Japan_Travel,631
/bbs/PC_Shopping/index.html,PC_Shopping,617
/bbs/joke/index.html,joke,616
/bbs/marriage/index.html,marriage,566
/bbs/KoreaDrama/index.html,KoreaDrama,560
/bbs/creditcard/index.html,creditcard,533
/bbs/SportLottery/index.html,SportLottery,507
/bbs/Elephants/index.html,Elephants,496
/bbs/PlayStation/index.html,PlayStation,495
/bbs/FATE_GO/index.html,FATE_GO,479
/bbs/MakeUp/index.html,MakeUp,467
/bbs/Steam/index.html,Steam,417
/bbs/Hearthstone/index.html,Hearthstone,404
/bbs/japanavgirls/index.html,japanavgirls,402
/bbs/KanColle/index.html,KanColle,401
/bbs/home-sale/index.html,home-sale,388
/bbs/PCReDive/index.html,PCReDive,379
/bbs/ONE_PIECE/index.html,ONE_PIECE,379
/bbs/TaichungBun/index.html,TaichungBun,351
/bbs/EAseries/index.html,EAseries,343
/bbs/CFantasy/index.html,CFantasy,340
/bbs/NBA_Film/index.html,NBA_Film,322
/bbs/NSwitch/index.html,NSwitch,320
/bbs/TaiwanDrama/index.html,TaiwanDrama,318
/bbs/Salary/index.html,Salary,309
/bbs/StupidClown/index.html,StupidClown,302
/bbs/BeautySalon/index.html,BeautySalon,297
/bbs/iOS/index.html,iOS,289
/bbs/PokemonGO/index.html,PokemonGO,275
/bbs/BuyTogether/index.html,BuyTogether,265
/bbs/Japandrama/index.html,Japandrama,260
/bbs/CVS/index.html,CVS,254
/bbs/AC_In/index.html,AC_In,252
/bbs/MuscleBeach/index.html,MuscleBeach,237
/bbs/YuanChuang/index.html,YuanChuang,228
/bbs/MayDay/index.html,MayDay,222
/bbs/Option/index.html,Option,208
/bbs/PuzzleDragon/index.html,PuzzleDragon,204
/bbs/basketballTW/index.html,basketballTW,201
/bbs/lesbian/index.html,lesbian,200
/bbs/Hsinchu/index.html,Hsinchu,199
/bbs/SuperJunior/index.html,SuperJunior,198
/bbs/Palmar_Drama/index.html,Palmar_Drama,195
/bbs/MLB/index.html,MLB,194
/bbs/Aviation/index.html,Aviation,193
/bbs/HardwareSale/index.html,HardwareSale,188
/bbs/Food/index.html,Food,187
/bbs/biker/index.html,biker,186
/bbs/TWICE/index.html,TWICE,185
/bbs/KoreanPop/index.html,KoreanPop,173
/bbs/WOW/index.html,WOW,169
/bbs/studyteacher/index.html,studyteacher,162
/bbs/gay/index.html,gay,161
/bbs/cat/index.html,cat,160
/bbs/Monkeys/index.html,Monkeys,154
/bbs/part-time/index.html,part-time,154
/bbs/Soft_Job/index.html,Soft_Job,147
/bbs/China-Drama/index.html,China-Drama,147
/bbs/TW_Entertain/index.html,TW_Entertain,146
/bbs/Guardians/index.html,Guardians,145
/bbs/GetMarry/index.html,GetMarry,144
/bbs/Headphone/index.html,Headphone,143
/bbs/Examination/index.html,Examination,142
/bbs/mobilesales/index.html,mobilesales,134
/bbs/BTS/index.html,BTS,130
/bbs/feminine_sex/index.html,feminine_sex,126
/bbs/FITNESS/index.html,FITNESS,125
/bbs/Military/index.html,Military,125
/bbs/FTV/index.html,FTV,124
/bbs/Finance/index.html,Finance,123
/bbs/Lions/index.html,Lions,119
/bbs/MobilePay/index.html,MobilePay,118
/bbs/Gamesale/index.html,Gamesale,112
/bbs/CarShop/index.html,CarShop,111
/bbs/LGBT_SEX/index.html,LGBT_SEX,111
/bbs/TypeMoon/index.html,TypeMoon,110
/bbs/HelpBuy/index.html,HelpBuy,109
/bbs/Wanted/index.html,Wanted,109
/bbs/DSLR/index.html,DSLR,108
/bbs/watch/index.html,watch,108
/bbs/Zastrology/index.html,Zastrology,108
/bbs/job/index.html,job,108
/bbs/AKB48/index.html,AKB48,104
/bbs/PublicServan/index.html,PublicServan,103
/bbs/Brand/index.html,Brand,103
/bbs/IZONE/index.html,IZONE,102
/bbs/Gov_owned/index.html,Gov_owned,102
/bbs/graduate/index.html,graduate,101
/bbs/DMM_GAMES/index.html,DMM_GAMES,101
/bbs/cookclub/index.html,cookclub,99
/bbs/forsale/index.html,forsale,98
/bbs/MH/index.html,MH,97
/bbs/nb-shopping/index.html,nb-shopping,97
/bbs/BB-Love/index.html,BB-Love,97
/bbs/medstudent/index.html,medstudent,95
/bbs/Key_Mou_Pad/index.html,Key_Mou_Pad,94
/bbs/give/index.html,give,92
/bbs/MacShop/index.html,MacShop,92
/bbs/GBF/index.html,GBF,91
/bbs/Mobile-game/index.html,Mobile-game,88
/bbs/RealmOfValor/index.html,RealmOfValor,87
/bbs/BabyProducts/index.html,BabyProducts,84
