﻿/bbs/Gossiping/index.html,Gossiping,17619
/bbs/NBA/index.html,NBA,3889
/bbs/Baseball/index.html,Baseball,3396
/bbs/C_Chat/index.html,C_Chat,3030
/bbs/HatePolitics/index.html,HatePolitics,2117
/bbs/Stock/index.html,Stock,1567
/bbs/movie/index.html,movie,1356
/bbs/MobileComm/index.html,MobileComm,1162
/bbs/sex/index.html,sex,1079
/bbs/Lifeismoney/index.html,Lifeismoney,1023
/bbs/KR_Entertain/index.html,KR_Entertain,962
/bbs/LoL/index.html,LoL,894
/bbs/car/index.html,car,884
/bbs/Beauty/index.html,Beauty,797
/bbs/WomenTalk/index.html,WomenTalk,794
/bbs/Tech_Job/index.html,Tech_Job,786
/bbs/ToS/index.html,ToS,762
/bbs/Boy-Girl/index.html,Boy-Girl,670
/bbs/BabyMother/index.html,BabyMother,605
/bbs/marvel/index.html,marvel,592
/bbs/PC_Shopping/index.html,PC_Shopping,558
/bbs/KoreaStar/index.html,KoreaStar,543
/bbs/e-shopping/index.html,e-shopping,535
/bbs/joke/index.html,joke,501
/bbs/Japan_Travel/index.html,Japan_Travel,472
/bbs/creditcard/index.html,creditcard,459
/bbs/SportLottery/index.html,SportLottery,440
/bbs/marriage/index.html,marriage,438
/bbs/PlayStation/index.html,PlayStation,395
/bbs/AllTogether/index.html,AllTogether,384
/bbs/MakeUp/index.html,MakeUp,378
/bbs/StupidClown/index.html,StupidClown,367
/bbs/KoreaDrama/index.html,KoreaDrama,363
/bbs/Kaohsiung/index.html,Kaohsiung,361
/bbs/Steam/index.html,Steam,360
/bbs/japanavgirls/index.html,japanavgirls,341
/bbs/Tainan/index.html,Tainan,337
/bbs/KanColle/index.html,KanColle,324
/bbs/Hearthstone/index.html,Hearthstone,301
/bbs/EAseries/index.html,EAseries,282
/bbs/FATE_GO/index.html,FATE_GO,280
/bbs/home-sale/index.html,home-sale,279
/bbs/PokemonGO/index.html,PokemonGO,276
/bbs/PCReDive/index.html,PCReDive,273
/bbs/Tennis/index.html,Tennis,273
/bbs/CFantasy/index.html,CFantasy,268
/bbs/ONE_PIECE/index.html,ONE_PIECE,265
/bbs/NSwitch/index.html,NSwitch,264
/bbs/TaichungBun/index.html,TaichungBun,251
/bbs/iOS/index.html,iOS,243
/bbs/BeautySalon/index.html,BeautySalon,243
/bbs/HardwareSale/index.html,HardwareSale,222
/bbs/Monkeys/index.html,Monkeys,193
/bbs/BuyTogether/index.html,BuyTogether,184
/bbs/Salary/index.html,Salary,184
/bbs/Elephants/index.html,Elephants,178
/bbs/CVS/index.html,CVS,176
/bbs/AC_In/index.html,AC_In,174
/bbs/Japandrama/index.html,Japandrama,169
/bbs/NBA_Film/index.html,NBA_Film,167
/bbs/MuscleBeach/index.html,MuscleBeach,160
/bbs/PuzzleDragon/index.html,PuzzleDragon,156
/bbs/WOW/index.html,WOW,156
/bbs/basketballTW/index.html,basketballTW,154
/bbs/Drama-Ticket/index.html,Drama-Ticket,151
/bbs/studyteacher/index.html,studyteacher,148
/bbs/Palmar_Drama/index.html,Palmar_Drama,147
/bbs/Examination/index.html,Examination,138
/bbs/YuanChuang/index.html,YuanChuang,134
/bbs/mobilesales/index.html,mobilesales,133
/bbs/biker/index.html,biker,130
/bbs/Soft_Job/index.html,Soft_Job,128
/bbs/Hsinchu/index.html,Hsinchu,128
/bbs/Headphone/index.html,Headphone,126
/bbs/cat/index.html,cat,125
/bbs/GBF/index.html,GBF,125
/bbs/Food/index.html,Food,125
/bbs/Aviation/index.html,Aviation,124
/bbs/Gamesale/index.html,Gamesale,119
/bbs/MobilePay/index.html,MobilePay,118
/bbs/China-Drama/index.html,China-Drama,118
/bbs/MayDay/index.html,MayDay,115
/bbs/lesbian/index.html,lesbian,115
/bbs/DMM_GAMES/index.html,DMM_GAMES,114
/bbs/TaiwanDrama/index.html,TaiwanDrama,113
/bbs/StarCraft/index.html,StarCraft,113
/bbs/KoreanPop/index.html,KoreanPop,112
/bbs/TWICE/index.html,TWICE,110
/bbs/medstudent/index.html,medstudent,108
/bbs/BTS/index.html,BTS,105
/bbs/Finance/index.html,Finance,102
/bbs/part-time/index.html,part-time,101
/bbs/MLB/index.html,MLB,101
/bbs/TW_Entertain/index.html,TW_Entertain,100
/bbs/CarShop/index.html,CarShop,98
/bbs/gay/index.html,gay,96
/bbs/DSLR/index.html,DSLR,92
/bbs/Wanted/index.html,Wanted,91
/bbs/GetMarry/index.html,GetMarry,91
/bbs/tabletennis/index.html,tabletennis,91
/bbs/Gov_owned/index.html,Gov_owned,90
/bbs/forsale/index.html,forsale,90
/bbs/PublicServan/index.html,PublicServan,89
/bbs/FITNESS/index.html,FITNESS,87
/bbs/fastfood/index.html,fastfood,86
/bbs/graduate/index.html,graduate,86
/bbs/MacShop/index.html,MacShop,84
/bbs/IZONE/index.html,IZONE,83
/bbs/Military/index.html,Military,83
/bbs/Key_Mou_Pad/index.html,Key_Mou_Pad,80
/bbs/Guardians/index.html,Guardians,79
/bbs/watch/index.html,watch,78
/bbs/TypeMoon/index.html,TypeMoon,77
/bbs/HelpBuy/index.html,HelpBuy,76
/bbs/nb-shopping/index.html,nb-shopping,72
/bbs/PathofExile/index.html,PathofExile,72
/bbs/AKB48/index.html,AKB48,69
/bbs/SuperJunior/index.html,SuperJunior,69
/bbs/feminine_sex/index.html,feminine_sex,67
/bbs/LGBT_SEX/index.html,LGBT_SEX,66
/bbs/DIABLO/index.html,DIABLO,66
/bbs/RealmOfValor/index.html,RealmOfValor,66
/bbs/DC_SALE/index.html,DC_SALE,65
/bbs/MH/index.html,MH,65
/bbs/give/index.html,give,65
/bbs/Mobile-game/index.html,Mobile-game,64
/bbs/Railway/index.html,Railway,64
/bbs/Brand/index.html,Brand,63
