﻿/bbs/Gossiping/index.html,Gossiping,9765
/bbs/NBA/index.html,NBA,2482
/bbs/C_Chat/index.html,C_Chat,2469
/bbs/Baseball/index.html,Baseball,1508
/bbs/sex/index.html,sex,1353
/bbs/Stock/index.html,Stock,1341
/bbs/movie/index.html,movie,1232
/bbs/HatePolitics/index.html,HatePolitics,1046
/bbs/MobileComm/index.html,MobileComm,860
/bbs/LoL/index.html,LoL,858
/bbs/Beauty/index.html,Beauty,704
/bbs/Lifeismoney/index.html,Lifeismoney,682
/bbs/ToS/index.html,ToS,636
/bbs/Boy-Girl/index.html,Boy-Girl,591
/bbs/KR_Entertain/index.html,KR_Entertain,590
/bbs/car/index.html,car,555
/bbs/Tech_Job/index.html,Tech_Job,548
/bbs/marvel/index.html,marvel,505
/bbs/PC_Shopping/index.html,PC_Shopping,492
/bbs/joke/index.html,joke,487
/bbs/Tennis/index.html,Tennis,465
/bbs/WomenTalk/index.html,WomenTalk,460
/bbs/BabyMother/index.html,BabyMother,427
/bbs/KoreaStar/index.html,KoreaStar,418
/bbs/PlayStation/index.html,PlayStation,371
/bbs/e-shopping/index.html,e-shopping,364
/bbs/AllTogether/index.html,AllTogether,345
/bbs/FATE_GO/index.html,FATE_GO,325
/bbs/Kaohsiung/index.html,Kaohsiung,320
/bbs/Steam/index.html,Steam,319
/bbs/japanavgirls/index.html,japanavgirls,315
/bbs/creditcard/index.html,creditcard,314
/bbs/Japan_Travel/index.html,Japan_Travel,308
/bbs/KoreaDrama/index.html,KoreaDrama,300
/bbs/Hearthstone/index.html,Hearthstone,296
/bbs/marriage/index.html,marriage,294
/bbs/KanColle/index.html,KanColle,288
/bbs/Tainan/index.html,Tainan,281
/bbs/MakeUp/index.html,MakeUp,281
/bbs/PCReDive/index.html,PCReDive,273
/bbs/SportLottery/index.html,SportLottery,272
/bbs/ONE_PIECE/index.html,ONE_PIECE,261
/bbs/EAseries/index.html,EAseries,255
/bbs/CFantasy/index.html,CFantasy,245
/bbs/NSwitch/index.html,NSwitch,231
/bbs/home-sale/index.html,home-sale,209
/bbs/iOS/index.html,iOS,202
/bbs/TaichungBun/index.html,TaichungBun,200
/bbs/Elephants/index.html,Elephants,195
/bbs/AC_In/index.html,AC_In,190
/bbs/NBA_Film/index.html,NBA_Film,185
/bbs/BeautySalon/index.html,BeautySalon,181
/bbs/Salary/index.html,Salary,178
/bbs/StupidClown/index.html,StupidClown,178
/bbs/HardwareSale/index.html,HardwareSale,172
/bbs/PokemonGO/index.html,PokemonGO,158
/bbs/PuzzleDragon/index.html,PuzzleDragon,155
/bbs/CVS/index.html,CVS,147
/bbs/YuanChuang/index.html,YuanChuang,139
/bbs/Japandrama/index.html,Japandrama,131
/bbs/biker/index.html,biker,130
/bbs/WOW/index.html,WOW,128
/bbs/BuyTogether/index.html,BuyTogether,127
/bbs/MuscleBeach/index.html,MuscleBeach,123
/bbs/Palmar_Drama/index.html,Palmar_Drama,119
/bbs/Option/index.html,Option,114
/bbs/Aviation/index.html,Aviation,112
/bbs/basketballTW/index.html,basketballTW,111
/bbs/Wanted/index.html,Wanted,108
/bbs/Soft_Job/index.html,Soft_Job,106
/bbs/KoreanPop/index.html,KoreanPop,106
/bbs/Hsinchu/index.html,Hsinchu,101
/bbs/Headphone/index.html,Headphone,101
/bbs/part-time/index.html,part-time,99
/bbs/MLB/index.html,MLB,99
/bbs/TaiwanDrama/index.html,TaiwanDrama,95
/bbs/China-Drama/index.html,China-Drama,94
/bbs/MayDay/index.html,MayDay,94
/bbs/cat/index.html,cat,93
/bbs/gay/index.html,gay,93
/bbs/Gamesale/index.html,Gamesale,92
/bbs/Food/index.html,Food,91
/bbs/Military/index.html,Military,89
/bbs/DSLR/index.html,DSLR,88
/bbs/GetMarry/index.html,GetMarry,87
/bbs/TWICE/index.html,TWICE,87
/bbs/mobilesales/index.html,mobilesales,84
/bbs/feminine_sex/index.html,feminine_sex,81
/bbs/TW_Entertain/index.html,TW_Entertain,81
/bbs/lesbian/index.html,lesbian,80
/bbs/LGBT_SEX/index.html,LGBT_SEX,79
/bbs/Mobile-game/index.html,Mobile-game,78
/bbs/nb-shopping/index.html,nb-shopping,75
/bbs/CarShop/index.html,CarShop,73
/bbs/SuperJunior/index.html,SuperJunior,71
/bbs/Key_Mou_Pad/index.html,Key_Mou_Pad,71
/bbs/Examination/index.html,Examination,69
/bbs/forsale/index.html,forsale,69
/bbs/MH/index.html,MH,68
/bbs/graduate/index.html,graduate,68
/bbs/watch/index.html,watch,66
/bbs/FTV/index.html,FTV,65
/bbs/Monkeys/index.html,Monkeys,65
/bbs/DMM_GAMES/index.html,DMM_GAMES,65
/bbs/MobilePay/index.html,MobilePay,64
/bbs/studyteacher/index.html,studyteacher,63
/bbs/AKB48/index.html,AKB48,62
/bbs/IZONE/index.html,IZONE,62
/bbs/FITNESS/index.html,FITNESS,60
/bbs/medstudent/index.html,medstudent,59
/bbs/Lions/index.html,Lions,59
/bbs/Finance/index.html,Finance,58
/bbs/HelpBuy/index.html,HelpBuy,58
/bbs/cookclub/index.html,cookclub,58
/bbs/MacShop/index.html,MacShop,57
/bbs/DIABLO/index.html,DIABLO,57
/bbs/Guardians/index.html,Guardians,57
/bbs/TypeMoon/index.html,TypeMoon,56
/bbs/OverWatch/index.html,OverWatch,56
/bbs/BTS/index.html,BTS,55
/bbs/Gov_owned/index.html,Gov_owned,55
/bbs/IdolMaster/index.html,IdolMaster,53
/bbs/BB-Love/index.html,BB-Love,53
/bbs/GBF/index.html,GBF,53
/bbs/RealmOfValor/index.html,RealmOfValor,53
/bbs/DC_SALE/index.html,DC_SALE,52
/bbs/SuperBike/index.html,SuperBike,52
/bbs/points/index.html,points,49
