﻿/bbs/Gossiping/index.html,Gossiping,6687
/bbs/NBA/index.html,NBA,1679
/bbs/C_Chat/index.html,C_Chat,1577
/bbs/Baseball/index.html,Baseball,1012
/bbs/Stock/index.html,Stock,951
/bbs/sex/index.html,sex,836
/bbs/HatePolitics/index.html,HatePolitics,743
/bbs/movie/index.html,movie,732
/bbs/MobileComm/index.html,MobileComm,611
/bbs/LoL/index.html,LoL,510
/bbs/Beauty/index.html,Beauty,456
/bbs/Lifeismoney/index.html,Lifeismoney,412
/bbs/Boy-Girl/index.html,Boy-Girl,383
/bbs/ToS/index.html,ToS,375
/bbs/Tech_Job/index.html,Tech_Job,374
/bbs/car/index.html,car,374
/bbs/PC_Shopping/index.html,PC_Shopping,347
/bbs/marvel/index.html,marvel,347
/bbs/BabyMother/index.html,BabyMother,308
/bbs/joke/index.html,joke,298
/bbs/WomenTalk/index.html,WomenTalk,279
/bbs/KR_Entertain/index.html,KR_Entertain,275
/bbs/PlayStation/index.html,PlayStation,261
/bbs/Tennis/index.html,Tennis,241
/bbs/FATE_GO/index.html,FATE_GO,225
/bbs/Kaohsiung/index.html,Kaohsiung,225
/bbs/Steam/index.html,Steam,220
/bbs/e-shopping/index.html,e-shopping,217
/bbs/marriage/index.html,marriage,209
/bbs/Japan_Travel/index.html,Japan_Travel,206
/bbs/AllTogether/index.html,AllTogether,200
/bbs/KanColle/index.html,KanColle,199
/bbs/KoreaStar/index.html,KoreaStar,196
/bbs/Tainan/index.html,Tainan,191
/bbs/japanavgirls/index.html,japanavgirls,189
/bbs/creditcard/index.html,creditcard,187
/bbs/ONE_PIECE/index.html,ONE_PIECE,182
/bbs/PCReDive/index.html,PCReDive,176
/bbs/CFantasy/index.html,CFantasy,169
/bbs/Hearthstone/index.html,Hearthstone,163
/bbs/EAseries/index.html,EAseries,153
/bbs/NSwitch/index.html,NSwitch,152
/bbs/SportLottery/index.html,SportLottery,145
/bbs/KoreaDrama/index.html,KoreaDrama,142
/bbs/TaichungBun/index.html,TaichungBun,140
/bbs/HardwareSale/index.html,HardwareSale,126
/bbs/home-sale/index.html,home-sale,125
/bbs/Elephants/index.html,Elephants,124
/bbs/AC_In/index.html,AC_In,120
/bbs/PokemonGO/index.html,PokemonGO,118
/bbs/iOS/index.html,iOS,116
/bbs/NBA_Film/index.html,NBA_Film,116
/bbs/MakeUp/index.html,MakeUp,110
/bbs/WOW/index.html,WOW,107
/bbs/StupidClown/index.html,StupidClown,107
/bbs/Salary/index.html,Salary,106
/bbs/CVS/index.html,CVS,97
/bbs/BeautySalon/index.html,BeautySalon,96
/bbs/Japandrama/index.html,Japandrama,90
/bbs/BuyTogether/index.html,BuyTogether,89
/bbs/PuzzleDragon/index.html,PuzzleDragon,87
/bbs/Aviation/index.html,Aviation,87
/bbs/MuscleBeach/index.html,MuscleBeach,85
/bbs/YuanChuang/index.html,YuanChuang,83
/bbs/Hsinchu/index.html,Hsinchu,79
/bbs/Palmar_Drama/index.html,Palmar_Drama,79
/bbs/Option/index.html,Option,78
/bbs/biker/index.html,biker,77
/bbs/Soft_Job/index.html,Soft_Job,72
/bbs/Headphone/index.html,Headphone,69
/bbs/Food/index.html,Food,69
/bbs/part-time/index.html,part-time,67
/bbs/Military/index.html,Military,66
/bbs/Gamesale/index.html,Gamesale,64
/bbs/MLB/index.html,MLB,64
/bbs/basketballTW/index.html,basketballTW,63
/bbs/cat/index.html,cat,62
/bbs/mobilesales/index.html,mobilesales,61
/bbs/DSLR/index.html,DSLR,61
/bbs/China-Drama/index.html,China-Drama,60
/bbs/studyteacher/index.html,studyteacher,58
/bbs/gay/index.html,gay,57
/bbs/TaiwanDrama/index.html,TaiwanDrama,55
/bbs/cookclub/index.html,cookclub,54
/bbs/Wanted/index.html,Wanted,53
/bbs/TWICE/index.html,TWICE,51
/bbs/DMM_GAMES/index.html,DMM_GAMES,51
/bbs/KoreanPop/index.html,KoreanPop,49
/bbs/GBF/index.html,GBF,48
/bbs/MobilePay/index.html,MobilePay,47
/bbs/forsale/index.html,forsale,47
/bbs/CarShop/index.html,CarShop,46
/bbs/feminine_sex/index.html,feminine_sex,46
/bbs/GetMarry/index.html,GetMarry,46
/bbs/MayDay/index.html,MayDay,46
/bbs/AKB48/index.html,AKB48,45
/bbs/Monkeys/index.html,Monkeys,45
/bbs/PublicServan/index.html,PublicServan,44
/bbs/LGBT_SEX/index.html,LGBT_SEX,44
/bbs/FITNESS/index.html,FITNESS,43
/bbs/IdolMaster/index.html,IdolMaster,42
/bbs/Key_Mou_Pad/index.html,Key_Mou_Pad,42
/bbs/Examination/index.html,Examination,42
/bbs/TW_Entertain/index.html,TW_Entertain,41
/bbs/MH/index.html,MH,40
/bbs/TypeMoon/index.html,TypeMoon,40
/bbs/Mobile-game/index.html,Mobile-game,39
/bbs/graduate/index.html,graduate,39
/bbs/HelpBuy/index.html,HelpBuy,38
/bbs/MacShop/index.html,MacShop,37
/bbs/Guardians/index.html,Guardians,37
/bbs/hypermall/index.html,hypermall,36
/bbs/DIABLO/index.html,DIABLO,36
/bbs/nb-shopping/index.html,nb-shopping,35
/bbs/SuperJunior/index.html,SuperJunior,35
/bbs/Taoyuan/index.html,Taoyuan,35
/bbs/watch/index.html,watch,35
/bbs/job/index.html,job,35
/bbs/ClashRoyale/index.html,ClashRoyale,34
/bbs/points/index.html,points,34
/bbs/Gov_owned/index.html,Gov_owned,34
/bbs/Bank_Service/index.html,Bank_Service,33
/bbs/medstudent/index.html,medstudent,31
/bbs/BTS/index.html,BTS,31
/bbs/Lions/index.html,Lions,31
/bbs/Zastrology/index.html,Zastrology,31
/bbs/IZONE/index.html,IZONE,30
/bbs/RealmOfValor/index.html,RealmOfValor,30
