﻿/bbs/Gossiping/index.html,Gossiping,11867
/bbs/NBA/index.html,NBA,3086
/bbs/C_Chat/index.html,C_Chat,2246
/bbs/Baseball/index.html,Baseball,1791
/bbs/Stock/index.html,Stock,1621
/bbs/sex/index.html,sex,1449
/bbs/HatePolitics/index.html,HatePolitics,1296
/bbs/movie/index.html,movie,1025
/bbs/MobileComm/index.html,MobileComm,858
/bbs/Beauty/index.html,Beauty,820
/bbs/car/index.html,car,785
/bbs/Tech_Job/index.html,Tech_Job,724
/bbs/creditcard/index.html,creditcard,692
/bbs/Lifeismoney/index.html,Lifeismoney,689
/bbs/Boy-Girl/index.html,Boy-Girl,661
/bbs/ToS/index.html,ToS,655
/bbs/BabyMother/index.html,BabyMother,654
/bbs/LoL/index.html,LoL,649
/bbs/WomenTalk/index.html,WomenTalk,594
/bbs/KR_Entertain/index.html,KR_Entertain,561
/bbs/PC_Shopping/index.html,PC_Shopping,493
/bbs/marvel/index.html,marvel,483
/bbs/e-shopping/index.html,e-shopping,447
/bbs/joke/index.html,joke,429
/bbs/KoreaStar/index.html,KoreaStar,421
/bbs/AllTogether/index.html,AllTogether,396
/bbs/Japan_Travel/index.html,Japan_Travel,379
/bbs/marriage/index.html,marriage,345
/bbs/Tennis/index.html,Tennis,334
/bbs/PlayStation/index.html,PlayStation,329
/bbs/Tainan/index.html,Tainan,306
/bbs/Steam/index.html,Steam,302
/bbs/Kaohsiung/index.html,Kaohsiung,297
/bbs/SportLottery/index.html,SportLottery,284
/bbs/FATE_GO/index.html,FATE_GO,273
/bbs/japanavgirls/index.html,japanavgirls,270
/bbs/home-sale/index.html,home-sale,255
/bbs/ONE_PIECE/index.html,ONE_PIECE,248
/bbs/Hearthstone/index.html,Hearthstone,247
/bbs/MakeUp/index.html,MakeUp,239
/bbs/KoreaDrama/index.html,KoreaDrama,235
/bbs/NSwitch/index.html,NSwitch,225
/bbs/TaichungBun/index.html,TaichungBun,221
/bbs/PCReDive/index.html,PCReDive,217
/bbs/StupidClown/index.html,StupidClown,213
/bbs/KanColle/index.html,KanColle,211
/bbs/iOS/index.html,iOS,206
/bbs/CFantasy/index.html,CFantasy,203
/bbs/EAseries/index.html,EAseries,192
/bbs/Salary/index.html,Salary,191
/bbs/PokemonGO/index.html,PokemonGO,191
/bbs/AC_In/index.html,AC_In,186
/bbs/BeautySalon/index.html,BeautySalon,176
/bbs/NY-Yankees/index.html,NY-Yankees,162
/bbs/NBA_Film/index.html,NBA_Film,160
/bbs/BuyTogether/index.html,BuyTogether,159
/bbs/HardwareSale/index.html,HardwareSale,157
/bbs/Elephants/index.html,Elephants,152
/bbs/CVS/index.html,CVS,143
/bbs/Aviation/index.html,Aviation,138
/bbs/Japandrama/index.html,Japandrama,130
/bbs/PuzzleDragon/index.html,PuzzleDragon,128
/bbs/WOW/index.html,WOW,126
/bbs/YuanChuang/index.html,YuanChuang,122
/bbs/Palmar_Drama/index.html,Palmar_Drama,120
/bbs/Hsinchu/index.html,Hsinchu,119
/bbs/MobilePay/index.html,MobilePay,116
/bbs/basketballTW/index.html,basketballTW,115
/bbs/MuscleBeach/index.html,MuscleBeach,114
/bbs/Soft_Job/index.html,Soft_Job,112
/bbs/biker/index.html,biker,111
/bbs/TaiwanDrama/index.html,TaiwanDrama,110
/bbs/MLB/index.html,MLB,110
/bbs/mobilesales/index.html,mobilesales,102
/bbs/Food/index.html,Food,101
/bbs/gay/index.html,gay,98
/bbs/Gamesale/index.html,Gamesale,97
/bbs/PublicServan/index.html,PublicServan,92
/bbs/studyteacher/index.html,studyteacher,92
/bbs/GetMarry/index.html,GetMarry,92
/bbs/cat/index.html,cat,91
/bbs/Headphone/index.html,Headphone,89
/bbs/MayDay/index.html,MayDay,89
/bbs/TWICE/index.html,TWICE,87
/bbs/DSLR/index.html,DSLR,83
/bbs/Examination/index.html,Examination,83
/bbs/feminine_sex/index.html,feminine_sex,81
/bbs/KoreanPop/index.html,KoreanPop,80
/bbs/CarShop/index.html,CarShop,79
/bbs/lesbian/index.html,lesbian,79
/bbs/LGBT_SEX/index.html,LGBT_SEX,76
/bbs/part-time/index.html,part-time,76
/bbs/China-Drama/index.html,China-Drama,75
/bbs/Military/index.html,Military,75
/bbs/Option/index.html,Option,73
/bbs/forsale/index.html,forsale,73
/bbs/medstudent/index.html,medstudent,70
/bbs/GBF/index.html,GBF,70
/bbs/watch/index.html,watch,69
/bbs/FITNESS/index.html,FITNESS,68
/bbs/Finance/index.html,Finance,66
/bbs/nb-shopping/index.html,nb-shopping,65
/bbs/Bank_Service/index.html,Bank_Service,65
/bbs/Monkeys/index.html,Monkeys,63
/bbs/TW_Entertain/index.html,TW_Entertain,62
/bbs/Key_Mou_Pad/index.html,Key_Mou_Pad,61
/bbs/MacShop/index.html,MacShop,61
/bbs/AKB48/index.html,AKB48,60
/bbs/MH/index.html,MH,60
/bbs/hypermall/index.html,hypermall,60
/bbs/graduate/index.html,graduate,60
/bbs/Gov_owned/index.html,Gov_owned,60
/bbs/Wanted/index.html,Wanted,58
/bbs/cookclub/index.html,cookclub,58
/bbs/DMM_GAMES/index.html,DMM_GAMES,58
/bbs/BTS/index.html,BTS,57
/bbs/ClashRoyale/index.html,ClashRoyale,56
/bbs/DC_SALE/index.html,DC_SALE,54
/bbs/Chiayi/index.html,Chiayi,53
/bbs/DIABLO/index.html,DIABLO,53
/bbs/Guardians/index.html,Guardians,53
/bbs/TypeMoon/index.html,TypeMoon,51
/bbs/BB-Love/index.html,BB-Love,51
/bbs/PathofExile/index.html,PathofExile,50
/bbs/IdolMaster/index.html,IdolMaster,49
/bbs/give/index.html,give,49
/bbs/fastfood/index.html,fastfood,48
/bbs/Lakers/index.html,Lakers,48
