﻿/bbs/Gossiping/index.html,Gossiping,18084
/bbs/Baseball/index.html,Baseball,5636
/bbs/C_Chat/index.html,C_Chat,3058
/bbs/HatePolitics/index.html,HatePolitics,2838
/bbs/NBA/index.html,NBA,2802
/bbs/movie/index.html,movie,1803
/bbs/Elephants/index.html,Elephants,1647
/bbs/Stock/index.html,Stock,1504
/bbs/LoL/index.html,LoL,1407
/bbs/MobileComm/index.html,MobileComm,1232
/bbs/Lifeismoney/index.html,Lifeismoney,1201
/bbs/KR_Entertain/index.html,KR_Entertain,1021
/bbs/car/index.html,car,996
/bbs/sex/index.html,sex,975
/bbs/ToS/index.html,ToS,773
/bbs/joke/index.html,joke,746
/bbs/WomenTalk/index.html,WomenTalk,729
/bbs/Tech_Job/index.html,Tech_Job,710
/bbs/Tennis/index.html,Tennis,697
/bbs/Beauty/index.html,Beauty,696
/bbs/BabyMother/index.html,BabyMother,647
/bbs/e-shopping/index.html,e-shopping,624
/bbs/PC_Shopping/index.html,PC_Shopping,623
/bbs/Boy-Girl/index.html,Boy-Girl,603
/bbs/Lions/index.html,Lions,576
/bbs/KoreaStar/index.html,KoreaStar,537
/bbs/Guardians/index.html,Guardians,524
/bbs/Monkeys/index.html,Monkeys,511
/bbs/Hearthstone/index.html,Hearthstone,501
/bbs/Japan_Travel/index.html,Japan_Travel,499
/bbs/marvel/index.html,marvel,480
/bbs/KoreaDrama/index.html,KoreaDrama,477
/bbs/Kaohsiung/index.html,Kaohsiung,461
/bbs/PlayStation/index.html,PlayStation,460
/bbs/AllTogether/index.html,AllTogether,444
/bbs/marriage/index.html,marriage,443
/bbs/StupidClown/index.html,StupidClown,443
/bbs/MakeUp/index.html,MakeUp,432
/bbs/Steam/index.html,Steam,414
/bbs/KanColle/index.html,KanColle,381
/bbs/creditcard/index.html,creditcard,377
/bbs/Tainan/index.html,Tainan,354
/bbs/home-sale/index.html,home-sale,327
/bbs/SportLottery/index.html,SportLottery,310
/bbs/EAseries/index.html,EAseries,308
/bbs/CFantasy/index.html,CFantasy,307
/bbs/japanavgirls/index.html,japanavgirls,278
/bbs/TaichungBun/index.html,TaichungBun,275
/bbs/NSwitch/index.html,NSwitch,274
/bbs/iOS/index.html,iOS,262
/bbs/Japandrama/index.html,Japandrama,250
/bbs/BeautySalon/index.html,BeautySalon,245
/bbs/PCReDive/index.html,PCReDive,235
/bbs/PokemonGO/index.html,PokemonGO,228
/bbs/CVS/index.html,CVS,224
/bbs/BuyTogether/index.html,BuyTogether,223
/bbs/HardwareSale/index.html,HardwareSale,218
/bbs/FATE_GO/index.html,FATE_GO,216
/bbs/studyteacher/index.html,studyteacher,210
/bbs/ONE_PIECE/index.html,ONE_PIECE,210
/bbs/KoreanPop/index.html,KoreanPop,204
/bbs/YuanChuang/index.html,YuanChuang,201
/bbs/basketballTW/index.html,basketballTW,185
/bbs/NBA_Film/index.html,NBA_Film,178
/bbs/Salary/index.html,Salary,175
/bbs/AC_In/index.html,AC_In,173
/bbs/Hsinchu/index.html,Hsinchu,173
/bbs/TW_Entertain/index.html,TW_Entertain,171
/bbs/Examination/index.html,Examination,166
/bbs/GBF/index.html,GBF,165
/bbs/WOW/index.html,WOW,164
/bbs/MuscleBeach/index.html,MuscleBeach,159
/bbs/biker/index.html,biker,158
/bbs/PuzzleDragon/index.html,PuzzleDragon,152
/bbs/China-Drama/index.html,China-Drama,149
/bbs/TWICE/index.html,TWICE,149
/bbs/IZONE/index.html,IZONE,143
/bbs/Aviation/index.html,Aviation,143
/bbs/cat/index.html,cat,143
/bbs/Palmar_Drama/index.html,Palmar_Drama,143
/bbs/Food/index.html,Food,142
/bbs/MLB/index.html,MLB,141
/bbs/MayDay/index.html,MayDay,135
/bbs/GetMarry/index.html,GetMarry,131
/bbs/Gamesale/index.html,Gamesale,130
/bbs/mobilesales/index.html,mobilesales,130
/bbs/TaiwanDrama/index.html,TaiwanDrama,130
/bbs/gay/index.html,gay,130
/bbs/Soft_Job/index.html,Soft_Job,127
/bbs/MH/index.html,MH,124
/bbs/tabletennis/index.html,tabletennis,123
/bbs/Headphone/index.html,Headphone,117
/bbs/AKB48/index.html,AKB48,112
/bbs/DSLR/index.html,DSLR,112
/bbs/BTS/index.html,BTS,112
/bbs/forsale/index.html,forsale,110
/bbs/Moto_GP/index.html,Moto_GP,106
/bbs/part-time/index.html,part-time,103
/bbs/Wanted/index.html,Wanted,102
/bbs/Finance/index.html,Finance,100
/bbs/medstudent/index.html,medstudent,100
/bbs/TypeMoon/index.html,TypeMoon,99
/bbs/MobilePay/index.html,MobilePay,96
/bbs/cookclub/index.html,cookclub,96
/bbs/PublicServan/index.html,PublicServan,94
/bbs/Mobile-game/index.html,Mobile-game,92
/bbs/lesbian/index.html,lesbian,92
/bbs/HelpBuy/index.html,HelpBuy,91
/bbs/watch/index.html,watch,90
/bbs/Military/index.html,Military,90
/bbs/Key_Mou_Pad/index.html,Key_Mou_Pad,86
/bbs/DMM_GAMES/index.html,DMM_GAMES,85
/bbs/StarCraft/index.html,StarCraft,84
/bbs/Drama-Ticket/index.html,Drama-Ticket,83
/bbs/Nogizaka46/index.html,Nogizaka46,82
/bbs/LGBT_SEX/index.html,LGBT_SEX,82
/bbs/Taoyuan/index.html,Taoyuan,82
/bbs/CarShop/index.html,CarShop,81
/bbs/fastfood/index.html,fastfood,81
/bbs/MacShop/index.html,MacShop,80
/bbs/Gov_owned/index.html,Gov_owned,79
/bbs/give/index.html,give,77
/bbs/RealmOfValor/index.html,RealmOfValor,76
/bbs/E-appliance/index.html,E-appliance,75
/bbs/IdolMaster/index.html,IdolMaster,73
/bbs/facelift/index.html,facelift,73
/bbs/FITNESS/index.html,FITNESS,70
/bbs/SuperJunior/index.html,SuperJunior,69
