﻿/bbs/Gossiping/index.html,Gossiping,6664
/bbs/NBA/index.html,NBA,1652
/bbs/C_Chat/index.html,C_Chat,1566
/bbs/Baseball/index.html,Baseball,1018
/bbs/Stock/index.html,Stock,970
/bbs/sex/index.html,sex,851
/bbs/HatePolitics/index.html,HatePolitics,734
/bbs/movie/index.html,movie,721
/bbs/MobileComm/index.html,MobileComm,614
/bbs/LoL/index.html,LoL,517
/bbs/Beauty/index.html,Beauty,430
/bbs/Lifeismoney/index.html,Lifeismoney,428
/bbs/Boy-Girl/index.html,Boy-Girl,401
/bbs/car/index.html,car,389
/bbs/Tech_Job/index.html,Tech_Job,377
/bbs/ToS/index.html,ToS,364
/bbs/marvel/index.html,marvel,349
/bbs/PC_Shopping/index.html,PC_Shopping,348
/bbs/joke/index.html,joke,305
/bbs/KR_Entertain/index.html,KR_Entertain,296
/bbs/BabyMother/index.html,BabyMother,295
/bbs/WomenTalk/index.html,WomenTalk,293
/bbs/PlayStation/index.html,PlayStation,255
/bbs/Tennis/index.html,Tennis,251
/bbs/FATE_GO/index.html,FATE_GO,228
/bbs/Steam/index.html,Steam,228
/bbs/Kaohsiung/index.html,Kaohsiung,220
/bbs/marriage/index.html,marriage,212
/bbs/AllTogether/index.html,AllTogether,211
/bbs/creditcard/index.html,creditcard,199
/bbs/Japan_Travel/index.html,Japan_Travel,198
/bbs/e-shopping/index.html,e-shopping,197
/bbs/KanColle/index.html,KanColle,195
/bbs/Tainan/index.html,Tainan,191
/bbs/KoreaStar/index.html,KoreaStar,184
/bbs/japanavgirls/index.html,japanavgirls,184
/bbs/ONE_PIECE/index.html,ONE_PIECE,181
/bbs/PCReDive/index.html,PCReDive,176
/bbs/Hearthstone/index.html,Hearthstone,172
/bbs/CFantasy/index.html,CFantasy,163
/bbs/NSwitch/index.html,NSwitch,159
/bbs/SportLottery/index.html,SportLottery,154
/bbs/EAseries/index.html,EAseries,150
/bbs/TaichungBun/index.html,TaichungBun,141
/bbs/KoreaDrama/index.html,KoreaDrama,140
/bbs/home-sale/index.html,home-sale,138
/bbs/HardwareSale/index.html,HardwareSale,130
/bbs/PokemonGO/index.html,PokemonGO,124
/bbs/AC_In/index.html,AC_In,120
/bbs/NBA_Film/index.html,NBA_Film,119
/bbs/Elephants/index.html,Elephants,117
/bbs/MakeUp/index.html,MakeUp,116
/bbs/WOW/index.html,WOW,108
/bbs/iOS/index.html,iOS,107
/bbs/Salary/index.html,Salary,105
/bbs/StupidClown/index.html,StupidClown,104
/bbs/YuanChuang/index.html,YuanChuang,94
/bbs/Japandrama/index.html,Japandrama,92
/bbs/PuzzleDragon/index.html,PuzzleDragon,91
/bbs/CVS/index.html,CVS,90
/bbs/BeautySalon/index.html,BeautySalon,89
/bbs/MuscleBeach/index.html,MuscleBeach,88
/bbs/biker/index.html,biker,86
/bbs/BuyTogether/index.html,BuyTogether,85
/bbs/Palmar_Drama/index.html,Palmar_Drama,84
/bbs/Option/index.html,Option,80
/bbs/Aviation/index.html,Aviation,77
/bbs/Food/index.html,Food,77
/bbs/Hsinchu/index.html,Hsinchu,75
/bbs/Headphone/index.html,Headphone,69
/bbs/Soft_Job/index.html,Soft_Job,68
/bbs/Military/index.html,Military,67
/bbs/DSLR/index.html,DSLR,66
/bbs/TaiwanDrama/index.html,TaiwanDrama,66
/bbs/MLB/index.html,MLB,66
/bbs/Gamesale/index.html,Gamesale,64
/bbs/cat/index.html,cat,64
/bbs/part-time/index.html,part-time,63
/bbs/China-Drama/index.html,China-Drama,60
/bbs/basketballTW/index.html,basketballTW,59
/bbs/gay/index.html,gay,59
/bbs/mobilesales/index.html,mobilesales,57
/bbs/studyteacher/index.html,studyteacher,54
/bbs/Wanted/index.html,Wanted,54
/bbs/KoreanPop/index.html,KoreanPop,53
/bbs/TWICE/index.html,TWICE,53
/bbs/feminine_sex/index.html,feminine_sex,52
/bbs/cookclub/index.html,cookclub,52
/bbs/DMM_GAMES/index.html,DMM_GAMES,51
/bbs/AKB48/index.html,AKB48,49
/bbs/TW_Entertain/index.html,TW_Entertain,49
/bbs/GetMarry/index.html,GetMarry,48
/bbs/Examination/index.html,Examination,46
/bbs/forsale/index.html,forsale,45
/bbs/CarShop/index.html,CarShop,43
/bbs/TypeMoon/index.html,TypeMoon,43
/bbs/graduate/index.html,graduate,43
/bbs/GBF/index.html,GBF,43
/bbs/Key_Mou_Pad/index.html,Key_Mou_Pad,42
/bbs/MobilePay/index.html,MobilePay,41
/bbs/LGBT_SEX/index.html,LGBT_SEX,41
/bbs/MH/index.html,MH,40
/bbs/Mobile-game/index.html,Mobile-game,40
/bbs/FITNESS/index.html,FITNESS,40
/bbs/MayDay/index.html,MayDay,40
/bbs/PublicServan/index.html,PublicServan,39
/bbs/Monkeys/index.html,Monkeys,39
/bbs/IdolMaster/index.html,IdolMaster,38
/bbs/points/index.html,points,38
/bbs/HelpBuy/index.html,HelpBuy,37
/bbs/DIABLO/index.html,DIABLO,37
/bbs/Guardians/index.html,Guardians,37
/bbs/Gov_owned/index.html,Gov_owned,36
/bbs/watch/index.html,watch,36
/bbs/job/index.html,job,36
/bbs/ClashRoyale/index.html,ClashRoyale,35
/bbs/lesbian/index.html,lesbian,35
/bbs/nb-shopping/index.html,nb-shopping,34
/bbs/hypermall/index.html,hypermall,34
/bbs/BTS/index.html,BTS,33
/bbs/Bank_Service/index.html,Bank_Service,33
/bbs/IZONE/index.html,IZONE,32
/bbs/MacShop/index.html,MacShop,32
/bbs/Taoyuan/index.html,Taoyuan,32
/bbs/Zastrology/index.html,Zastrology,32
/bbs/SuperBike/index.html,SuperBike,31
/bbs/Lions/index.html,Lions,31
/bbs/DC_SALE/index.html,DC_SALE,30
