﻿/bbs/Gossiping/index.html,Gossiping,6765
/bbs/NBA/index.html,NBA,1758
/bbs/C_Chat/index.html,C_Chat,1577
/bbs/Baseball/index.html,Baseball,1044
/bbs/Stock/index.html,Stock,992
/bbs/sex/index.html,sex,872
/bbs/HatePolitics/index.html,HatePolitics,763
/bbs/movie/index.html,movie,736
/bbs/MobileComm/index.html,MobileComm,612
/bbs/LoL/index.html,LoL,513
/bbs/Beauty/index.html,Beauty,458
/bbs/Boy-Girl/index.html,Boy-Girl,407
/bbs/Lifeismoney/index.html,Lifeismoney,395
/bbs/car/index.html,car,386
/bbs/ToS/index.html,ToS,383
/bbs/Tech_Job/index.html,Tech_Job,375
/bbs/marvel/index.html,marvel,367
/bbs/PC_Shopping/index.html,PC_Shopping,352
/bbs/BabyMother/index.html,BabyMother,330
/bbs/joke/index.html,joke,303
/bbs/WomenTalk/index.html,WomenTalk,295
/bbs/KR_Entertain/index.html,KR_Entertain,288
/bbs/PlayStation/index.html,PlayStation,266
/bbs/Tennis/index.html,Tennis,246
/bbs/Japan_Travel/index.html,Japan_Travel,229
/bbs/Steam/index.html,Steam,226
/bbs/Kaohsiung/index.html,Kaohsiung,223
/bbs/marriage/index.html,marriage,219
/bbs/AllTogether/index.html,AllTogether,219
/bbs/FATE_GO/index.html,FATE_GO,217
/bbs/e-shopping/index.html,e-shopping,212
/bbs/KoreaStar/index.html,KoreaStar,208
/bbs/creditcard/index.html,creditcard,208
/bbs/japanavgirls/index.html,japanavgirls,201
/bbs/KanColle/index.html,KanColle,200
/bbs/Tainan/index.html,Tainan,198
/bbs/ONE_PIECE/index.html,ONE_PIECE,180
/bbs/PCReDive/index.html,PCReDive,173
/bbs/Hearthstone/index.html,Hearthstone,171
/bbs/CFantasy/index.html,CFantasy,171
/bbs/SportLottery/index.html,SportLottery,159
/bbs/EAseries/index.html,EAseries,154
/bbs/NSwitch/index.html,NSwitch,153
/bbs/KoreaDrama/index.html,KoreaDrama,150
/bbs/TaichungBun/index.html,TaichungBun,143
/bbs/home-sale/index.html,home-sale,135
/bbs/HardwareSale/index.html,HardwareSale,129
/bbs/AC_In/index.html,AC_In,128
/bbs/PokemonGO/index.html,PokemonGO,128
/bbs/Elephants/index.html,Elephants,126
/bbs/iOS/index.html,iOS,118
/bbs/NBA_Film/index.html,NBA_Film,115
/bbs/Salary/index.html,Salary,110
/bbs/StupidClown/index.html,StupidClown,110
/bbs/MakeUp/index.html,MakeUp,108
/bbs/WOW/index.html,WOW,105
/bbs/CVS/index.html,CVS,99
/bbs/Japandrama/index.html,Japandrama,94
/bbs/BuyTogether/index.html,BuyTogether,91
/bbs/Aviation/index.html,Aviation,91
/bbs/PuzzleDragon/index.html,PuzzleDragon,88
/bbs/MuscleBeach/index.html,MuscleBeach,84
/bbs/BeautySalon/index.html,BeautySalon,83
/bbs/YuanChuang/index.html,YuanChuang,82
/bbs/biker/index.html,biker,82
/bbs/Soft_Job/index.html,Soft_Job,78
/bbs/Hsinchu/index.html,Hsinchu,78
/bbs/Palmar_Drama/index.html,Palmar_Drama,78
/bbs/Option/index.html,Option,77
/bbs/Headphone/index.html,Headphone,75
/bbs/Food/index.html,Food,74
/bbs/MLB/index.html,MLB,70
/bbs/Military/index.html,Military,68
/bbs/Gamesale/index.html,Gamesale,64
/bbs/cat/index.html,cat,64
/bbs/DSLR/index.html,DSLR,63
/bbs/part-time/index.html,part-time,63
/bbs/TaiwanDrama/index.html,TaiwanDrama,62
/bbs/mobilesales/index.html,mobilesales,61
/bbs/basketballTW/index.html,basketballTW,59
/bbs/gay/index.html,gay,59
/bbs/studyteacher/index.html,studyteacher,58
/bbs/China-Drama/index.html,China-Drama,57
/bbs/Wanted/index.html,Wanted,54
/bbs/TWICE/index.html,TWICE,54
/bbs/MobilePay/index.html,MobilePay,53
/bbs/KoreanPop/index.html,KoreanPop,50
/bbs/Mobile-game/index.html,Mobile-game,48
/bbs/Key_Mou_Pad/index.html,Key_Mou_Pad,48
/bbs/Examination/index.html,Examination,48
/bbs/CarShop/index.html,CarShop,47
/bbs/GBF/index.html,GBF,47
/bbs/TypeMoon/index.html,TypeMoon,45
/bbs/GetMarry/index.html,GetMarry,45
/bbs/forsale/index.html,forsale,45
/bbs/AKB48/index.html,AKB48,44
/bbs/Monkeys/index.html,Monkeys,44
/bbs/TW_Entertain/index.html,TW_Entertain,44
/bbs/PublicServan/index.html,PublicServan,43
/bbs/DMM_GAMES/index.html,DMM_GAMES,43
/bbs/LGBT_SEX/index.html,LGBT_SEX,42
/bbs/feminine_sex/index.html,feminine_sex,42
/bbs/MayDay/index.html,MayDay,42
/bbs/watch/index.html,watch,41
/bbs/MacShop/index.html,MacShop,40
/bbs/FITNESS/index.html,FITNESS,40
/bbs/DIABLO/index.html,DIABLO,39
/bbs/MH/index.html,MH,38
/bbs/HelpBuy/index.html,HelpBuy,38
/bbs/hypermall/index.html,hypermall,38
/bbs/medstudent/index.html,medstudent,38
/bbs/cookclub/index.html,cookclub,38
/bbs/Guardians/index.html,Guardians,38
/bbs/ClashRoyale/index.html,ClashRoyale,37
/bbs/IdolMaster/index.html,IdolMaster,37
/bbs/nb-shopping/index.html,nb-shopping,36
/bbs/graduate/index.html,graduate,36
/bbs/Taoyuan/index.html,Taoyuan,35
/bbs/Gov_owned/index.html,Gov_owned,34
/bbs/IZONE/index.html,IZONE,33
/bbs/job/index.html,job,33
/bbs/SuperBike/index.html,SuperBike,32
/bbs/Bank_Service/index.html,Bank_Service,31
/bbs/Lions/index.html,Lions,31
/bbs/points/index.html,points,30
/bbs/BTS/index.html,BTS,30
/bbs/MRT/index.html,MRT,30
/bbs/RealmOfValor/index.html,RealmOfValor,29
