﻿/bbs/Gossiping/index.html,Gossiping,10381
/bbs/NBA/index.html,NBA,2707
/bbs/C_Chat/index.html,C_Chat,2614
/bbs/Baseball/index.html,Baseball,1669
/bbs/Stock/index.html,Stock,1460
/bbs/sex/index.html,sex,1425
/bbs/movie/index.html,movie,1346
/bbs/HatePolitics/index.html,HatePolitics,1121
/bbs/MobileComm/index.html,MobileComm,913
/bbs/LoL/index.html,LoL,864
/bbs/Beauty/index.html,Beauty,752
/bbs/Lifeismoney/index.html,Lifeismoney,734
/bbs/ToS/index.html,ToS,698
/bbs/KR_Entertain/index.html,KR_Entertain,649
/bbs/Tech_Job/index.html,Tech_Job,627
/bbs/Boy-Girl/index.html,Boy-Girl,623
/bbs/car/index.html,car,599
/bbs/Tennis/index.html,Tennis,542
/bbs/marvel/index.html,marvel,527
/bbs/joke/index.html,joke,525
/bbs/WomenTalk/index.html,WomenTalk,513
/bbs/BabyMother/index.html,BabyMother,507
/bbs/PC_Shopping/index.html,PC_Shopping,505
/bbs/e-shopping/index.html,e-shopping,435
/bbs/KoreaStar/index.html,KoreaStar,432
/bbs/PlayStation/index.html,PlayStation,388
/bbs/AllTogether/index.html,AllTogether,380
/bbs/FATE_GO/index.html,FATE_GO,375
/bbs/Kaohsiung/index.html,Kaohsiung,361
/bbs/Japan_Travel/index.html,Japan_Travel,348
/bbs/marriage/index.html,marriage,338
/bbs/KoreaDrama/index.html,KoreaDrama,334
/bbs/japanavgirls/index.html,japanavgirls,327
/bbs/creditcard/index.html,creditcard,315
/bbs/Tainan/index.html,Tainan,313
/bbs/Steam/index.html,Steam,312
/bbs/Hearthstone/index.html,Hearthstone,309
/bbs/KanColle/index.html,KanColle,305
/bbs/PCReDive/index.html,PCReDive,291
/bbs/EAseries/index.html,EAseries,286
/bbs/SportLottery/index.html,SportLottery,281
/bbs/MakeUp/index.html,MakeUp,278
/bbs/ONE_PIECE/index.html,ONE_PIECE,276
/bbs/CFantasy/index.html,CFantasy,271
/bbs/NSwitch/index.html,NSwitch,249
/bbs/home-sale/index.html,home-sale,224
/bbs/Elephants/index.html,Elephants,221
/bbs/iOS/index.html,iOS,214
/bbs/TaichungBun/index.html,TaichungBun,212
/bbs/StupidClown/index.html,StupidClown,199
/bbs/AC_In/index.html,AC_In,198
/bbs/Salary/index.html,Salary,195
/bbs/HardwareSale/index.html,HardwareSale,185
/bbs/NBA_Film/index.html,NBA_Film,183
/bbs/BeautySalon/index.html,BeautySalon,183
/bbs/PuzzleDragon/index.html,PuzzleDragon,154
/bbs/CVS/index.html,CVS,154
/bbs/PokemonGO/index.html,PokemonGO,154
/bbs/Japandrama/index.html,Japandrama,153
/bbs/YuanChuang/index.html,YuanChuang,151
/bbs/BuyTogether/index.html,BuyTogether,147
/bbs/biker/index.html,biker,141
/bbs/MuscleBeach/index.html,MuscleBeach,136
/bbs/WOW/index.html,WOW,129
/bbs/Option/index.html,Option,124
/bbs/Hsinchu/index.html,Hsinchu,123
/bbs/Palmar_Drama/index.html,Palmar_Drama,123
/bbs/Soft_Job/index.html,Soft_Job,118
/bbs/Aviation/index.html,Aviation,118
/bbs/basketballTW/index.html,basketballTW,117
/bbs/gay/index.html,gay,117
/bbs/cat/index.html,cat,115
/bbs/Food/index.html,Food,115
/bbs/KoreanPop/index.html,KoreanPop,113
/bbs/part-time/index.html,part-time,112
/bbs/DSLR/index.html,DSLR,108
/bbs/Wanted/index.html,Wanted,106
/bbs/Headphone/index.html,Headphone,106
/bbs/lesbian/index.html,lesbian,106
/bbs/MLB/index.html,MLB,106
/bbs/MayDay/index.html,MayDay,104
/bbs/TaiwanDrama/index.html,TaiwanDrama,103
/bbs/TWICE/index.html,TWICE,102
/bbs/Gamesale/index.html,Gamesale,99
/bbs/mobilesales/index.html,mobilesales,98
/bbs/China-Drama/index.html,China-Drama,98
/bbs/Military/index.html,Military,98
/bbs/LGBT_SEX/index.html,LGBT_SEX,97
/bbs/graduate/index.html,graduate,91
/bbs/Key_Mou_Pad/index.html,Key_Mou_Pad,84
/bbs/feminine_sex/index.html,feminine_sex,84
/bbs/TW_Entertain/index.html,TW_Entertain,83
/bbs/nb-shopping/index.html,nb-shopping,82
/bbs/Examination/index.html,Examination,82
/bbs/GetMarry/index.html,GetMarry,80
/bbs/studyteacher/index.html,studyteacher,77
/bbs/Mobile-game/index.html,Mobile-game,75
/bbs/SuperJunior/index.html,SuperJunior,75
/bbs/MobilePay/index.html,MobilePay,73
/bbs/watch/index.html,watch,72
/bbs/FITNESS/index.html,FITNESS,72
/bbs/IZONE/index.html,IZONE,70
/bbs/DMM_GAMES/index.html,DMM_GAMES,69
/bbs/MH/index.html,MH,68
/bbs/CarShop/index.html,CarShop,68
/bbs/Monkeys/index.html,Monkeys,68
/bbs/cookclub/index.html,cookclub,68
/bbs/forsale/index.html,forsale,67
/bbs/IdolMaster/index.html,IdolMaster,66
/bbs/Lions/index.html,Lions,66
/bbs/AKB48/index.html,AKB48,65
/bbs/TypeMoon/index.html,TypeMoon,65
/bbs/Guardians/index.html,Guardians,65
/bbs/HelpBuy/index.html,HelpBuy,64
/bbs/SuperBike/index.html,SuperBike,64
/bbs/DIABLO/index.html,DIABLO,63
/bbs/FTV/index.html,FTV,62
/bbs/MacShop/index.html,MacShop,62
/bbs/BB-Love/index.html,BB-Love,61
/bbs/GBF/index.html,GBF,61
/bbs/PathofExile/index.html,PathofExile,59
/bbs/BTS/index.html,BTS,59
/bbs/Finance/index.html,Finance,58
/bbs/medstudent/index.html,medstudent,58
/bbs/DC_SALE/index.html,DC_SALE,56
/bbs/ClashRoyale/index.html,ClashRoyale,56
/bbs/OverWatch/index.html,OverWatch,56
/bbs/job/index.html,job,56
