﻿/bbs/Gossiping/index.html,Gossiping,18523
/bbs/Baseball/index.html,Baseball,5194
/bbs/HatePolitics/index.html,HatePolitics,3146
/bbs/NBA/index.html,NBA,3039
/bbs/C_Chat/index.html,C_Chat,3001
/bbs/movie/index.html,movie,1754
/bbs/Stock/index.html,Stock,1488
/bbs/LoL/index.html,LoL,1346
/bbs/Lifeismoney/index.html,Lifeismoney,1189
/bbs/Elephants/index.html,Elephants,1176
/bbs/MobileComm/index.html,MobileComm,1161
/bbs/KR_Entertain/index.html,KR_Entertain,960
/bbs/sex/index.html,sex,864
/bbs/car/index.html,car,822
/bbs/ToS/index.html,ToS,745
/bbs/Tech_Job/index.html,Tech_Job,718
/bbs/Guardians/index.html,Guardians,712
/bbs/WomenTalk/index.html,WomenTalk,689
/bbs/joke/index.html,joke,681
/bbs/Beauty/index.html,Beauty,679
/bbs/Boy-Girl/index.html,Boy-Girl,632
/bbs/Monkeys/index.html,Monkeys,604
/bbs/BabyMother/index.html,BabyMother,598
/bbs/PC_Shopping/index.html,PC_Shopping,595
/bbs/KoreaStar/index.html,KoreaStar,580
/bbs/Tennis/index.html,Tennis,562
/bbs/e-shopping/index.html,e-shopping,544
/bbs/Japan_Travel/index.html,Japan_Travel,521
/bbs/Hearthstone/index.html,Hearthstone,501
/bbs/marvel/index.html,marvel,500
/bbs/Kaohsiung/index.html,Kaohsiung,473
/bbs/KoreaDrama/index.html,KoreaDrama,453
/bbs/StupidClown/index.html,StupidClown,452
/bbs/marriage/index.html,marriage,418
/bbs/Steam/index.html,Steam,401
/bbs/MakeUp/index.html,MakeUp,397
/bbs/AllTogether/index.html,AllTogether,395
/bbs/PlayStation/index.html,PlayStation,391
/bbs/KanColle/index.html,KanColle,360
/bbs/creditcard/index.html,creditcard,351
/bbs/Tainan/index.html,Tainan,330
/bbs/home-sale/index.html,home-sale,324
/bbs/SportLottery/index.html,SportLottery,315
/bbs/Lions/index.html,Lions,303
/bbs/CFantasy/index.html,CFantasy,292
/bbs/japanavgirls/index.html,japanavgirls,279
/bbs/TaichungBun/index.html,TaichungBun,278
/bbs/EAseries/index.html,EAseries,277
/bbs/NSwitch/index.html,NSwitch,267
/bbs/ONE_PIECE/index.html,ONE_PIECE,258
/bbs/PCReDive/index.html,PCReDive,248
/bbs/FATE_GO/index.html,FATE_GO,244
/bbs/BeautySalon/index.html,BeautySalon,236
/bbs/iOS/index.html,iOS,234
/bbs/studyteacher/index.html,studyteacher,231
/bbs/Japandrama/index.html,Japandrama,216
/bbs/BuyTogether/index.html,BuyTogether,215
/bbs/PokemonGO/index.html,PokemonGO,213
/bbs/CVS/index.html,CVS,209
/bbs/HardwareSale/index.html,HardwareSale,204
/bbs/basketballTW/index.html,basketballTW,200
/bbs/KoreanPop/index.html,KoreanPop,198
/bbs/Examination/index.html,Examination,184
/bbs/AC_In/index.html,AC_In,183
/bbs/Hsinchu/index.html,Hsinchu,183
/bbs/YuanChuang/index.html,YuanChuang,177
/bbs/Salary/index.html,Salary,177
/bbs/NBA_Film/index.html,NBA_Film,174
/bbs/WOW/index.html,WOW,155
/bbs/PuzzleDragon/index.html,PuzzleDragon,154
/bbs/Food/index.html,Food,154
/bbs/Aviation/index.html,Aviation,153
/bbs/MuscleBeach/index.html,MuscleBeach,151
/bbs/TWICE/index.html,TWICE,151
/bbs/GBF/index.html,GBF,148
/bbs/biker/index.html,biker,144
/bbs/MH/index.html,MH,143
/bbs/mobilesales/index.html,mobilesales,139
/bbs/Soft_Job/index.html,Soft_Job,139
/bbs/China-Drama/index.html,China-Drama,137
/bbs/IZONE/index.html,IZONE,137
/bbs/Palmar_Drama/index.html,Palmar_Drama,137
/bbs/TaiwanDrama/index.html,TaiwanDrama,132
/bbs/Gamesale/index.html,Gamesale,131
/bbs/MayDay/index.html,MayDay,131
/bbs/cat/index.html,cat,130
/bbs/Headphone/index.html,Headphone,129
/bbs/gay/index.html,gay,114
/bbs/MobilePay/index.html,MobilePay,113
/bbs/GetMarry/index.html,GetMarry,112
/bbs/PublicServan/index.html,PublicServan,108
/bbs/forsale/index.html,forsale,108
/bbs/medstudent/index.html,medstudent,107
/bbs/part-time/index.html,part-time,107
/bbs/MLB/index.html,MLB,107
/bbs/TypeMoon/index.html,TypeMoon,106
/bbs/TW_Entertain/index.html,TW_Entertain,101
/bbs/Nogizaka46/index.html,Nogizaka46,100
/bbs/DSLR/index.html,DSLR,99
/bbs/BTS/index.html,BTS,98
/bbs/Finance/index.html,Finance,95
/bbs/lesbian/index.html,lesbian,95
/bbs/tabletennis/index.html,tabletennis,95
/bbs/Wanted/index.html,Wanted,93
/bbs/watch/index.html,watch,92
/bbs/AKB48/index.html,AKB48,91
/bbs/HelpBuy/index.html,HelpBuy,91
/bbs/CarShop/index.html,CarShop,90
/bbs/cookclub/index.html,cookclub,88
/bbs/Mobile-game/index.html,Mobile-game,87
/bbs/give/index.html,give,86
/bbs/Key_Mou_Pad/index.html,Key_Mou_Pad,86
/bbs/DMM_GAMES/index.html,DMM_GAMES,86
/bbs/fastfood/index.html,fastfood,85
/bbs/Gov_owned/index.html,Gov_owned,83
/bbs/StarCraft/index.html,StarCraft,83
/bbs/MacShop/index.html,MacShop,82
/bbs/Drama-Ticket/index.html,Drama-Ticket,80
/bbs/Taoyuan/index.html,Taoyuan,75
/bbs/Military/index.html,Military,75
/bbs/hypermall/index.html,hypermall,74
/bbs/SuperBike/index.html,SuperBike,74
/bbs/EXO/index.html,EXO,73
/bbs/nb-shopping/index.html,nb-shopping,72
/bbs/graduate/index.html,graduate,72
/bbs/ChungLi/index.html,ChungLi,71
/bbs/FITNESS/index.html,FITNESS,71
/bbs/IdolMaster/index.html,IdolMaster,68
