﻿/bbs/Gossiping/index.html,Gossiping,15913
/bbs/NBA/index.html,NBA,4012
/bbs/C_Chat/index.html,C_Chat,3239
/bbs/Baseball/index.html,Baseball,2834
/bbs/Stock/index.html,Stock,2268
/bbs/sex/index.html,sex,1951
/bbs/movie/index.html,movie,1904
/bbs/KR_Entertain/index.html,KR_Entertain,1716
/bbs/HatePolitics/index.html,HatePolitics,1544
/bbs/Lifeismoney/index.html,Lifeismoney,1347
/bbs/MobileComm/index.html,MobileComm,1313
/bbs/Tech_Job/index.html,Tech_Job,1087
/bbs/LoL/index.html,LoL,1052
/bbs/Beauty/index.html,Beauty,1045
/bbs/Tennis/index.html,Tennis,1036
/bbs/car/index.html,car,986
/bbs/ToS/index.html,ToS,983
/bbs/BabyMother/index.html,BabyMother,888
/bbs/Boy-Girl/index.html,Boy-Girl,870
/bbs/Kaohsiung/index.html,Kaohsiung,843
/bbs/e-shopping/index.html,e-shopping,838
/bbs/WomenTalk/index.html,WomenTalk,823
/bbs/Tainan/index.html,Tainan,800
/bbs/KoreaStar/index.html,KoreaStar,699
/bbs/joke/index.html,joke,686
/bbs/AllTogether/index.html,AllTogether,669
/bbs/marvel/index.html,marvel,659
/bbs/Japan_Travel/index.html,Japan_Travel,635
/bbs/FATE_GO/index.html,FATE_GO,627
/bbs/PC_Shopping/index.html,PC_Shopping,613
/bbs/KoreaDrama/index.html,KoreaDrama,536
/bbs/creditcard/index.html,creditcard,535
/bbs/marriage/index.html,marriage,525
/bbs/MakeUp/index.html,MakeUp,500
/bbs/PlayStation/index.html,PlayStation,488
/bbs/SportLottery/index.html,SportLottery,475
/bbs/japanavgirls/index.html,japanavgirls,429
/bbs/Elephants/index.html,Elephants,427
/bbs/Hearthstone/index.html,Hearthstone,418
/bbs/PCReDive/index.html,PCReDive,410
/bbs/Steam/index.html,Steam,398
/bbs/ONE_PIECE/index.html,ONE_PIECE,397
/bbs/KanColle/index.html,KanColle,391
/bbs/home-sale/index.html,home-sale,384
/bbs/EAseries/index.html,EAseries,341
/bbs/CFantasy/index.html,CFantasy,338
/bbs/NSwitch/index.html,NSwitch,336
/bbs/TaichungBun/index.html,TaichungBun,320
/bbs/NBA_Film/index.html,NBA_Film,314
/bbs/StupidClown/index.html,StupidClown,299
/bbs/TaiwanDrama/index.html,TaiwanDrama,296
/bbs/Salary/index.html,Salary,276
/bbs/BeautySalon/index.html,BeautySalon,274
/bbs/iOS/index.html,iOS,267
/bbs/BuyTogether/index.html,BuyTogether,265
/bbs/CVS/index.html,CVS,254
/bbs/Japandrama/index.html,Japandrama,254
/bbs/PokemonGO/index.html,PokemonGO,246
/bbs/AC_In/index.html,AC_In,227
/bbs/YuanChuang/index.html,YuanChuang,224
/bbs/MuscleBeach/index.html,MuscleBeach,223
/bbs/PuzzleDragon/index.html,PuzzleDragon,215
/bbs/MayDay/index.html,MayDay,208
/bbs/Option/index.html,Option,207
/bbs/Hsinchu/index.html,Hsinchu,202
/bbs/HardwareSale/index.html,HardwareSale,201
/bbs/MLB/index.html,MLB,198
/bbs/basketballTW/index.html,basketballTW,189
/bbs/Aviation/index.html,Aviation,188
/bbs/Palmar_Drama/index.html,Palmar_Drama,184
/bbs/lesbian/index.html,lesbian,181
/bbs/Food/index.html,Food,172
/bbs/studyteacher/index.html,studyteacher,171
/bbs/part-time/index.html,part-time,170
/bbs/WOW/index.html,WOW,167
/bbs/biker/index.html,biker,167
/bbs/TWICE/index.html,TWICE,166
/bbs/SuperJunior/index.html,SuperJunior,162
/bbs/KoreanPop/index.html,KoreanPop,162
/bbs/gay/index.html,gay,156
/bbs/Soft_Job/index.html,Soft_Job,155
/bbs/China-Drama/index.html,China-Drama,150
/bbs/Headphone/index.html,Headphone,150
/bbs/Examination/index.html,Examination,146
/bbs/cat/index.html,cat,145
/bbs/DSLR/index.html,DSLR,140
/bbs/GetMarry/index.html,GetMarry,139
/bbs/TW_Entertain/index.html,TW_Entertain,134
/bbs/Monkeys/index.html,Monkeys,133
/bbs/BTS/index.html,BTS,131
/bbs/mobilesales/index.html,mobilesales,130
/bbs/LGBT_SEX/index.html,LGBT_SEX,130
/bbs/Gamesale/index.html,Gamesale,128
/bbs/Guardians/index.html,Guardians,126
/bbs/CarShop/index.html,CarShop,124
/bbs/MobilePay/index.html,MobilePay,123
/bbs/Wanted/index.html,Wanted,119
/bbs/FITNESS/index.html,FITNESS,116
/bbs/Finance/index.html,Finance,115
/bbs/feminine_sex/index.html,feminine_sex,115
/bbs/Military/index.html,Military,115
/bbs/Key_Mou_Pad/index.html,Key_Mou_Pad,114
/bbs/AKB48/index.html,AKB48,112
/bbs/TypeMoon/index.html,TypeMoon,109
/bbs/graduate/index.html,graduate,109
/bbs/BB-Love/index.html,BB-Love,106
/bbs/Lions/index.html,Lions,106
/bbs/FTV/index.html,FTV,104
/bbs/PublicServan/index.html,PublicServan,102
/bbs/HelpBuy/index.html,HelpBuy,102
/bbs/Brand/index.html,Brand,100
/bbs/watch/index.html,watch,100
/bbs/DMM_GAMES/index.html,DMM_GAMES,99
/bbs/job/index.html,job,98
/bbs/give/index.html,give,96
/bbs/nb-shopping/index.html,nb-shopping,95
/bbs/forsale/index.html,forsale,95
/bbs/Zastrology/index.html,Zastrology,94
/bbs/MH/index.html,MH,92
/bbs/MacShop/index.html,MacShop,91
/bbs/Gov_owned/index.html,Gov_owned,91
/bbs/cookclub/index.html,cookclub,87
/bbs/medstudent/index.html,medstudent,86
/bbs/BabyProducts/index.html,BabyProducts,85
/bbs/RealmOfValor/index.html,RealmOfValor,85
/bbs/DC_SALE/index.html,DC_SALE,83
/bbs/ClashRoyale/index.html,ClashRoyale,82
/bbs/GBF/index.html,GBF,82
