﻿/bbs/Gossiping/index.html,Gossiping,10391
/bbs/NBA/index.html,NBA,2470
/bbs/C_Chat/index.html,C_Chat,1987
/bbs/Baseball/index.html,Baseball,1525
/bbs/Stock/index.html,Stock,1394
/bbs/sex/index.html,sex,1315
/bbs/HatePolitics/index.html,HatePolitics,1113
/bbs/movie/index.html,movie,943
/bbs/MobileComm/index.html,MobileComm,793
/bbs/Beauty/index.html,Beauty,710
/bbs/car/index.html,car,653
/bbs/Lifeismoney/index.html,Lifeismoney,612
/bbs/LoL/index.html,LoL,581
/bbs/ToS/index.html,ToS,574
/bbs/Tech_Job/index.html,Tech_Job,561
/bbs/Boy-Girl/index.html,Boy-Girl,559
/bbs/BabyMother/index.html,BabyMother,555
/bbs/WomenTalk/index.html,WomenTalk,480
/bbs/KR_Entertain/index.html,KR_Entertain,457
/bbs/PC_Shopping/index.html,PC_Shopping,427
/bbs/marvel/index.html,marvel,392
/bbs/joke/index.html,joke,388
/bbs/e-shopping/index.html,e-shopping,337
/bbs/Tennis/index.html,Tennis,335
/bbs/marriage/index.html,marriage,332
/bbs/AllTogether/index.html,AllTogether,330
/bbs/KoreaStar/index.html,KoreaStar,316
/bbs/PlayStation/index.html,PlayStation,310
/bbs/Japan_Travel/index.html,Japan_Travel,306
/bbs/creditcard/index.html,creditcard,304
/bbs/Tainan/index.html,Tainan,274
/bbs/japanavgirls/index.html,japanavgirls,266
/bbs/Kaohsiung/index.html,Kaohsiung,263
/bbs/FATE_GO/index.html,FATE_GO,256
/bbs/SportLottery/index.html,SportLottery,249
/bbs/Steam/index.html,Steam,246
/bbs/ONE_PIECE/index.html,ONE_PIECE,229
/bbs/KoreaDrama/index.html,KoreaDrama,226
/bbs/Hearthstone/index.html,Hearthstone,209
/bbs/KanColle/index.html,KanColle,204
/bbs/TaichungBun/index.html,TaichungBun,201
/bbs/home-sale/index.html,home-sale,193
/bbs/PCReDive/index.html,PCReDive,191
/bbs/NSwitch/index.html,NSwitch,187
/bbs/EAseries/index.html,EAseries,187
/bbs/MakeUp/index.html,MakeUp,184
/bbs/StupidClown/index.html,StupidClown,179
/bbs/CFantasy/index.html,CFantasy,175
/bbs/PokemonGO/index.html,PokemonGO,173
/bbs/iOS/index.html,iOS,172
/bbs/HardwareSale/index.html,HardwareSale,164
/bbs/Elephants/index.html,Elephants,159
/bbs/Salary/index.html,Salary,156
/bbs/BeautySalon/index.html,BeautySalon,152
/bbs/AC_In/index.html,AC_In,143
/bbs/NBA_Film/index.html,NBA_Film,143
/bbs/BuyTogether/index.html,BuyTogether,131
/bbs/WOW/index.html,WOW,126
/bbs/CVS/index.html,CVS,124
/bbs/PuzzleDragon/index.html,PuzzleDragon,116
/bbs/Aviation/index.html,Aviation,114
/bbs/MuscleBeach/index.html,MuscleBeach,111
/bbs/biker/index.html,biker,109
/bbs/NY-Yankees/index.html,NY-Yankees,108
/bbs/basketballTW/index.html,basketballTW,108
/bbs/Soft_Job/index.html,Soft_Job,105
/bbs/Japandrama/index.html,Japandrama,104
/bbs/Hsinchu/index.html,Hsinchu,103
/bbs/Palmar_Drama/index.html,Palmar_Drama,99
/bbs/MLB/index.html,MLB,98
/bbs/studyteacher/index.html,studyteacher,96
/bbs/gay/index.html,gay,94
/bbs/YuanChuang/index.html,YuanChuang,91
/bbs/TaiwanDrama/index.html,TaiwanDrama,89
/bbs/Gamesale/index.html,Gamesale,88
/bbs/mobilesales/index.html,mobilesales,86
/bbs/part-time/index.html,part-time,84
/bbs/forsale/index.html,forsale,83
/bbs/KoreanPop/index.html,KoreanPop,78
/bbs/Option/index.html,Option,77
/bbs/cat/index.html,cat,77
/bbs/lesbian/index.html,lesbian,77
/bbs/MobilePay/index.html,MobilePay,76
/bbs/Food/index.html,Food,76
/bbs/DSLR/index.html,DSLR,73
/bbs/watch/index.html,watch,73
/bbs/Examination/index.html,Examination,72
/bbs/MayDay/index.html,MayDay,72
/bbs/Headphone/index.html,Headphone,70
/bbs/PublicServan/index.html,PublicServan,69
/bbs/medstudent/index.html,medstudent,69
/bbs/Military/index.html,Military,69
/bbs/China-Drama/index.html,China-Drama,66
/bbs/Mobile-game/index.html,Mobile-game,65
/bbs/GetMarry/index.html,GetMarry,65
/bbs/LGBT_SEX/index.html,LGBT_SEX,64
/bbs/Wanted/index.html,Wanted,63
/bbs/TWICE/index.html,TWICE,63
/bbs/feminine_sex/index.html,feminine_sex,62
/bbs/FITNESS/index.html,FITNESS,62
/bbs/Gov_owned/index.html,Gov_owned,60
/bbs/GBF/index.html,GBF,60
/bbs/TW_Entertain/index.html,TW_Entertain,59
/bbs/CarShop/index.html,CarShop,57
/bbs/Monkeys/index.html,Monkeys,56
/bbs/cookclub/index.html,cookclub,56
/bbs/BTS/index.html,BTS,53
/bbs/DMM_GAMES/index.html,DMM_GAMES,53
/bbs/TypeMoon/index.html,TypeMoon,52
/bbs/AKB48/index.html,AKB48,51
/bbs/MH/index.html,MH,51
/bbs/Finance/index.html,Finance,51
/bbs/BB-Love/index.html,BB-Love,51
/bbs/Key_Mou_Pad/index.html,Key_Mou_Pad,50
/bbs/HelpBuy/index.html,HelpBuy,49
/bbs/Guardians/index.html,Guardians,49
/bbs/hypermall/index.html,hypermall,48
/bbs/DIABLO/index.html,DIABLO,47
/bbs/MacShop/index.html,MacShop,45
/bbs/SuperJunior/index.html,SuperJunior,44
/bbs/Taoyuan/index.html,Taoyuan,43
/bbs/SuperBike/index.html,SuperBike,43
/bbs/BabyProducts/index.html,BabyProducts,42
/bbs/graduate/index.html,graduate,41
/bbs/Bank_Service/index.html,Bank_Service,41
/bbs/DC_SALE/index.html,DC_SALE,40
/bbs/IdolMaster/index.html,IdolMaster,40
/bbs/fastfood/index.html,fastfood,40
