﻿/bbs/Gossiping/index.html,Gossiping,7423
/bbs/NBA/index.html,NBA,1897
/bbs/C_Chat/index.html,C_Chat,1890
/bbs/Baseball/index.html,Baseball,1146
/bbs/Stock/index.html,Stock,1072
/bbs/sex/index.html,sex,952
/bbs/movie/index.html,movie,903
/bbs/HatePolitics/index.html,HatePolitics,871
/bbs/MobileComm/index.html,MobileComm,697
/bbs/LoL/index.html,LoL,675
/bbs/Beauty/index.html,Beauty,481
/bbs/Lifeismoney/index.html,Lifeismoney,479
/bbs/ToS/index.html,ToS,464
/bbs/car/index.html,car,440
/bbs/marvel/index.html,marvel,431
/bbs/Tech_Job/index.html,Tech_Job,426
/bbs/Boy-Girl/index.html,Boy-Girl,426
/bbs/PC_Shopping/index.html,PC_Shopping,396
/bbs/KR_Entertain/index.html,KR_Entertain,392
/bbs/joke/index.html,joke,373
/bbs/BabyMother/index.html,BabyMother,358
/bbs/Tennis/index.html,Tennis,331
/bbs/WomenTalk/index.html,WomenTalk,319
/bbs/FATE_GO/index.html,FATE_GO,302
/bbs/PlayStation/index.html,PlayStation,284
/bbs/Steam/index.html,Steam,269
/bbs/KoreaStar/index.html,KoreaStar,266
/bbs/AllTogether/index.html,AllTogether,258
/bbs/e-shopping/index.html,e-shopping,251
/bbs/Japan_Travel/index.html,Japan_Travel,243
/bbs/KanColle/index.html,KanColle,232
/bbs/creditcard/index.html,creditcard,226
/bbs/Hearthstone/index.html,Hearthstone,225
/bbs/Kaohsiung/index.html,Kaohsiung,224
/bbs/SportLottery/index.html,SportLottery,222
/bbs/marriage/index.html,marriage,218
/bbs/Tainan/index.html,Tainan,212
/bbs/japanavgirls/index.html,japanavgirls,209
/bbs/CFantasy/index.html,CFantasy,202
/bbs/PCReDive/index.html,PCReDive,196
/bbs/ONE_PIECE/index.html,ONE_PIECE,193
/bbs/EAseries/index.html,EAseries,188
/bbs/KoreaDrama/index.html,KoreaDrama,188
/bbs/NSwitch/index.html,NSwitch,177
/bbs/MakeUp/index.html,MakeUp,159
/bbs/iOS/index.html,iOS,153
/bbs/AC_In/index.html,AC_In,148
/bbs/TaichungBun/index.html,TaichungBun,147
/bbs/Elephants/index.html,Elephants,145
/bbs/HardwareSale/index.html,HardwareSale,142
/bbs/NBA_Film/index.html,NBA_Film,132
/bbs/PokemonGO/index.html,PokemonGO,130
/bbs/home-sale/index.html,home-sale,124
/bbs/CVS/index.html,CVS,124
/bbs/Salary/index.html,Salary,117
/bbs/PuzzleDragon/index.html,PuzzleDragon,116
/bbs/StupidClown/index.html,StupidClown,116
/bbs/Japandrama/index.html,Japandrama,116
/bbs/BeautySalon/index.html,BeautySalon,115
/bbs/WOW/index.html,WOW,113
/bbs/BuyTogether/index.html,BuyTogether,106
/bbs/YuanChuang/index.html,YuanChuang,104
/bbs/biker/index.html,biker,104
/bbs/Option/index.html,Option,98
/bbs/MuscleBeach/index.html,MuscleBeach,93
/bbs/Palmar_Drama/index.html,Palmar_Drama,90
/bbs/Aviation/index.html,Aviation,81
/bbs/China-Drama/index.html,China-Drama,80
/bbs/MLB/index.html,MLB,79
/bbs/Wanted/index.html,Wanted,78
/bbs/DSLR/index.html,DSLR,77
/bbs/Food/index.html,Food,77
/bbs/Soft_Job/index.html,Soft_Job,76
/bbs/KoreanPop/index.html,KoreanPop,76
/bbs/Hsinchu/index.html,Hsinchu,75
/bbs/Headphone/index.html,Headphone,74
/bbs/part-time/index.html,part-time,70
/bbs/basketballTW/index.html,basketballTW,70
/bbs/mobilesales/index.html,mobilesales,69
/bbs/gay/index.html,gay,68
/bbs/Military/index.html,Military,68
/bbs/cat/index.html,cat,66
/bbs/TWICE/index.html,TWICE,64
/bbs/Gamesale/index.html,Gamesale,62
/bbs/Key_Mou_Pad/index.html,Key_Mou_Pad,60
/bbs/TaiwanDrama/index.html,TaiwanDrama,60
/bbs/DMM_GAMES/index.html,DMM_GAMES,60
/bbs/studyteacher/index.html,studyteacher,58
/bbs/cookclub/index.html,cookclub,58
/bbs/GetMarry/index.html,GetMarry,56
/bbs/Mobile-game/index.html,Mobile-game,55
/bbs/AKB48/index.html,AKB48,54
/bbs/TW_Entertain/index.html,TW_Entertain,54
/bbs/MobilePay/index.html,MobilePay,52
/bbs/feminine_sex/index.html,feminine_sex,52
/bbs/MayDay/index.html,MayDay,52
/bbs/Monkeys/index.html,Monkeys,50
/bbs/lesbian/index.html,lesbian,50
/bbs/CarShop/index.html,CarShop,49
/bbs/HelpBuy/index.html,HelpBuy,49
/bbs/GBF/index.html,GBF,49
/bbs/ClashRoyale/index.html,ClashRoyale,48
/bbs/TypeMoon/index.html,TypeMoon,48
/bbs/LGBT_SEX/index.html,LGBT_SEX,48
/bbs/IdolMaster/index.html,IdolMaster,47
/bbs/watch/index.html,watch,47
/bbs/Examination/index.html,Examination,45
/bbs/DIABLO/index.html,DIABLO,45
/bbs/forsale/index.html,forsale,45
/bbs/SuperJunior/index.html,SuperJunior,44
/bbs/Guardians/index.html,Guardians,44
/bbs/IZONE/index.html,IZONE,43
/bbs/MacShop/index.html,MacShop,43
/bbs/SuperBike/index.html,SuperBike,43
/bbs/FITNESS/index.html,FITNESS,43
/bbs/MH/index.html,MH,42
/bbs/nb-shopping/index.html,nb-shopping,41
/bbs/graduate/index.html,graduate,41
/bbs/BTS/index.html,BTS,41
/bbs/job/index.html,job,41
/bbs/PublicServan/index.html,PublicServan,40
/bbs/Lions/index.html,Lions,38
/bbs/DC_SALE/index.html,DC_SALE,37
/bbs/Nogizaka46/index.html,Nogizaka46,37
/bbs/medstudent/index.html,medstudent,37
/bbs/Gov_owned/index.html,Gov_owned,37
/bbs/Taoyuan/index.html,Taoyuan,36
/bbs/hypermall/index.html,hypermall,35
