﻿/bbs/Gossiping/index.html,Gossiping,19145
/bbs/Baseball/index.html,Baseball,5053
/bbs/C_Chat/index.html,C_Chat,3324
/bbs/NBA/index.html,NBA,3115
/bbs/HatePolitics/index.html,HatePolitics,2710
/bbs/movie/index.html,movie,2058
/bbs/Stock/index.html,Stock,1714
/bbs/Lifeismoney/index.html,Lifeismoney,1435
/bbs/sex/index.html,sex,1388
/bbs/MobileComm/index.html,MobileComm,1365
/bbs/LoL/index.html,LoL,1273
/bbs/car/index.html,car,1185
/bbs/BabyMother/index.html,BabyMother,1089
/bbs/KR_Entertain/index.html,KR_Entertain,1076
/bbs/e-shopping/index.html,e-shopping,961
/bbs/ToS/index.html,ToS,923
/bbs/WomenTalk/index.html,WomenTalk,853
/bbs/joke/index.html,joke,832
/bbs/Tech_Job/index.html,Tech_Job,758
/bbs/Tennis/index.html,Tennis,755
/bbs/Beauty/index.html,Beauty,739
/bbs/Boy-Girl/index.html,Boy-Girl,721
/bbs/PC_Shopping/index.html,PC_Shopping,673
/bbs/Hearthstone/index.html,Hearthstone,654
/bbs/KoreaDrama/index.html,KoreaDrama,640
/bbs/Japan_Travel/index.html,Japan_Travel,630
/bbs/KoreaStar/index.html,KoreaStar,598
/bbs/marvel/index.html,marvel,590
/bbs/Elephants/index.html,Elephants,568
/bbs/marriage/index.html,marriage,548
/bbs/AllTogether/index.html,AllTogether,546
/bbs/MakeUp/index.html,MakeUp,513
/bbs/Kaohsiung/index.html,Kaohsiung,512
/bbs/PlayStation/index.html,PlayStation,465
/bbs/StupidClown/index.html,StupidClown,461
/bbs/Steam/index.html,Steam,454
/bbs/SportLottery/index.html,SportLottery,443
/bbs/Tainan/index.html,Tainan,439
/bbs/home-sale/index.html,home-sale,435
/bbs/KanColle/index.html,KanColle,416
/bbs/creditcard/index.html,creditcard,412
/bbs/Monkeys/index.html,Monkeys,371
/bbs/TW_Entertain/index.html,TW_Entertain,350
/bbs/EAseries/index.html,EAseries,346
/bbs/TaiwanDrama/index.html,TaiwanDrama,337
/bbs/japanavgirls/index.html,japanavgirls,326
/bbs/TaichungBun/index.html,TaichungBun,324
/bbs/iOS/index.html,iOS,321
/bbs/Japandrama/index.html,Japandrama,314
/bbs/CFantasy/index.html,CFantasy,312
/bbs/BeautySalon/index.html,BeautySalon,309
/bbs/Guardians/index.html,Guardians,297
/bbs/NSwitch/index.html,NSwitch,270
/bbs/BuyTogether/index.html,BuyTogether,267
/bbs/YuanChuang/index.html,YuanChuang,259
/bbs/FATE_GO/index.html,FATE_GO,252
/bbs/ONE_PIECE/index.html,ONE_PIECE,250
/bbs/basketballTW/index.html,basketballTW,242
/bbs/PokemonGO/index.html,PokemonGO,241
/bbs/PCReDive/index.html,PCReDive,240
/bbs/Lions/index.html,Lions,240
/bbs/Salary/index.html,Salary,223
/bbs/AC_In/index.html,AC_In,221
/bbs/HardwareSale/index.html,HardwareSale,220
/bbs/studyteacher/index.html,studyteacher,217
/bbs/CVS/index.html,CVS,215
/bbs/PuzzleDragon/index.html,PuzzleDragon,209
/bbs/KoreanPop/index.html,KoreanPop,199
/bbs/gay/index.html,gay,198
/bbs/Hsinchu/index.html,Hsinchu,193
/bbs/Examination/index.html,Examination,191
/bbs/Food/index.html,Food,189
/bbs/NBA_Film/index.html,NBA_Film,188
/bbs/MuscleBeach/index.html,MuscleBeach,186
/bbs/biker/index.html,biker,181
/bbs/WOW/index.html,WOW,180
/bbs/lesbian/index.html,lesbian,177
/bbs/China-Drama/index.html,China-Drama,174
/bbs/MayDay/index.html,MayDay,173
/bbs/TWICE/index.html,TWICE,172
/bbs/Aviation/index.html,Aviation,170
/bbs/GetMarry/index.html,GetMarry,167
/bbs/MobilePay/index.html,MobilePay,156
/bbs/Finance/index.html,Finance,155
/bbs/cat/index.html,cat,154
/bbs/mobilesales/index.html,mobilesales,153
/bbs/Headphone/index.html,Headphone,151
/bbs/MH/index.html,MH,147
/bbs/GBF/index.html,GBF,143
/bbs/MLB/index.html,MLB,143
/bbs/Gamesale/index.html,Gamesale,141
/bbs/BTS/index.html,BTS,139
/bbs/Soft_Job/index.html,Soft_Job,137
/bbs/Palmar_Drama/index.html,Palmar_Drama,131
/bbs/HelpBuy/index.html,HelpBuy,126
/bbs/Wanted/index.html,Wanted,126
/bbs/part-time/index.html,part-time,124
/bbs/IZONE/index.html,IZONE,122
/bbs/cookclub/index.html,cookclub,118
/bbs/PublicServan/index.html,PublicServan,115
/bbs/forsale/index.html,forsale,115
/bbs/AKB48/index.html,AKB48,114
/bbs/CarShop/index.html,CarShop,114
/bbs/tabletennis/index.html,tabletennis,111
/bbs/MacShop/index.html,MacShop,109
/bbs/DSLR/index.html,DSLR,106
/bbs/TypeMoon/index.html,TypeMoon,105
/bbs/give/index.html,give,102
/bbs/BabyProducts/index.html,BabyProducts,100
/bbs/Zastrology/index.html,Zastrology,99
/bbs/DMM_GAMES/index.html,DMM_GAMES,98
/bbs/FITNESS/index.html,FITNESS,98
/bbs/E-appliance/index.html,E-appliance,97
/bbs/watch/index.html,watch,97
/bbs/Mobile-game/index.html,Mobile-game,96
/bbs/Key_Mou_Pad/index.html,Key_Mou_Pad,96
/bbs/medstudent/index.html,medstudent,96
/bbs/fastfood/index.html,fastfood,95
/bbs/graduate/index.html,graduate,94
/bbs/Military/index.html,Military,94
/bbs/Nogizaka46/index.html,Nogizaka46,93
/bbs/Teacher/index.html,Teacher,91
/bbs/Brand/index.html,Brand,90
/bbs/Taoyuan/index.html,Taoyuan,88
/bbs/LGBT_SEX/index.html,LGBT_SEX,87
/bbs/Gov_owned/index.html,Gov_owned,87
/bbs/job/index.html,job,84
/bbs/nb-shopping/index.html,nb-shopping,81
