﻿/bbs/Gossiping/index.html,Gossiping,19795
/bbs/Baseball/index.html,Baseball,4466
/bbs/HatePolitics/index.html,HatePolitics,3411
/bbs/NBA/index.html,NBA,2993
/bbs/C_Chat/index.html,C_Chat,2812
/bbs/movie/index.html,movie,1669
/bbs/Stock/index.html,Stock,1472
/bbs/LoL/index.html,LoL,1205
/bbs/MobileComm/index.html,MobileComm,1178
/bbs/Lifeismoney/index.html,Lifeismoney,1152
/bbs/Elephants/index.html,Elephants,1008
/bbs/sex/index.html,sex,935
/bbs/KR_Entertain/index.html,KR_Entertain,779
/bbs/car/index.html,car,744
/bbs/ToS/index.html,ToS,731
/bbs/Tech_Job/index.html,Tech_Job,694
/bbs/WomenTalk/index.html,WomenTalk,688
/bbs/KoreaStar/index.html,KoreaStar,686
/bbs/Boy-Girl/index.html,Boy-Girl,677
/bbs/Beauty/index.html,Beauty,626
/bbs/BabyMother/index.html,BabyMother,581
/bbs/PC_Shopping/index.html,PC_Shopping,580
/bbs/marvel/index.html,marvel,527
/bbs/e-shopping/index.html,e-shopping,515
/bbs/Hearthstone/index.html,Hearthstone,510
/bbs/Kaohsiung/index.html,Kaohsiung,505
/bbs/Japan_Travel/index.html,Japan_Travel,503
/bbs/joke/index.html,joke,481
/bbs/Guardians/index.html,Guardians,449
/bbs/StupidClown/index.html,StupidClown,422
/bbs/marriage/index.html,marriage,415
/bbs/Tennis/index.html,Tennis,403
/bbs/KoreaDrama/index.html,KoreaDrama,386
/bbs/Steam/index.html,Steam,376
/bbs/KanColle/index.html,KanColle,371
/bbs/PlayStation/index.html,PlayStation,369
/bbs/MakeUp/index.html,MakeUp,365
/bbs/AllTogether/index.html,AllTogether,362
/bbs/Tainan/index.html,Tainan,349
/bbs/creditcard/index.html,creditcard,348
/bbs/Lions/index.html,Lions,332
/bbs/SportLottery/index.html,SportLottery,323
/bbs/Monkeys/index.html,Monkeys,306
/bbs/CFantasy/index.html,CFantasy,282
/bbs/home-sale/index.html,home-sale,276
/bbs/japanavgirls/index.html,japanavgirls,269
/bbs/FATE_GO/index.html,FATE_GO,267
/bbs/EAseries/index.html,EAseries,259
/bbs/TaichungBun/index.html,TaichungBun,256
/bbs/iOS/index.html,iOS,252
/bbs/NSwitch/index.html,NSwitch,252
/bbs/studyteacher/index.html,studyteacher,226
/bbs/PCReDive/index.html,PCReDive,223
/bbs/Japandrama/index.html,Japandrama,218
/bbs/PokemonGO/index.html,PokemonGO,209
/bbs/ONE_PIECE/index.html,ONE_PIECE,208
/bbs/basketballTW/index.html,basketballTW,207
/bbs/HardwareSale/index.html,HardwareSale,205
/bbs/AC_In/index.html,AC_In,204
/bbs/BuyTogether/index.html,BuyTogether,202
/bbs/BeautySalon/index.html,BeautySalon,200
/bbs/Food/index.html,Food,190
/bbs/CVS/index.html,CVS,188
/bbs/Salary/index.html,Salary,184
/bbs/NBA_Film/index.html,NBA_Film,170
/bbs/KoreanPop/index.html,KoreanPop,168
/bbs/Hsinchu/index.html,Hsinchu,164
/bbs/MuscleBeach/index.html,MuscleBeach,161
/bbs/Examination/index.html,Examination,155
/bbs/PuzzleDragon/index.html,PuzzleDragon,153
/bbs/mobilesales/index.html,mobilesales,151
/bbs/YuanChuang/index.html,YuanChuang,151
/bbs/biker/index.html,biker,148
/bbs/TWICE/index.html,TWICE,139
/bbs/WOW/index.html,WOW,137
/bbs/Aviation/index.html,Aviation,135
/bbs/Gamesale/index.html,Gamesale,128
/bbs/GBF/index.html,GBF,128
/bbs/Palmar_Drama/index.html,Palmar_Drama,125
/bbs/GetMarry/index.html,GetMarry,124
/bbs/China-Drama/index.html,China-Drama,121
/bbs/DSLR/index.html,DSLR,117
/bbs/MayDay/index.html,MayDay,117
/bbs/TaiwanDrama/index.html,TaiwanDrama,116
/bbs/MLB/index.html,MLB,115
/bbs/Headphone/index.html,Headphone,113
/bbs/BTS/index.html,BTS,113
/bbs/MH/index.html,MH,112
/bbs/Soft_Job/index.html,Soft_Job,112
/bbs/Finance/index.html,Finance,105
/bbs/part-time/index.html,part-time,105
/bbs/Nogizaka46/index.html,Nogizaka46,103
/bbs/MobilePay/index.html,MobilePay,102
/bbs/IZONE/index.html,IZONE,102
/bbs/cat/index.html,cat,100
/bbs/forsale/index.html,forsale,100
/bbs/TypeMoon/index.html,TypeMoon,99
/bbs/Military/index.html,Military,99
/bbs/cookclub/index.html,cookclub,97
/bbs/fastfood/index.html,fastfood,95
/bbs/HelpBuy/index.html,HelpBuy,94
/bbs/Wanted/index.html,Wanted,91
/bbs/CarShop/index.html,CarShop,89
/bbs/Drama-Ticket/index.html,Drama-Ticket,89
/bbs/Key_Mou_Pad/index.html,Key_Mou_Pad,87
/bbs/DMM_GAMES/index.html,DMM_GAMES,87
/bbs/lesbian/index.html,lesbian,87
/bbs/StarCraft/index.html,StarCraft,84
/bbs/tabletennis/index.html,tabletennis,84
/bbs/AKB48/index.html,AKB48,83
/bbs/watch/index.html,watch,83
/bbs/Mobile-game/index.html,Mobile-game,82
/bbs/PublicServan/index.html,PublicServan,81
/bbs/MacShop/index.html,MacShop,79
/bbs/gay/index.html,gay,79
/bbs/medstudent/index.html,medstudent,77
/bbs/Gov_owned/index.html,Gov_owned,77
/bbs/give/index.html,give,75
/bbs/hypermall/index.html,hypermall,74
/bbs/nb-shopping/index.html,nb-shopping,72
/bbs/IdolMaster/index.html,IdolMaster,71
/bbs/Brand/index.html,Brand,70
/bbs/PathofExile/index.html,PathofExile,69
/bbs/TW_Entertain/index.html,TW_Entertain,67
/bbs/Teacher/index.html,Teacher,66
/bbs/FITNESS/index.html,FITNESS,66
/bbs/E-appliance/index.html,E-appliance,65
/bbs/RealmOfValor/index.html,RealmOfValor,65
