﻿/bbs/Gossiping/index.html,Gossiping,14819
/bbs/NBA/index.html,NBA,3687
/bbs/C_Chat/index.html,C_Chat,2879
/bbs/Baseball/index.html,Baseball,2175
/bbs/Stock/index.html,Stock,1806
/bbs/HatePolitics/index.html,HatePolitics,1491
/bbs/sex/index.html,sex,1301
/bbs/movie/index.html,movie,1232
/bbs/MobileComm/index.html,MobileComm,1143
/bbs/Beauty/index.html,Beauty,971
/bbs/Lifeismoney/index.html,Lifeismoney,941
/bbs/car/index.html,car,912
/bbs/KR_Entertain/index.html,KR_Entertain,856
/bbs/Tech_Job/index.html,Tech_Job,805
/bbs/ToS/index.html,ToS,773
/bbs/LoL/index.html,LoL,765
/bbs/Boy-Girl/index.html,Boy-Girl,714
/bbs/BabyMother/index.html,BabyMother,668
/bbs/WomenTalk/index.html,WomenTalk,634
/bbs/creditcard/index.html,creditcard,609
/bbs/KoreaStar/index.html,KoreaStar,603
/bbs/PC_Shopping/index.html,PC_Shopping,547
/bbs/marvel/index.html,marvel,536
/bbs/e-shopping/index.html,e-shopping,512
/bbs/joke/index.html,joke,491
/bbs/Japan_Travel/index.html,Japan_Travel,454
/bbs/AllTogether/index.html,AllTogether,428
/bbs/PlayStation/index.html,PlayStation,395
/bbs/Tainan/index.html,Tainan,377
/bbs/Kaohsiung/index.html,Kaohsiung,346
/bbs/MakeUp/index.html,MakeUp,344
/bbs/Steam/index.html,Steam,340
/bbs/Tennis/index.html,Tennis,324
/bbs/KoreaDrama/index.html,KoreaDrama,321
/bbs/marriage/index.html,marriage,318
/bbs/japanavgirls/index.html,japanavgirls,317
/bbs/home-sale/index.html,home-sale,301
/bbs/SportLottery/index.html,SportLottery,293
/bbs/KanColle/index.html,KanColle,286
/bbs/Hearthstone/index.html,Hearthstone,284
/bbs/FATE_GO/index.html,FATE_GO,280
/bbs/ONE_PIECE/index.html,ONE_PIECE,270
/bbs/iOS/index.html,iOS,263
/bbs/PCReDive/index.html,PCReDive,257
/bbs/PokemonGO/index.html,PokemonGO,250
/bbs/NSwitch/index.html,NSwitch,245
/bbs/TaichungBun/index.html,TaichungBun,244
/bbs/EAseries/index.html,EAseries,226
/bbs/AC_In/index.html,AC_In,216
/bbs/StupidClown/index.html,StupidClown,216
/bbs/Salary/index.html,Salary,213
/bbs/CFantasy/index.html,CFantasy,210
/bbs/Elephants/index.html,Elephants,206
/bbs/BeautySalon/index.html,BeautySalon,199
/bbs/BuyTogether/index.html,BuyTogether,183
/bbs/HardwareSale/index.html,HardwareSale,180
/bbs/CVS/index.html,CVS,180
/bbs/NBA_Film/index.html,NBA_Film,170
/bbs/MobilePay/index.html,MobilePay,167
/bbs/Japandrama/index.html,Japandrama,167
/bbs/WOW/index.html,WOW,154
/bbs/PuzzleDragon/index.html,PuzzleDragon,152
/bbs/MuscleBeach/index.html,MuscleBeach,150
/bbs/Aviation/index.html,Aviation,146
/bbs/Hsinchu/index.html,Hsinchu,145
/bbs/Soft_Job/index.html,Soft_Job,144
/bbs/basketballTW/index.html,basketballTW,141
/bbs/Gamesale/index.html,Gamesale,140
/bbs/YuanChuang/index.html,YuanChuang,136
/bbs/Food/index.html,Food,131
/bbs/biker/index.html,biker,130
/bbs/TaiwanDrama/index.html,TaiwanDrama,126
/bbs/MLB/index.html,MLB,124
/bbs/mobilesales/index.html,mobilesales,123
/bbs/Palmar_Drama/index.html,Palmar_Drama,121
/bbs/Headphone/index.html,Headphone,120
/bbs/Examination/index.html,Examination,118
/bbs/MayDay/index.html,MayDay,115
/bbs/cat/index.html,cat,112
/bbs/GetMarry/index.html,GetMarry,112
/bbs/TWICE/index.html,TWICE,112
/bbs/China-Drama/index.html,China-Drama,109
/bbs/studyteacher/index.html,studyteacher,107
/bbs/GBF/index.html,GBF,105
/bbs/KoreanPop/index.html,KoreanPop,102
/bbs/part-time/index.html,part-time,100
/bbs/forsale/index.html,forsale,99
/bbs/Finance/index.html,Finance,97
/bbs/DSLR/index.html,DSLR,94
/bbs/IZONE/index.html,IZONE,92
/bbs/CarShop/index.html,CarShop,86
/bbs/Monkeys/index.html,Monkeys,86
/bbs/FITNESS/index.html,FITNESS,85
/bbs/Military/index.html,Military,85
/bbs/BTS/index.html,BTS,84
/bbs/NY-Yankees/index.html,NY-Yankees,84
/bbs/lesbian/index.html,lesbian,84
/bbs/DMM_GAMES/index.html,DMM_GAMES,83
/bbs/Wanted/index.html,Wanted,81
/bbs/gay/index.html,gay,81
/bbs/TypeMoon/index.html,TypeMoon,80
/bbs/Gov_owned/index.html,Gov_owned,80
/bbs/MacShop/index.html,MacShop,79
/bbs/graduate/index.html,graduate,79
/bbs/PublicServan/index.html,PublicServan,78
/bbs/tabletennis/index.html,tabletennis,78
/bbs/LGBT_SEX/index.html,LGBT_SEX,77
/bbs/feminine_sex/index.html,feminine_sex,77
/bbs/watch/index.html,watch,77
/bbs/medstudent/index.html,medstudent,76
/bbs/TW_Entertain/index.html,TW_Entertain,75
/bbs/job/index.html,job,74
/bbs/Mobile-game/index.html,Mobile-game,73
/bbs/nb-shopping/index.html,nb-shopping,72
/bbs/Key_Mou_Pad/index.html,Key_Mou_Pad,70
/bbs/HelpBuy/index.html,HelpBuy,70
/bbs/cookclub/index.html,cookclub,70
/bbs/RealmOfValor/index.html,RealmOfValor,70
/bbs/PathofExile/index.html,PathofExile,68
/bbs/hypermall/index.html,hypermall,68
/bbs/SuperJunior/index.html,SuperJunior,66
/bbs/MH/index.html,MH,65
/bbs/give/index.html,give,64
/bbs/Taoyuan/index.html,Taoyuan,64
/bbs/fastfood/index.html,fastfood,61
/bbs/AKB48/index.html,AKB48,60
/bbs/Bank_Service/index.html,Bank_Service,60
/bbs/Drama-Ticket/index.html,Drama-Ticket,59
