﻿/bbs/Gossiping/index.html,Gossiping,19468
/bbs/Baseball/index.html,Baseball,4665
/bbs/C_Chat/index.html,C_Chat,3335
/bbs/NBA/index.html,NBA,3152
/bbs/HatePolitics/index.html,HatePolitics,2586
/bbs/movie/index.html,movie,2299
/bbs/Stock/index.html,Stock,1679
/bbs/sex/index.html,sex,1434
/bbs/Lifeismoney/index.html,Lifeismoney,1426
/bbs/MobileComm/index.html,MobileComm,1385
/bbs/LoL/index.html,LoL,1263
/bbs/car/index.html,car,1143
/bbs/KR_Entertain/index.html,KR_Entertain,1106
/bbs/BabyMother/index.html,BabyMother,1063
/bbs/e-shopping/index.html,e-shopping,1049
/bbs/ToS/index.html,ToS,945
/bbs/WomenTalk/index.html,WomenTalk,897
/bbs/Boy-Girl/index.html,Boy-Girl,893
/bbs/Beauty/index.html,Beauty,833
/bbs/joke/index.html,joke,831
/bbs/Tech_Job/index.html,Tech_Job,770
/bbs/Tennis/index.html,Tennis,745
/bbs/KoreaStar/index.html,KoreaStar,723
/bbs/PC_Shopping/index.html,PC_Shopping,712
/bbs/KoreaDrama/index.html,KoreaDrama,669
/bbs/Japan_Travel/index.html,Japan_Travel,666
/bbs/marriage/index.html,marriage,609
/bbs/marvel/index.html,marvel,602
/bbs/Hearthstone/index.html,Hearthstone,579
/bbs/AllTogether/index.html,AllTogether,561
/bbs/MakeUp/index.html,MakeUp,536
/bbs/Kaohsiung/index.html,Kaohsiung,495
/bbs/SportLottery/index.html,SportLottery,476
/bbs/PlayStation/index.html,PlayStation,471
/bbs/Elephants/index.html,Elephants,468
/bbs/Tainan/index.html,Tainan,456
/bbs/StupidClown/index.html,StupidClown,451
/bbs/Steam/index.html,Steam,440
/bbs/home-sale/index.html,home-sale,437
/bbs/creditcard/index.html,creditcard,409
/bbs/KanColle/index.html,KanColle,408
/bbs/EAseries/index.html,EAseries,401
/bbs/japanavgirls/index.html,japanavgirls,387
/bbs/TaichungBun/index.html,TaichungBun,342
/bbs/BeautySalon/index.html,BeautySalon,338
/bbs/TW_Entertain/index.html,TW_Entertain,318
/bbs/iOS/index.html,iOS,317
/bbs/Japandrama/index.html,Japandrama,313
/bbs/CFantasy/index.html,CFantasy,310
/bbs/NSwitch/index.html,NSwitch,308
/bbs/Monkeys/index.html,Monkeys,278
/bbs/ONE_PIECE/index.html,ONE_PIECE,271
/bbs/BuyTogether/index.html,BuyTogether,268
/bbs/TaiwanDrama/index.html,TaiwanDrama,264
/bbs/YuanChuang/index.html,YuanChuang,258
/bbs/CVS/index.html,CVS,255
/bbs/PokemonGO/index.html,PokemonGO,251
/bbs/PCReDive/index.html,PCReDive,243
/bbs/FATE_GO/index.html,FATE_GO,233
/bbs/IZONE/index.html,IZONE,233
/bbs/basketballTW/index.html,basketballTW,233
/bbs/studyteacher/index.html,studyteacher,223
/bbs/HardwareSale/index.html,HardwareSale,221
/bbs/Guardians/index.html,Guardians,221
/bbs/AC_In/index.html,AC_In,218
/bbs/PuzzleDragon/index.html,PuzzleDragon,214
/bbs/Salary/index.html,Salary,214
/bbs/Hsinchu/index.html,Hsinchu,210
/bbs/MuscleBeach/index.html,MuscleBeach,208
/bbs/biker/index.html,biker,208
/bbs/Lions/index.html,Lions,208
/bbs/MayDay/index.html,MayDay,197
/bbs/KoreanPop/index.html,KoreanPop,196
/bbs/Food/index.html,Food,194
/bbs/GetMarry/index.html,GetMarry,192
/bbs/China-Drama/index.html,China-Drama,178
/bbs/NBA_Film/index.html,NBA_Film,177
/bbs/Examination/index.html,Examination,176
/bbs/TWICE/index.html,TWICE,171
/bbs/gay/index.html,gay,169
/bbs/WOW/index.html,WOW,167
/bbs/lesbian/index.html,lesbian,167
/bbs/Aviation/index.html,Aviation,158
/bbs/MLB/index.html,MLB,158
/bbs/cat/index.html,cat,155
/bbs/BTS/index.html,BTS,153
/bbs/Headphone/index.html,Headphone,151
/bbs/mobilesales/index.html,mobilesales,150
/bbs/MobilePay/index.html,MobilePay,146
/bbs/Wanted/index.html,Wanted,143
/bbs/Gamesale/index.html,Gamesale,140
/bbs/Finance/index.html,Finance,138
/bbs/CarShop/index.html,CarShop,136
/bbs/GBF/index.html,GBF,132
/bbs/Palmar_Drama/index.html,Palmar_Drama,132
/bbs/Zastrology/index.html,Zastrology,128
/bbs/MH/index.html,MH,127
/bbs/part-time/index.html,part-time,127
/bbs/cookclub/index.html,cookclub,123
/bbs/HelpBuy/index.html,HelpBuy,122
/bbs/Soft_Job/index.html,Soft_Job,121
/bbs/give/index.html,give,120
/bbs/DMM_GAMES/index.html,DMM_GAMES,117
/bbs/FITNESS/index.html,FITNESS,117
/bbs/DSLR/index.html,DSLR,116
/bbs/forsale/index.html,forsale,113
/bbs/PublicServan/index.html,PublicServan,108
/bbs/AKB48/index.html,AKB48,106
/bbs/MacShop/index.html,MacShop,105
/bbs/feminine_sex/index.html,feminine_sex,101
/bbs/tabletennis/index.html,tabletennis,101
/bbs/TypeMoon/index.html,TypeMoon,100
/bbs/watch/index.html,watch,100
/bbs/graduate/index.html,graduate,97
/bbs/Military/index.html,Military,96
/bbs/Drama-Ticket/index.html,Drama-Ticket,95
/bbs/Nogizaka46/index.html,Nogizaka46,94
/bbs/BabyProducts/index.html,BabyProducts,93
/bbs/Gov_owned/index.html,Gov_owned,93
/bbs/E-appliance/index.html,E-appliance,91
/bbs/Key_Mou_Pad/index.html,Key_Mou_Pad,91
/bbs/Brand/index.html,Brand,91
/bbs/medstudent/index.html,medstudent,88
/bbs/DC_SALE/index.html,DC_SALE,87
/bbs/Mobile-game/index.html,Mobile-game,87
/bbs/LGBT_SEX/index.html,LGBT_SEX,86
/bbs/Taoyuan/index.html,Taoyuan,86
/bbs/facelift/index.html,facelift,84
