﻿/bbs/Gossiping/index.html,Gossiping,19215
/bbs/Baseball/index.html,Baseball,5129
/bbs/C_Chat/index.html,C_Chat,3279
/bbs/NBA/index.html,NBA,3129
/bbs/HatePolitics/index.html,HatePolitics,2746
/bbs/movie/index.html,movie,2094
/bbs/Stock/index.html,Stock,1688
/bbs/Lifeismoney/index.html,Lifeismoney,1418
/bbs/MobileComm/index.html,MobileComm,1368
/bbs/LoL/index.html,LoL,1317
/bbs/sex/index.html,sex,1296
/bbs/car/index.html,car,1207
/bbs/BabyMother/index.html,BabyMother,1053
/bbs/KR_Entertain/index.html,KR_Entertain,1047
/bbs/ToS/index.html,ToS,914
/bbs/e-shopping/index.html,e-shopping,899
/bbs/WomenTalk/index.html,WomenTalk,824
/bbs/Tennis/index.html,Tennis,800
/bbs/joke/index.html,joke,786
/bbs/Tech_Job/index.html,Tech_Job,767
/bbs/Beauty/index.html,Beauty,739
/bbs/Hearthstone/index.html,Hearthstone,692
/bbs/Boy-Girl/index.html,Boy-Girl,684
/bbs/PC_Shopping/index.html,PC_Shopping,641
/bbs/KoreaDrama/index.html,KoreaDrama,625
/bbs/Elephants/index.html,Elephants,593
/bbs/Japan_Travel/index.html,Japan_Travel,588
/bbs/KoreaStar/index.html,KoreaStar,585
/bbs/marvel/index.html,marvel,565
/bbs/Kaohsiung/index.html,Kaohsiung,540
/bbs/AllTogether/index.html,AllTogether,539
/bbs/marriage/index.html,marriage,536
/bbs/MakeUp/index.html,MakeUp,532
/bbs/PlayStation/index.html,PlayStation,488
/bbs/StupidClown/index.html,StupidClown,482
/bbs/Steam/index.html,Steam,443
/bbs/home-sale/index.html,home-sale,433
/bbs/SportLottery/index.html,SportLottery,427
/bbs/KanColle/index.html,KanColle,424
/bbs/Tainan/index.html,Tainan,421
/bbs/creditcard/index.html,creditcard,403
/bbs/TW_Entertain/index.html,TW_Entertain,370
/bbs/Monkeys/index.html,Monkeys,364
/bbs/EAseries/index.html,EAseries,358
/bbs/TaiwanDrama/index.html,TaiwanDrama,330
/bbs/TaichungBun/index.html,TaichungBun,324
/bbs/japanavgirls/index.html,japanavgirls,319
/bbs/Guardians/index.html,Guardians,317
/bbs/CFantasy/index.html,CFantasy,301
/bbs/iOS/index.html,iOS,298
/bbs/BeautySalon/index.html,BeautySalon,290
/bbs/Japandrama/index.html,Japandrama,289
/bbs/Lions/index.html,Lions,270
/bbs/NSwitch/index.html,NSwitch,255
/bbs/YuanChuang/index.html,YuanChuang,249
/bbs/BuyTogether/index.html,BuyTogether,245
/bbs/basketballTW/index.html,basketballTW,241
/bbs/PokemonGO/index.html,PokemonGO,240
/bbs/PCReDive/index.html,PCReDive,239
/bbs/FATE_GO/index.html,FATE_GO,238
/bbs/ONE_PIECE/index.html,ONE_PIECE,238
/bbs/studyteacher/index.html,studyteacher,234
/bbs/HardwareSale/index.html,HardwareSale,233
/bbs/CVS/index.html,CVS,231
/bbs/Hsinchu/index.html,Hsinchu,220
/bbs/AC_In/index.html,AC_In,215
/bbs/Salary/index.html,Salary,215
/bbs/MuscleBeach/index.html,MuscleBeach,212
/bbs/gay/index.html,gay,204
/bbs/KoreanPop/index.html,KoreanPop,188
/bbs/biker/index.html,biker,186
/bbs/MayDay/index.html,MayDay,186
/bbs/PuzzleDragon/index.html,PuzzleDragon,185
/bbs/Examination/index.html,Examination,177
/bbs/NBA_Film/index.html,NBA_Film,176
/bbs/Aviation/index.html,Aviation,173
/bbs/Food/index.html,Food,172
/bbs/WOW/index.html,WOW,170
/bbs/TWICE/index.html,TWICE,170
/bbs/China-Drama/index.html,China-Drama,166
/bbs/GetMarry/index.html,GetMarry,165
/bbs/cat/index.html,cat,152
/bbs/Gamesale/index.html,Gamesale,151
/bbs/Palmar_Drama/index.html,Palmar_Drama,148
/bbs/GBF/index.html,GBF,147
/bbs/MobilePay/index.html,MobilePay,145
/bbs/BTS/index.html,BTS,144
/bbs/mobilesales/index.html,mobilesales,143
/bbs/IZONE/index.html,IZONE,139
/bbs/MLB/index.html,MLB,139
/bbs/MH/index.html,MH,137
/bbs/Headphone/index.html,Headphone,137
/bbs/Soft_Job/index.html,Soft_Job,135
/bbs/HelpBuy/index.html,HelpBuy,133
/bbs/Finance/index.html,Finance,128
/bbs/lesbian/index.html,lesbian,128
/bbs/forsale/index.html,forsale,128
/bbs/part-time/index.html,part-time,125
/bbs/CarShop/index.html,CarShop,124
/bbs/Wanted/index.html,Wanted,123
/bbs/cookclub/index.html,cookclub,118
/bbs/watch/index.html,watch,110
/bbs/AKB48/index.html,AKB48,109
/bbs/DSLR/index.html,DSLR,109
/bbs/TypeMoon/index.html,TypeMoon,106
/bbs/DMM_GAMES/index.html,DMM_GAMES,104
/bbs/Zastrology/index.html,Zastrology,102
/bbs/tabletennis/index.html,tabletennis,102
/bbs/Drama-Ticket/index.html,Drama-Ticket,101
/bbs/FITNESS/index.html,FITNESS,101
/bbs/MacShop/index.html,MacShop,100
/bbs/PublicServan/index.html,PublicServan,96
/bbs/Key_Mou_Pad/index.html,Key_Mou_Pad,95
/bbs/Mobile-game/index.html,Mobile-game,90
/bbs/Nogizaka46/index.html,Nogizaka46,90
/bbs/E-appliance/index.html,E-appliance,90
/bbs/medstudent/index.html,medstudent,90
/bbs/give/index.html,give,88
/bbs/Brand/index.html,Brand,88
/bbs/SENIORHIGH/index.html,SENIORHIGH,88
/bbs/Taoyuan/index.html,Taoyuan,87
/bbs/graduate/index.html,graduate,87
/bbs/Gov_owned/index.html,Gov_owned,87
/bbs/fastfood/index.html,fastfood,86
/bbs/BabyProducts/index.html,BabyProducts,83
/bbs/LGBT_SEX/index.html,LGBT_SEX,83
/bbs/facelift/index.html,facelift,83
/bbs/Military/index.html,Military,83
