﻿/bbs/Gossiping/index.html,Gossiping,19521
/bbs/Baseball/index.html,Baseball,4370
/bbs/HatePolitics/index.html,HatePolitics,3423
/bbs/NBA/index.html,NBA,3008
/bbs/C_Chat/index.html,C_Chat,2889
/bbs/movie/index.html,movie,1630
/bbs/Stock/index.html,Stock,1451
/bbs/Lifeismoney/index.html,Lifeismoney,1212
/bbs/LoL/index.html,LoL,1170
/bbs/Elephants/index.html,Elephants,1158
/bbs/MobileComm/index.html,MobileComm,1124
/bbs/sex/index.html,sex,950
/bbs/KR_Entertain/index.html,KR_Entertain,826
/bbs/car/index.html,car,736
/bbs/WomenTalk/index.html,WomenTalk,724
/bbs/ToS/index.html,ToS,710
/bbs/Tech_Job/index.html,Tech_Job,688
/bbs/KoreaStar/index.html,KoreaStar,681
/bbs/Beauty/index.html,Beauty,651
/bbs/Boy-Girl/index.html,Boy-Girl,643
/bbs/BabyMother/index.html,BabyMother,567
/bbs/PC_Shopping/index.html,PC_Shopping,551
/bbs/marvel/index.html,marvel,527
/bbs/Guardians/index.html,Guardians,526
/bbs/e-shopping/index.html,e-shopping,508
/bbs/Hearthstone/index.html,Hearthstone,502
/bbs/Japan_Travel/index.html,Japan_Travel,491
/bbs/Kaohsiung/index.html,Kaohsiung,480
/bbs/Tennis/index.html,Tennis,474
/bbs/joke/index.html,joke,443
/bbs/StupidClown/index.html,StupidClown,423
/bbs/marriage/index.html,marriage,409
/bbs/KoreaDrama/index.html,KoreaDrama,401
/bbs/PlayStation/index.html,PlayStation,400
/bbs/Steam/index.html,Steam,376
/bbs/KanColle/index.html,KanColle,375
/bbs/AllTogether/index.html,AllTogether,371
/bbs/MakeUp/index.html,MakeUp,367
/bbs/Monkeys/index.html,Monkeys,357
/bbs/creditcard/index.html,creditcard,352
/bbs/Tainan/index.html,Tainan,322
/bbs/SportLottery/index.html,SportLottery,321
/bbs/Lions/index.html,Lions,296
/bbs/home-sale/index.html,home-sale,292
/bbs/CFantasy/index.html,CFantasy,275
/bbs/TaichungBun/index.html,TaichungBun,271
/bbs/iOS/index.html,iOS,264
/bbs/EAseries/index.html,EAseries,261
/bbs/FATE_GO/index.html,FATE_GO,260
/bbs/NSwitch/index.html,NSwitch,260
/bbs/japanavgirls/index.html,japanavgirls,254
/bbs/PCReDive/index.html,PCReDive,227
/bbs/studyteacher/index.html,studyteacher,223
/bbs/Japandrama/index.html,Japandrama,217
/bbs/ONE_PIECE/index.html,ONE_PIECE,210
/bbs/HardwareSale/index.html,HardwareSale,207
/bbs/BeautySalon/index.html,BeautySalon,205
/bbs/basketballTW/index.html,basketballTW,200
/bbs/BuyTogether/index.html,BuyTogether,197
/bbs/CVS/index.html,CVS,192
/bbs/Salary/index.html,Salary,190
/bbs/PokemonGO/index.html,PokemonGO,182
/bbs/Food/index.html,Food,175
/bbs/NBA_Film/index.html,NBA_Film,167
/bbs/AC_In/index.html,AC_In,164
/bbs/biker/index.html,biker,159
/bbs/PuzzleDragon/index.html,PuzzleDragon,158
/bbs/MuscleBeach/index.html,MuscleBeach,158
/bbs/YuanChuang/index.html,YuanChuang,152
/bbs/WOW/index.html,WOW,152
/bbs/KoreanPop/index.html,KoreanPop,151
/bbs/Hsinchu/index.html,Hsinchu,150
/bbs/Examination/index.html,Examination,144
/bbs/Palmar_Drama/index.html,Palmar_Drama,140
/bbs/TWICE/index.html,TWICE,139
/bbs/MLB/index.html,MLB,137
/bbs/mobilesales/index.html,mobilesales,136
/bbs/Gamesale/index.html,Gamesale,135
/bbs/GBF/index.html,GBF,130
/bbs/GetMarry/index.html,GetMarry,129
/bbs/Aviation/index.html,Aviation,128
/bbs/Soft_Job/index.html,Soft_Job,126
/bbs/TaiwanDrama/index.html,TaiwanDrama,125
/bbs/MayDay/index.html,MayDay,125
/bbs/BTS/index.html,BTS,122
/bbs/China-Drama/index.html,China-Drama,119
/bbs/Finance/index.html,Finance,114
/bbs/IZONE/index.html,IZONE,114
/bbs/MH/index.html,MH,113
/bbs/part-time/index.html,part-time,108
/bbs/MobilePay/index.html,MobilePay,104
/bbs/Nogizaka46/index.html,Nogizaka46,101
/bbs/DSLR/index.html,DSLR,100
/bbs/Headphone/index.html,Headphone,98
/bbs/fastfood/index.html,fastfood,97
/bbs/cat/index.html,cat,97
/bbs/Wanted/index.html,Wanted,95
/bbs/gay/index.html,gay,95
/bbs/CarShop/index.html,CarShop,94
/bbs/TypeMoon/index.html,TypeMoon,93
/bbs/HelpBuy/index.html,HelpBuy,92
/bbs/cookclub/index.html,cookclub,91
/bbs/PublicServan/index.html,PublicServan,86
/bbs/forsale/index.html,forsale,86
/bbs/Key_Mou_Pad/index.html,Key_Mou_Pad,85
/bbs/DMM_GAMES/index.html,DMM_GAMES,85
/bbs/Military/index.html,Military,85
/bbs/StarCraft/index.html,StarCraft,84
/bbs/MacShop/index.html,MacShop,83
/bbs/Drama-Ticket/index.html,Drama-Ticket,83
/bbs/SuperJunior/index.html,SuperJunior,81
/bbs/medstudent/index.html,medstudent,81
/bbs/AKB48/index.html,AKB48,80
/bbs/lesbian/index.html,lesbian,80
/bbs/Mobile-game/index.html,Mobile-game,79
/bbs/watch/index.html,watch,79
/bbs/Gov_owned/index.html,Gov_owned,75
/bbs/PathofExile/index.html,PathofExile,74
/bbs/tabletennis/index.html,tabletennis,73
/bbs/IdolMaster/index.html,IdolMaster,72
/bbs/TW_Entertain/index.html,TW_Entertain,72
/bbs/give/index.html,give,70
/bbs/Teacher/index.html,Teacher,70
/bbs/nb-shopping/index.html,nb-shopping,69
/bbs/hypermall/index.html,hypermall,68
/bbs/FITNESS/index.html,FITNESS,67
/bbs/ChungLi/index.html,ChungLi,66
/bbs/E-appliance/index.html,E-appliance,64
