﻿/bbs/Gossiping/index.html,Gossiping,6763
/bbs/NBA/index.html,NBA,1742
/bbs/C_Chat/index.html,C_Chat,1649
/bbs/Baseball/index.html,Baseball,1032
/bbs/Stock/index.html,Stock,1015
/bbs/sex/index.html,sex,875
/bbs/HatePolitics/index.html,HatePolitics,774
/bbs/movie/index.html,movie,755
/bbs/MobileComm/index.html,MobileComm,628
/bbs/LoL/index.html,LoL,588
/bbs/Beauty/index.html,Beauty,442
/bbs/Lifeismoney/index.html,Lifeismoney,403
/bbs/ToS/index.html,ToS,385
/bbs/car/index.html,car,384
/bbs/Boy-Girl/index.html,Boy-Girl,384
/bbs/Tech_Job/index.html,Tech_Job,369
/bbs/PC_Shopping/index.html,PC_Shopping,360
/bbs/marvel/index.html,marvel,350
/bbs/joke/index.html,joke,342
/bbs/BabyMother/index.html,BabyMother,310
/bbs/KR_Entertain/index.html,KR_Entertain,309
/bbs/WomenTalk/index.html,WomenTalk,288
/bbs/PlayStation/index.html,PlayStation,268
/bbs/Tennis/index.html,Tennis,249
/bbs/FATE_GO/index.html,FATE_GO,243
/bbs/Steam/index.html,Steam,242
/bbs/AllTogether/index.html,AllTogether,225
/bbs/e-shopping/index.html,e-shopping,224
/bbs/creditcard/index.html,creditcard,220
/bbs/Kaohsiung/index.html,Kaohsiung,214
/bbs/Japan_Travel/index.html,Japan_Travel,213
/bbs/marriage/index.html,marriage,211
/bbs/KanColle/index.html,KanColle,210
/bbs/KoreaStar/index.html,KoreaStar,206
/bbs/Tainan/index.html,Tainan,203
/bbs/Hearthstone/index.html,Hearthstone,183
/bbs/japanavgirls/index.html,japanavgirls,183
/bbs/PCReDive/index.html,PCReDive,175
/bbs/ONE_PIECE/index.html,ONE_PIECE,175
/bbs/CFantasy/index.html,CFantasy,172
/bbs/SportLottery/index.html,SportLottery,167
/bbs/NSwitch/index.html,NSwitch,163
/bbs/EAseries/index.html,EAseries,160
/bbs/KoreaDrama/index.html,KoreaDrama,148
/bbs/AC_In/index.html,AC_In,140
/bbs/TaichungBun/index.html,TaichungBun,134
/bbs/HardwareSale/index.html,HardwareSale,131
/bbs/Elephants/index.html,Elephants,131
/bbs/home-sale/index.html,home-sale,129
/bbs/PokemonGO/index.html,PokemonGO,128
/bbs/NBA_Film/index.html,NBA_Film,123
/bbs/MakeUp/index.html,MakeUp,121
/bbs/iOS/index.html,iOS,109
/bbs/WOW/index.html,WOW,109
/bbs/PuzzleDragon/index.html,PuzzleDragon,107
/bbs/Salary/index.html,Salary,107
/bbs/StupidClown/index.html,StupidClown,102
/bbs/Japandrama/index.html,Japandrama,101
/bbs/CVS/index.html,CVS,97
/bbs/BeautySalon/index.html,BeautySalon,95
/bbs/YuanChuang/index.html,YuanChuang,91
/bbs/MuscleBeach/index.html,MuscleBeach,91
/bbs/biker/index.html,biker,91
/bbs/Option/index.html,Option,89
/bbs/BuyTogether/index.html,BuyTogether,87
/bbs/Headphone/index.html,Headphone,77
/bbs/part-time/index.html,part-time,77
/bbs/Palmar_Drama/index.html,Palmar_Drama,77
/bbs/Aviation/index.html,Aviation,75
/bbs/Soft_Job/index.html,Soft_Job,74
/bbs/Food/index.html,Food,71
/bbs/Gamesale/index.html,Gamesale,70
/bbs/MLB/index.html,MLB,69
/bbs/DSLR/index.html,DSLR,67
/bbs/TaiwanDrama/index.html,TaiwanDrama,66
/bbs/Hsinchu/index.html,Hsinchu,64
/bbs/Military/index.html,Military,63
/bbs/cat/index.html,cat,62
/bbs/mobilesales/index.html,mobilesales,61
/bbs/China-Drama/index.html,China-Drama,60
/bbs/basketballTW/index.html,basketballTW,60
/bbs/gay/index.html,gay,60
/bbs/KoreanPop/index.html,KoreanPop,59
/bbs/Wanted/index.html,Wanted,59
/bbs/TWICE/index.html,TWICE,59
/bbs/TypeMoon/index.html,TypeMoon,58
/bbs/Mobile-game/index.html,Mobile-game,56
/bbs/Key_Mou_Pad/index.html,Key_Mou_Pad,56
/bbs/studyteacher/index.html,studyteacher,56
/bbs/DMM_GAMES/index.html,DMM_GAMES,53
/bbs/cookclub/index.html,cookclub,49
/bbs/MayDay/index.html,MayDay,49
/bbs/AKB48/index.html,AKB48,48
/bbs/MobilePay/index.html,MobilePay,48
/bbs/feminine_sex/index.html,feminine_sex,48
/bbs/GetMarry/index.html,GetMarry,48
/bbs/ClashRoyale/index.html,ClashRoyale,45
/bbs/graduate/index.html,graduate,44
/bbs/TW_Entertain/index.html,TW_Entertain,44
/bbs/HelpBuy/index.html,HelpBuy,43
/bbs/BTS/index.html,BTS,42
/bbs/CarShop/index.html,CarShop,41
/bbs/forsale/index.html,forsale,41
/bbs/IdolMaster/index.html,IdolMaster,40
/bbs/MH/index.html,MH,39
/bbs/PublicServan/index.html,PublicServan,39
/bbs/medstudent/index.html,medstudent,39
/bbs/Gov_owned/index.html,Gov_owned,39
/bbs/DIABLO/index.html,DIABLO,39
/bbs/GBF/index.html,GBF,39
/bbs/lesbian/index.html,lesbian,39
/bbs/LGBT_SEX/index.html,LGBT_SEX,38
/bbs/Monkeys/index.html,Monkeys,38
/bbs/job/index.html,job,38
/bbs/nb-shopping/index.html,nb-shopping,37
/bbs/Examination/index.html,Examination,37
/bbs/watch/index.html,watch,37
/bbs/IZONE/index.html,IZONE,36
/bbs/Guardians/index.html,Guardians,36
/bbs/hypermall/index.html,hypermall,35
/bbs/FITNESS/index.html,FITNESS,35
/bbs/SuperJunior/index.html,SuperJunior,34
/bbs/points/index.html,points,34
/bbs/DC_SALE/index.html,DC_SALE,33
/bbs/SuperBike/index.html,SuperBike,33
/bbs/Nogizaka46/index.html,Nogizaka46,32
/bbs/MacShop/index.html,MacShop,32
/bbs/Lions/index.html,Lions,32
