﻿/bbs/Gossiping/index.html,Gossiping,13933
/bbs/NBA/index.html,NBA,3670
/bbs/C_Chat/index.html,C_Chat,3044
/bbs/Baseball/index.html,Baseball,2391
/bbs/Stock/index.html,Stock,2066
/bbs/sex/index.html,sex,1931
/bbs/movie/index.html,movie,1781
/bbs/HatePolitics/index.html,HatePolitics,1468
/bbs/MobileComm/index.html,MobileComm,1202
/bbs/KR_Entertain/index.html,KR_Entertain,1160
/bbs/Lifeismoney/index.html,Lifeismoney,1131
/bbs/LoL/index.html,LoL,1014
/bbs/Beauty/index.html,Beauty,964
/bbs/Tennis/index.html,Tennis,947
/bbs/ToS/index.html,ToS,944
/bbs/Tech_Job/index.html,Tech_Job,929
/bbs/car/index.html,car,848
/bbs/Boy-Girl/index.html,Boy-Girl,834
/bbs/WomenTalk/index.html,WomenTalk,768
/bbs/e-shopping/index.html,e-shopping,716
/bbs/BabyMother/index.html,BabyMother,703
/bbs/marvel/index.html,marvel,670
/bbs/KoreaStar/index.html,KoreaStar,627
/bbs/joke/index.html,joke,623
/bbs/AllTogether/index.html,AllTogether,607
/bbs/PC_Shopping/index.html,PC_Shopping,587
/bbs/Kaohsiung/index.html,Kaohsiung,560
/bbs/FATE_GO/index.html,FATE_GO,532
/bbs/Tainan/index.html,Tainan,523
/bbs/KoreaDrama/index.html,KoreaDrama,518
/bbs/Japan_Travel/index.html,Japan_Travel,509
/bbs/marriage/index.html,marriage,488
/bbs/SportLottery/index.html,SportLottery,475
/bbs/creditcard/index.html,creditcard,463
/bbs/PlayStation/index.html,PlayStation,461
/bbs/MakeUp/index.html,MakeUp,423
/bbs/Hearthstone/index.html,Hearthstone,412
/bbs/japanavgirls/index.html,japanavgirls,387
/bbs/PCReDive/index.html,PCReDive,385
/bbs/Steam/index.html,Steam,383
/bbs/KanColle/index.html,KanColle,381
/bbs/ONE_PIECE/index.html,ONE_PIECE,373
/bbs/home-sale/index.html,home-sale,335
/bbs/EAseries/index.html,EAseries,324
/bbs/CFantasy/index.html,CFantasy,311
/bbs/Elephants/index.html,Elephants,306
/bbs/TaichungBun/index.html,TaichungBun,303
/bbs/NSwitch/index.html,NSwitch,296
/bbs/iOS/index.html,iOS,284
/bbs/NBA_Film/index.html,NBA_Film,263
/bbs/StupidClown/index.html,StupidClown,262
/bbs/CVS/index.html,CVS,254
/bbs/BeautySalon/index.html,BeautySalon,254
/bbs/AC_In/index.html,AC_In,246
/bbs/Salary/index.html,Salary,245
/bbs/BuyTogether/index.html,BuyTogether,225
/bbs/PokemonGO/index.html,PokemonGO,220
/bbs/Japandrama/index.html,Japandrama,209
/bbs/MayDay/index.html,MayDay,206
/bbs/YuanChuang/index.html,YuanChuang,205
/bbs/HardwareSale/index.html,HardwareSale,205
/bbs/TaiwanDrama/index.html,TaiwanDrama,202
/bbs/PuzzleDragon/index.html,PuzzleDragon,198
/bbs/MuscleBeach/index.html,MuscleBeach,197
/bbs/Hsinchu/index.html,Hsinchu,187
/bbs/Food/index.html,Food,181
/bbs/basketballTW/index.html,basketballTW,178
/bbs/Palmar_Drama/index.html,Palmar_Drama,173
/bbs/Aviation/index.html,Aviation,169
/bbs/lesbian/index.html,lesbian,169
/bbs/WOW/index.html,WOW,167
/bbs/Option/index.html,Option,166
/bbs/MLB/index.html,MLB,165
/bbs/KoreanPop/index.html,KoreanPop,158
/bbs/biker/index.html,biker,154
/bbs/China-Drama/index.html,China-Drama,147
/bbs/part-time/index.html,part-time,147
/bbs/TWICE/index.html,TWICE,143
/bbs/Soft_Job/index.html,Soft_Job,141
/bbs/gay/index.html,gay,137
/bbs/Headphone/index.html,Headphone,131
/bbs/cat/index.html,cat,131
/bbs/feminine_sex/index.html,feminine_sex,128
/bbs/Monkeys/index.html,Monkeys,126
/bbs/mobilesales/index.html,mobilesales,125
/bbs/Gamesale/index.html,Gamesale,123
/bbs/SuperJunior/index.html,SuperJunior,122
/bbs/DSLR/index.html,DSLR,120
/bbs/BTS/index.html,BTS,117
/bbs/GetMarry/index.html,GetMarry,115
/bbs/MobilePay/index.html,MobilePay,112
/bbs/Wanted/index.html,Wanted,112
/bbs/LGBT_SEX/index.html,LGBT_SEX,111
/bbs/studyteacher/index.html,studyteacher,111
/bbs/Guardians/index.html,Guardians,111
/bbs/Finance/index.html,Finance,110
/bbs/TW_Entertain/index.html,TW_Entertain,108
/bbs/TypeMoon/index.html,TypeMoon,102
/bbs/Key_Mou_Pad/index.html,Key_Mou_Pad,100
/bbs/Examination/index.html,Examination,100
/bbs/Military/index.html,Military,100
/bbs/BB-Love/index.html,BB-Love,98
/bbs/FITNESS/index.html,FITNESS,98
/bbs/CarShop/index.html,CarShop,97
/bbs/HelpBuy/index.html,HelpBuy,97
/bbs/FTV/index.html,FTV,95
/bbs/DMM_GAMES/index.html,DMM_GAMES,95
/bbs/RealmOfValor/index.html,RealmOfValor,94
/bbs/cookclub/index.html,cookclub,93
/bbs/watch/index.html,watch,93
/bbs/GBF/index.html,GBF,92
/bbs/PublicServan/index.html,PublicServan,90
/bbs/forsale/index.html,forsale,89
/bbs/AKB48/index.html,AKB48,87
/bbs/nb-shopping/index.html,nb-shopping,86
/bbs/MH/index.html,MH,85
/bbs/Brand/index.html,Brand,84
/bbs/Mobile-game/index.html,Mobile-game,81
/bbs/graduate/index.html,graduate,81
/bbs/IdolMaster/index.html,IdolMaster,80
/bbs/IZONE/index.html,IZONE,79
/bbs/DC_SALE/index.html,DC_SALE,77
/bbs/MacShop/index.html,MacShop,77
/bbs/medstudent/index.html,medstudent,77
/bbs/job/index.html,job,77
/bbs/Nogizaka46/index.html,Nogizaka46,76
/bbs/give/index.html,give,74
/bbs/SuperBike/index.html,SuperBike,74
