﻿/bbs/Gossiping/index.html,Gossiping,18441
/bbs/Baseball/index.html,Baseball,3598
/bbs/NBA/index.html,NBA,3461
/bbs/C_Chat/index.html,C_Chat,3066
/bbs/HatePolitics/index.html,HatePolitics,2595
/bbs/Stock/index.html,Stock,1522
/bbs/movie/index.html,movie,1442
/bbs/MobileComm/index.html,MobileComm,1128
/bbs/sex/index.html,sex,1064
/bbs/Lifeismoney/index.html,Lifeismoney,1057
/bbs/KR_Entertain/index.html,KR_Entertain,910
/bbs/LoL/index.html,LoL,898
/bbs/car/index.html,car,820
/bbs/ToS/index.html,ToS,789
/bbs/Tech_Job/index.html,Tech_Job,752
/bbs/WomenTalk/index.html,WomenTalk,738
/bbs/Beauty/index.html,Beauty,728
/bbs/BabyMother/index.html,BabyMother,685
/bbs/Boy-Girl/index.html,Boy-Girl,626
/bbs/KoreaStar/index.html,KoreaStar,576
/bbs/marvel/index.html,marvel,570
/bbs/PC_Shopping/index.html,PC_Shopping,562
/bbs/e-shopping/index.html,e-shopping,541
/bbs/Japan_Travel/index.html,Japan_Travel,475
/bbs/creditcard/index.html,creditcard,462
/bbs/joke/index.html,joke,439
/bbs/marriage/index.html,marriage,432
/bbs/basketballTW/index.html,basketballTW,432
/bbs/StupidClown/index.html,StupidClown,429
/bbs/PlayStation/index.html,PlayStation,427
/bbs/SportLottery/index.html,SportLottery,414
/bbs/AllTogether/index.html,AllTogether,376
/bbs/KoreaDrama/index.html,KoreaDrama,374
/bbs/Kaohsiung/index.html,Kaohsiung,357
/bbs/MakeUp/index.html,MakeUp,351
/bbs/Steam/index.html,Steam,343
/bbs/japanavgirls/index.html,japanavgirls,338
/bbs/Tainan/index.html,Tainan,331
/bbs/KanColle/index.html,KanColle,321
/bbs/Hearthstone/index.html,Hearthstone,308
/bbs/home-sale/index.html,home-sale,301
/bbs/CFantasy/index.html,CFantasy,290
/bbs/EAseries/index.html,EAseries,276
/bbs/FATE_GO/index.html,FATE_GO,272
/bbs/Tennis/index.html,Tennis,265
/bbs/TaichungBun/index.html,TaichungBun,261
/bbs/NSwitch/index.html,NSwitch,260
/bbs/PokemonGO/index.html,PokemonGO,260
/bbs/ONE_PIECE/index.html,ONE_PIECE,256
/bbs/PCReDive/index.html,PCReDive,242
/bbs/iOS/index.html,iOS,228
/bbs/HardwareSale/index.html,HardwareSale,213
/bbs/BuyTogether/index.html,BuyTogether,201
/bbs/CVS/index.html,CVS,198
/bbs/studyteacher/index.html,studyteacher,197
/bbs/BeautySalon/index.html,BeautySalon,197
/bbs/Japandrama/index.html,Japandrama,192
/bbs/AC_In/index.html,AC_In,183
/bbs/Elephants/index.html,Elephants,182
/bbs/Salary/index.html,Salary,177
/bbs/NBA_Film/index.html,NBA_Film,177
/bbs/Monkeys/index.html,Monkeys,166
/bbs/PuzzleDragon/index.html,PuzzleDragon,158
/bbs/Examination/index.html,Examination,156
/bbs/biker/index.html,biker,156
/bbs/mobilesales/index.html,mobilesales,154
/bbs/WOW/index.html,WOW,154
/bbs/GBF/index.html,GBF,143
/bbs/MuscleBeach/index.html,MuscleBeach,139
/bbs/Palmar_Drama/index.html,Palmar_Drama,139
/bbs/Food/index.html,Food,136
/bbs/Gamesale/index.html,Gamesale,132
/bbs/YuanChuang/index.html,YuanChuang,128
/bbs/Hsinchu/index.html,Hsinchu,128
/bbs/MayDay/index.html,MayDay,128
/bbs/Headphone/index.html,Headphone,126
/bbs/cat/index.html,cat,123
/bbs/Aviation/index.html,Aviation,122
/bbs/TaiwanDrama/index.html,TaiwanDrama,122
/bbs/MobilePay/index.html,MobilePay,120
/bbs/Soft_Job/index.html,Soft_Job,119
/bbs/KoreanPop/index.html,KoreanPop,119
/bbs/TWICE/index.html,TWICE,114
/bbs/Drama-Ticket/index.html,Drama-Ticket,111
/bbs/medstudent/index.html,medstudent,111
/bbs/part-time/index.html,part-time,111
/bbs/China-Drama/index.html,China-Drama,108
/bbs/MLB/index.html,MLB,107
/bbs/tabletennis/index.html,tabletennis,107
/bbs/BTS/index.html,BTS,105
/bbs/gay/index.html,gay,104
/bbs/Finance/index.html,Finance,103
/bbs/CarShop/index.html,CarShop,103
/bbs/StarCraft/index.html,StarCraft,100
/bbs/watch/index.html,watch,97
/bbs/DMM_GAMES/index.html,DMM_GAMES,96
/bbs/DSLR/index.html,DSLR,95
/bbs/Wanted/index.html,Wanted,95
/bbs/forsale/index.html,forsale,95
/bbs/Guardians/index.html,Guardians,89
/bbs/HelpBuy/index.html,HelpBuy,86
/bbs/IZONE/index.html,IZONE,86
/bbs/Lakers/index.html,Lakers,86
/bbs/Gov_owned/index.html,Gov_owned,86
/bbs/SuperJunior/index.html,SuperJunior,85
/bbs/MacShop/index.html,MacShop,85
/bbs/nb-shopping/index.html,nb-shopping,84
/bbs/PublicServan/index.html,PublicServan,83
/bbs/fastfood/index.html,fastfood,83
/bbs/Mobile-game/index.html,Mobile-game,82
/bbs/GetMarry/index.html,GetMarry,82
/bbs/TW_Entertain/index.html,TW_Entertain,82
/bbs/PathofExile/index.html,PathofExile,81
/bbs/Key_Mou_Pad/index.html,Key_Mou_Pad,80
/bbs/AKB48/index.html,AKB48,79
/bbs/lesbian/index.html,lesbian,79
/bbs/graduate/index.html,graduate,77
/bbs/E-appliance/index.html,E-appliance,72
/bbs/FITNESS/index.html,FITNESS,72
/bbs/DIABLO/index.html,DIABLO,71
/bbs/TypeMoon/index.html,TypeMoon,69
/bbs/cookclub/index.html,cookclub,69
/bbs/hypermall/index.html,hypermall,68
/bbs/Military/index.html,Military,68
/bbs/Taoyuan/index.html,Taoyuan,66
/bbs/MH/index.html,MH,63
/bbs/Option/index.html,Option,63
/bbs/give/index.html,give,62
