﻿/bbs/Gossiping/index.html,Gossiping,19832
/bbs/Baseball/index.html,Baseball,5001
/bbs/HatePolitics/index.html,HatePolitics,3720
/bbs/NBA/index.html,NBA,2969
/bbs/C_Chat/index.html,C_Chat,2834
/bbs/movie/index.html,movie,1559
/bbs/Stock/index.html,Stock,1444
/bbs/LoL/index.html,LoL,1186
/bbs/MobileComm/index.html,MobileComm,1105
/bbs/Lifeismoney/index.html,Lifeismoney,1043
/bbs/sex/index.html,sex,985
/bbs/KR_Entertain/index.html,KR_Entertain,854
/bbs/ToS/index.html,ToS,775
/bbs/car/index.html,car,745
/bbs/WomenTalk/index.html,WomenTalk,737
/bbs/Elephants/index.html,Elephants,723
/bbs/Tech_Job/index.html,Tech_Job,708
/bbs/KoreaStar/index.html,KoreaStar,673
/bbs/Beauty/index.html,Beauty,662
/bbs/Boy-Girl/index.html,Boy-Girl,637
/bbs/BabyMother/index.html,BabyMother,594
/bbs/marvel/index.html,marvel,551
/bbs/PC_Shopping/index.html,PC_Shopping,546
/bbs/e-shopping/index.html,e-shopping,542
/bbs/Japan_Travel/index.html,Japan_Travel,514
/bbs/Kaohsiung/index.html,Kaohsiung,485
/bbs/marriage/index.html,marriage,433
/bbs/StupidClown/index.html,StupidClown,421
/bbs/joke/index.html,joke,421
/bbs/Guardians/index.html,Guardians,407
/bbs/KoreaDrama/index.html,KoreaDrama,400
/bbs/MakeUp/index.html,MakeUp,395
/bbs/Hearthstone/index.html,Hearthstone,393
/bbs/creditcard/index.html,creditcard,382
/bbs/PlayStation/index.html,PlayStation,375
/bbs/AllTogether/index.html,AllTogether,367
/bbs/KanColle/index.html,KanColle,366
/bbs/Steam/index.html,Steam,357
/bbs/Tennis/index.html,Tennis,357
/bbs/Tainan/index.html,Tainan,353
/bbs/Monkeys/index.html,Monkeys,351
/bbs/SportLottery/index.html,SportLottery,326
/bbs/CFantasy/index.html,CFantasy,282
/bbs/japanavgirls/index.html,japanavgirls,280
/bbs/EAseries/index.html,EAseries,277
/bbs/home-sale/index.html,home-sale,271
/bbs/FATE_GO/index.html,FATE_GO,260
/bbs/NSwitch/index.html,NSwitch,254
/bbs/TaichungBun/index.html,TaichungBun,253
/bbs/iOS/index.html,iOS,246
/bbs/ONE_PIECE/index.html,ONE_PIECE,236
/bbs/BeautySalon/index.html,BeautySalon,234
/bbs/PokemonGO/index.html,PokemonGO,226
/bbs/studyteacher/index.html,studyteacher,219
/bbs/PCReDive/index.html,PCReDive,215
/bbs/HardwareSale/index.html,HardwareSale,208
/bbs/Japandrama/index.html,Japandrama,205
/bbs/basketballTW/index.html,basketballTW,203
/bbs/AC_In/index.html,AC_In,200
/bbs/BuyTogether/index.html,BuyTogether,200
/bbs/CVS/index.html,CVS,191
/bbs/Salary/index.html,Salary,189
/bbs/Lions/index.html,Lions,185
/bbs/Food/index.html,Food,171
/bbs/PuzzleDragon/index.html,PuzzleDragon,166
/bbs/NBA_Film/index.html,NBA_Film,166
/bbs/KoreanPop/index.html,KoreanPop,163
/bbs/YuanChuang/index.html,YuanChuang,158
/bbs/Examination/index.html,Examination,158
/bbs/TWICE/index.html,TWICE,155
/bbs/mobilesales/index.html,mobilesales,151
/bbs/WOW/index.html,WOW,149
/bbs/Hsinchu/index.html,Hsinchu,144
/bbs/biker/index.html,biker,136
/bbs/MuscleBeach/index.html,MuscleBeach,135
/bbs/GetMarry/index.html,GetMarry,135
/bbs/Aviation/index.html,Aviation,133
/bbs/GBF/index.html,GBF,133
/bbs/Soft_Job/index.html,Soft_Job,131
/bbs/TaiwanDrama/index.html,TaiwanDrama,131
/bbs/MH/index.html,MH,127
/bbs/MLB/index.html,MLB,126
/bbs/MobilePay/index.html,MobilePay,125
/bbs/Palmar_Drama/index.html,Palmar_Drama,125
/bbs/MayDay/index.html,MayDay,123
/bbs/Gamesale/index.html,Gamesale,119
/bbs/China-Drama/index.html,China-Drama,118
/bbs/BTS/index.html,BTS,116
/bbs/IZONE/index.html,IZONE,115
/bbs/part-time/index.html,part-time,111
/bbs/Headphone/index.html,Headphone,106
/bbs/cookclub/index.html,cookclub,96
/bbs/HelpBuy/index.html,HelpBuy,95
/bbs/Wanted/index.html,Wanted,94
/bbs/Drama-Ticket/index.html,Drama-Ticket,94
/bbs/DSLR/index.html,DSLR,92
/bbs/CarShop/index.html,CarShop,92
/bbs/Finance/index.html,Finance,90
/bbs/PublicServan/index.html,PublicServan,89
/bbs/DMM_GAMES/index.html,DMM_GAMES,89
/bbs/gay/index.html,gay,89
/bbs/TypeMoon/index.html,TypeMoon,88
/bbs/AKB48/index.html,AKB48,87
/bbs/Nogizaka46/index.html,Nogizaka46,87
/bbs/medstudent/index.html,medstudent,86
/bbs/watch/index.html,watch,86
/bbs/cat/index.html,cat,84
/bbs/FITNESS/index.html,FITNESS,84
/bbs/fastfood/index.html,fastfood,82
/bbs/forsale/index.html,forsale,82
/bbs/give/index.html,give,80
/bbs/Key_Mou_Pad/index.html,Key_Mou_Pad,80
/bbs/lesbian/index.html,lesbian,80
/bbs/MacShop/index.html,MacShop,79
/bbs/Gov_owned/index.html,Gov_owned,79
/bbs/StarCraft/index.html,StarCraft,77
/bbs/tabletennis/index.html,tabletennis,77
/bbs/Mobile-game/index.html,Mobile-game,76
/bbs/nb-shopping/index.html,nb-shopping,75
/bbs/DC_SALE/index.html,DC_SALE,72
/bbs/Military/index.html,Military,72
/bbs/TW_Entertain/index.html,TW_Entertain,72
/bbs/E-appliance/index.html,E-appliance,71
/bbs/SuperJunior/index.html,SuperJunior,67
/bbs/PathofExile/index.html,PathofExile,67
/bbs/Brand/index.html,Brand,67
/bbs/RealmOfValor/index.html,RealmOfValor,67
/bbs/DIABLO/index.html,DIABLO,65
