﻿/bbs/Gossiping/index.html,Gossiping,18209
/bbs/Baseball/index.html,Baseball,4865
/bbs/C_Chat/index.html,C_Chat,3028
/bbs/HatePolitics/index.html,HatePolitics,2950
/bbs/NBA/index.html,NBA,2922
/bbs/movie/index.html,movie,1751
/bbs/Stock/index.html,Stock,1444
/bbs/LoL/index.html,LoL,1391
/bbs/Elephants/index.html,Elephants,1263
/bbs/MobileComm/index.html,MobileComm,1159
/bbs/Lifeismoney/index.html,Lifeismoney,1152
/bbs/KR_Entertain/index.html,KR_Entertain,958
/bbs/sex/index.html,sex,944
/bbs/car/index.html,car,939
/bbs/ToS/index.html,ToS,759
/bbs/WomenTalk/index.html,WomenTalk,739
/bbs/Tech_Job/index.html,Tech_Job,738
/bbs/Guardians/index.html,Guardians,688
/bbs/Monkeys/index.html,Monkeys,680
/bbs/joke/index.html,joke,679
/bbs/Tennis/index.html,Tennis,655
/bbs/BabyMother/index.html,BabyMother,641
/bbs/PC_Shopping/index.html,PC_Shopping,632
/bbs/Beauty/index.html,Beauty,628
/bbs/Boy-Girl/index.html,Boy-Girl,578
/bbs/KoreaStar/index.html,KoreaStar,560
/bbs/Hearthstone/index.html,Hearthstone,534
/bbs/e-shopping/index.html,e-shopping,521
/bbs/Kaohsiung/index.html,Kaohsiung,492
/bbs/Japan_Travel/index.html,Japan_Travel,489
/bbs/KoreaDrama/index.html,KoreaDrama,479
/bbs/marvel/index.html,marvel,475
/bbs/StupidClown/index.html,StupidClown,440
/bbs/marriage/index.html,marriage,431
/bbs/PlayStation/index.html,PlayStation,428
/bbs/Steam/index.html,Steam,418
/bbs/AllTogether/index.html,AllTogether,413
/bbs/MakeUp/index.html,MakeUp,409
/bbs/creditcard/index.html,creditcard,378
/bbs/KanColle/index.html,KanColle,371
/bbs/home-sale/index.html,home-sale,338
/bbs/Tainan/index.html,Tainan,331
/bbs/SportLottery/index.html,SportLottery,318
/bbs/japanavgirls/index.html,japanavgirls,310
/bbs/Lions/index.html,Lions,292
/bbs/CFantasy/index.html,CFantasy,287
/bbs/EAseries/index.html,EAseries,286
/bbs/iOS/index.html,iOS,278
/bbs/TaichungBun/index.html,TaichungBun,273
/bbs/NSwitch/index.html,NSwitch,251
/bbs/ONE_PIECE/index.html,ONE_PIECE,236
/bbs/PCReDive/index.html,PCReDive,233
/bbs/studyteacher/index.html,studyteacher,230
/bbs/BeautySalon/index.html,BeautySalon,224
/bbs/PokemonGO/index.html,PokemonGO,219
/bbs/FATE_GO/index.html,FATE_GO,217
/bbs/CVS/index.html,CVS,211
/bbs/BuyTogether/index.html,BuyTogether,209
/bbs/Japandrama/index.html,Japandrama,209
/bbs/HardwareSale/index.html,HardwareSale,198
/bbs/YuanChuang/index.html,YuanChuang,185
/bbs/KoreanPop/index.html,KoreanPop,183
/bbs/basketballTW/index.html,basketballTW,182
/bbs/AC_In/index.html,AC_In,179
/bbs/Examination/index.html,Examination,176
/bbs/Hsinchu/index.html,Hsinchu,175
/bbs/MuscleBeach/index.html,MuscleBeach,172
/bbs/Salary/index.html,Salary,171
/bbs/TWICE/index.html,TWICE,171
/bbs/NBA_Film/index.html,NBA_Film,169
/bbs/WOW/index.html,WOW,154
/bbs/Food/index.html,Food,154
/bbs/biker/index.html,biker,153
/bbs/PuzzleDragon/index.html,PuzzleDragon,147
/bbs/GBF/index.html,GBF,147
/bbs/Palmar_Drama/index.html,Palmar_Drama,147
/bbs/IZONE/index.html,IZONE,146
/bbs/MayDay/index.html,MayDay,145
/bbs/TW_Entertain/index.html,TW_Entertain,144
/bbs/Aviation/index.html,Aviation,143
/bbs/cat/index.html,cat,141
/bbs/Gamesale/index.html,Gamesale,137
/bbs/Headphone/index.html,Headphone,136
/bbs/MH/index.html,MH,135
/bbs/China-Drama/index.html,China-Drama,129
/bbs/mobilesales/index.html,mobilesales,127
/bbs/Soft_Job/index.html,Soft_Job,125
/bbs/TaiwanDrama/index.html,TaiwanDrama,123
/bbs/part-time/index.html,part-time,120
/bbs/gay/index.html,gay,116
/bbs/MLB/index.html,MLB,116
/bbs/TypeMoon/index.html,TypeMoon,108
/bbs/Finance/index.html,Finance,106
/bbs/tabletennis/index.html,tabletennis,106
/bbs/BTS/index.html,BTS,104
/bbs/GetMarry/index.html,GetMarry,104
/bbs/watch/index.html,watch,102
/bbs/Wanted/index.html,Wanted,101
/bbs/medstudent/index.html,medstudent,101
/bbs/DSLR/index.html,DSLR,100
/bbs/fastfood/index.html,fastfood,99
/bbs/forsale/index.html,forsale,99
/bbs/MobilePay/index.html,MobilePay,98
/bbs/cookclub/index.html,cookclub,97
/bbs/DMM_GAMES/index.html,DMM_GAMES,95
/bbs/AKB48/index.html,AKB48,93
/bbs/PublicServan/index.html,PublicServan,91
/bbs/lesbian/index.html,lesbian,91
/bbs/Key_Mou_Pad/index.html,Key_Mou_Pad,90
/bbs/CarShop/index.html,CarShop,89
/bbs/HelpBuy/index.html,HelpBuy,89
/bbs/Moto_GP/index.html,Moto_GP,87
/bbs/Mobile-game/index.html,Mobile-game,85
/bbs/Nogizaka46/index.html,Nogizaka46,85
/bbs/Gov_owned/index.html,Gov_owned,85
/bbs/StarCraft/index.html,StarCraft,84
/bbs/Drama-Ticket/index.html,Drama-Ticket,79
/bbs/FITNESS/index.html,FITNESS,77
/bbs/hypermall/index.html,hypermall,76
/bbs/EXO/index.html,EXO,74
/bbs/VAPE/index.html,VAPE,72
/bbs/Military/index.html,Military,71
/bbs/give/index.html,give,70
/bbs/MacShop/index.html,MacShop,70
/bbs/nb-shopping/index.html,nb-shopping,69
/bbs/E-appliance/index.html,E-appliance,68
/bbs/graduate/index.html,graduate,68
/bbs/RealmOfValor/index.html,RealmOfValor,68
