﻿/bbs/Gossiping/index.html,Gossiping,6895
/bbs/NBA/index.html,NBA,1781
/bbs/C_Chat/index.html,C_Chat,1686
/bbs/Stock/index.html,Stock,1032
/bbs/Baseball/index.html,Baseball,1025
/bbs/sex/index.html,sex,875
/bbs/movie/index.html,movie,783
/bbs/HatePolitics/index.html,HatePolitics,775
/bbs/MobileComm/index.html,MobileComm,644
/bbs/LoL/index.html,LoL,623
/bbs/Beauty/index.html,Beauty,445
/bbs/Lifeismoney/index.html,Lifeismoney,421
/bbs/ToS/index.html,ToS,403
/bbs/car/index.html,car,402
/bbs/Boy-Girl/index.html,Boy-Girl,393
/bbs/Tech_Job/index.html,Tech_Job,376
/bbs/marvel/index.html,marvel,370
/bbs/joke/index.html,joke,356
/bbs/PC_Shopping/index.html,PC_Shopping,355
/bbs/KR_Entertain/index.html,KR_Entertain,321
/bbs/BabyMother/index.html,BabyMother,316
/bbs/WomenTalk/index.html,WomenTalk,304
/bbs/Tennis/index.html,Tennis,276
/bbs/PlayStation/index.html,PlayStation,265
/bbs/FATE_GO/index.html,FATE_GO,261
/bbs/Steam/index.html,Steam,243
/bbs/AllTogether/index.html,AllTogether,236
/bbs/KoreaStar/index.html,KoreaStar,226
/bbs/e-shopping/index.html,e-shopping,225
/bbs/Japan_Travel/index.html,Japan_Travel,224
/bbs/KanColle/index.html,KanColle,219
/bbs/marriage/index.html,marriage,218
/bbs/creditcard/index.html,creditcard,212
/bbs/Tainan/index.html,Tainan,210
/bbs/Kaohsiung/index.html,Kaohsiung,204
/bbs/japanavgirls/index.html,japanavgirls,189
/bbs/ONE_PIECE/index.html,ONE_PIECE,186
/bbs/Hearthstone/index.html,Hearthstone,185
/bbs/SportLottery/index.html,SportLottery,185
/bbs/CFantasy/index.html,CFantasy,180
/bbs/PCReDive/index.html,PCReDive,170
/bbs/NSwitch/index.html,NSwitch,165
/bbs/EAseries/index.html,EAseries,158
/bbs/AC_In/index.html,AC_In,151
/bbs/KoreaDrama/index.html,KoreaDrama,144
/bbs/HardwareSale/index.html,HardwareSale,138
/bbs/TaichungBun/index.html,TaichungBun,136
/bbs/MakeUp/index.html,MakeUp,136
/bbs/Elephants/index.html,Elephants,135
/bbs/home-sale/index.html,home-sale,126
/bbs/PokemonGO/index.html,PokemonGO,125
/bbs/NBA_Film/index.html,NBA_Film,121
/bbs/iOS/index.html,iOS,115
/bbs/PuzzleDragon/index.html,PuzzleDragon,109
/bbs/WOW/index.html,WOW,109
/bbs/StupidClown/index.html,StupidClown,109
/bbs/Salary/index.html,Salary,108
/bbs/Japandrama/index.html,Japandrama,107
/bbs/CVS/index.html,CVS,105
/bbs/BeautySalon/index.html,BeautySalon,95
/bbs/Option/index.html,Option,93
/bbs/MuscleBeach/index.html,MuscleBeach,93
/bbs/biker/index.html,biker,93
/bbs/YuanChuang/index.html,YuanChuang,92
/bbs/BuyTogether/index.html,BuyTogether,90
/bbs/part-time/index.html,part-time,82
/bbs/Palmar_Drama/index.html,Palmar_Drama,80
/bbs/Aviation/index.html,Aviation,79
/bbs/Headphone/index.html,Headphone,76
/bbs/Hsinchu/index.html,Hsinchu,73
/bbs/Food/index.html,Food,71
/bbs/Soft_Job/index.html,Soft_Job,70
/bbs/Gamesale/index.html,Gamesale,68
/bbs/DSLR/index.html,DSLR,68
/bbs/MLB/index.html,MLB,68
/bbs/gay/index.html,gay,65
/bbs/Military/index.html,Military,65
/bbs/cat/index.html,cat,64
/bbs/TaiwanDrama/index.html,TaiwanDrama,64
/bbs/mobilesales/index.html,mobilesales,61
/bbs/China-Drama/index.html,China-Drama,60
/bbs/KoreanPop/index.html,KoreanPop,59
/bbs/Wanted/index.html,Wanted,56
/bbs/basketballTW/index.html,basketballTW,56
/bbs/studyteacher/index.html,studyteacher,55
/bbs/TWICE/index.html,TWICE,55
/bbs/DMM_GAMES/index.html,DMM_GAMES,55
/bbs/Mobile-game/index.html,Mobile-game,54
/bbs/Key_Mou_Pad/index.html,Key_Mou_Pad,54
/bbs/AKB48/index.html,AKB48,52
/bbs/TypeMoon/index.html,TypeMoon,52
/bbs/cookclub/index.html,cookclub,51
/bbs/MobilePay/index.html,MobilePay,50
/bbs/feminine_sex/index.html,feminine_sex,48
/bbs/TW_Entertain/index.html,TW_Entertain,47
/bbs/GetMarry/index.html,GetMarry,46
/bbs/HelpBuy/index.html,HelpBuy,45
/bbs/MayDay/index.html,MayDay,45
/bbs/IdolMaster/index.html,IdolMaster,44
/bbs/LGBT_SEX/index.html,LGBT_SEX,44
/bbs/BTS/index.html,BTS,44
/bbs/lesbian/index.html,lesbian,43
/bbs/graduate/index.html,graduate,42
/bbs/Monkeys/index.html,Monkeys,42
/bbs/DIABLO/index.html,DIABLO,42
/bbs/GBF/index.html,GBF,42
/bbs/forsale/index.html,forsale,42
/bbs/job/index.html,job,42
/bbs/ClashRoyale/index.html,ClashRoyale,41
/bbs/nb-shopping/index.html,nb-shopping,41
/bbs/MH/index.html,MH,39
/bbs/watch/index.html,watch,39
/bbs/medstudent/index.html,medstudent,38
/bbs/Lions/index.html,Lions,38
/bbs/FITNESS/index.html,FITNESS,38
/bbs/CarShop/index.html,CarShop,37
/bbs/PublicServan/index.html,PublicServan,37
/bbs/SuperBike/index.html,SuperBike,37
/bbs/Gov_owned/index.html,Gov_owned,36
/bbs/Examination/index.html,Examination,36
/bbs/Guardians/index.html,Guardians,36
/bbs/SuperJunior/index.html,SuperJunior,35
/bbs/IZONE/index.html,IZONE,35
/bbs/points/index.html,points,35
/bbs/MacShop/index.html,MacShop,35
/bbs/Bank_Service/index.html,Bank_Service,35
/bbs/Nogizaka46/index.html,Nogizaka46,34
/bbs/AzurLane/index.html,AzurLane,33
