﻿/bbs/Gossiping/index.html,Gossiping,8147
/bbs/NBA/index.html,NBA,1952
/bbs/C_Chat/index.html,C_Chat,1706
/bbs/Baseball/index.html,Baseball,1264
/bbs/Stock/index.html,Stock,1230
/bbs/sex/index.html,sex,1110
/bbs/HatePolitics/index.html,HatePolitics,925
/bbs/movie/index.html,movie,797
/bbs/MobileComm/index.html,MobileComm,684
/bbs/Beauty/index.html,Beauty,573
/bbs/LoL/index.html,LoL,511
/bbs/Lifeismoney/index.html,Lifeismoney,495
/bbs/Boy-Girl/index.html,Boy-Girl,485
/bbs/car/index.html,car,481
/bbs/Tech_Job/index.html,Tech_Job,467
/bbs/ToS/index.html,ToS,454
/bbs/BabyMother/index.html,BabyMother,445
/bbs/marvel/index.html,marvel,370
/bbs/PC_Shopping/index.html,PC_Shopping,362
/bbs/KR_Entertain/index.html,KR_Entertain,348
/bbs/joke/index.html,joke,348
/bbs/WomenTalk/index.html,WomenTalk,345
/bbs/AllTogether/index.html,AllTogether,302
/bbs/Tennis/index.html,Tennis,291
/bbs/PlayStation/index.html,PlayStation,281
/bbs/Kaohsiung/index.html,Kaohsiung,258
/bbs/Japan_Travel/index.html,Japan_Travel,256
/bbs/e-shopping/index.html,e-shopping,253
/bbs/marriage/index.html,marriage,251
/bbs/KoreaStar/index.html,KoreaStar,244
/bbs/creditcard/index.html,creditcard,244
/bbs/Steam/index.html,Steam,233
/bbs/japanavgirls/index.html,japanavgirls,232
/bbs/FATE_GO/index.html,FATE_GO,229
/bbs/Tainan/index.html,Tainan,228
/bbs/KanColle/index.html,KanColle,202
/bbs/ONE_PIECE/index.html,ONE_PIECE,202
/bbs/Hearthstone/index.html,Hearthstone,185
/bbs/PCReDive/index.html,PCReDive,181
/bbs/CFantasy/index.html,CFantasy,179
/bbs/EAseries/index.html,EAseries,176
/bbs/SportLottery/index.html,SportLottery,175
/bbs/NSwitch/index.html,NSwitch,168
/bbs/home-sale/index.html,home-sale,163
/bbs/KoreaDrama/index.html,KoreaDrama,163
/bbs/TaichungBun/index.html,TaichungBun,157
/bbs/PokemonGO/index.html,PokemonGO,152
/bbs/MakeUp/index.html,MakeUp,148
/bbs/Elephants/index.html,Elephants,136
/bbs/iOS/index.html,iOS,132
/bbs/AC_In/index.html,AC_In,132
/bbs/Salary/index.html,Salary,132
/bbs/StupidClown/index.html,StupidClown,128
/bbs/NBA_Film/index.html,NBA_Film,124
/bbs/WOW/index.html,WOW,122
/bbs/HardwareSale/index.html,HardwareSale,121
/bbs/CVS/index.html,CVS,111
/bbs/BeautySalon/index.html,BeautySalon,110
/bbs/PuzzleDragon/index.html,PuzzleDragon,104
/bbs/BuyTogether/index.html,BuyTogether,100
/bbs/studyteacher/index.html,studyteacher,98
/bbs/Japandrama/index.html,Japandrama,96
/bbs/Aviation/index.html,Aviation,92
/bbs/biker/index.html,biker,92
/bbs/MuscleBeach/index.html,MuscleBeach,89
/bbs/Palmar_Drama/index.html,Palmar_Drama,89
/bbs/basketballTW/index.html,basketballTW,88
/bbs/gay/index.html,gay,88
/bbs/MLB/index.html,MLB,88
/bbs/YuanChuang/index.html,YuanChuang,86
/bbs/Hsinchu/index.html,Hsinchu,83
/bbs/Option/index.html,Option,83
/bbs/Military/index.html,Military,78
/bbs/mobilesales/index.html,mobilesales,73
/bbs/Soft_Job/index.html,Soft_Job,73
/bbs/China-Drama/index.html,China-Drama,73
/bbs/DSLR/index.html,DSLR,72
/bbs/TaiwanDrama/index.html,TaiwanDrama,72
/bbs/part-time/index.html,part-time,72
/bbs/MobilePay/index.html,MobilePay,70
/bbs/PublicServan/index.html,PublicServan,69
/bbs/Headphone/index.html,Headphone,69
/bbs/CarShop/index.html,CarShop,68
/bbs/Food/index.html,Food,68
/bbs/Gamesale/index.html,Gamesale,65
/bbs/TWICE/index.html,TWICE,63
/bbs/cat/index.html,cat,62
/bbs/Examination/index.html,Examination,62
/bbs/LGBT_SEX/index.html,LGBT_SEX,61
/bbs/Wanted/index.html,Wanted,60
/bbs/forsale/index.html,forsale,59
/bbs/KoreanPop/index.html,KoreanPop,58
/bbs/AKB48/index.html,AKB48,54
/bbs/Mobile-game/index.html,Mobile-game,54
/bbs/GetMarry/index.html,GetMarry,54
/bbs/GBF/index.html,GBF,52
/bbs/watch/index.html,watch,51
/bbs/MayDay/index.html,MayDay,51
/bbs/feminine_sex/index.html,feminine_sex,50
/bbs/FITNESS/index.html,FITNESS,50
/bbs/Monkeys/index.html,Monkeys,49
/bbs/Gov_owned/index.html,Gov_owned,48
/bbs/Guardians/index.html,Guardians,48
/bbs/medstudent/index.html,medstudent,47
/bbs/DMM_GAMES/index.html,DMM_GAMES,47
/bbs/hypermall/index.html,hypermall,46
/bbs/TW_Entertain/index.html,TW_Entertain,46
/bbs/Key_Mou_Pad/index.html,Key_Mou_Pad,45
/bbs/DIABLO/index.html,DIABLO,45
/bbs/TypeMoon/index.html,TypeMoon,44
/bbs/cookclub/index.html,cookclub,44
/bbs/MH/index.html,MH,43
/bbs/graduate/index.html,graduate,43
/bbs/Bank_Service/index.html,Bank_Service,43
/bbs/ClashRoyale/index.html,ClashRoyale,41
/bbs/Finance/index.html,Finance,41
/bbs/nb-shopping/index.html,nb-shopping,41
/bbs/HelpBuy/index.html,HelpBuy,41
/bbs/points/index.html,points,39
/bbs/IdolMaster/index.html,IdolMaster,38
/bbs/MacShop/index.html,MacShop,38
/bbs/NY-Yankees/index.html,NY-Yankees,37
/bbs/job/index.html,job,37
/bbs/BTS/index.html,BTS,36
/bbs/Lions/index.html,Lions,36
/bbs/BabyProducts/index.html,BabyProducts,35
/bbs/lesbian/index.html,lesbian,34
/bbs/Nogizaka46/index.html,Nogizaka46,33
