﻿/bbs/Gossiping/index.html,Gossiping,19490
/bbs/Baseball/index.html,Baseball,4182
/bbs/HatePolitics/index.html,HatePolitics,3385
/bbs/C_Chat/index.html,C_Chat,2953
/bbs/NBA/index.html,NBA,2951
/bbs/movie/index.html,movie,1642
/bbs/Stock/index.html,Stock,1470
/bbs/LoL/index.html,LoL,1223
/bbs/MobileComm/index.html,MobileComm,1181
/bbs/Lifeismoney/index.html,Lifeismoney,1152
/bbs/Elephants/index.html,Elephants,1048
/bbs/sex/index.html,sex,928
/bbs/KR_Entertain/index.html,KR_Entertain,784
/bbs/car/index.html,car,759
/bbs/WomenTalk/index.html,WomenTalk,723
/bbs/Tech_Job/index.html,Tech_Job,714
/bbs/ToS/index.html,ToS,708
/bbs/KoreaStar/index.html,KoreaStar,704
/bbs/Beauty/index.html,Beauty,678
/bbs/Boy-Girl/index.html,Boy-Girl,631
/bbs/joke/index.html,joke,589
/bbs/PC_Shopping/index.html,PC_Shopping,568
/bbs/BabyMother/index.html,BabyMother,561
/bbs/e-shopping/index.html,e-shopping,533
/bbs/marvel/index.html,marvel,524
/bbs/Japan_Travel/index.html,Japan_Travel,485
/bbs/Guardians/index.html,Guardians,479
/bbs/Tennis/index.html,Tennis,471
/bbs/Kaohsiung/index.html,Kaohsiung,466
/bbs/StupidClown/index.html,StupidClown,463
/bbs/Hearthstone/index.html,Hearthstone,452
/bbs/PlayStation/index.html,PlayStation,407
/bbs/KoreaDrama/index.html,KoreaDrama,407
/bbs/marriage/index.html,marriage,400
/bbs/Steam/index.html,Steam,390
/bbs/AllTogether/index.html,AllTogether,378
/bbs/KanColle/index.html,KanColle,368
/bbs/Tainan/index.html,Tainan,350
/bbs/MakeUp/index.html,MakeUp,349
/bbs/Monkeys/index.html,Monkeys,347
/bbs/creditcard/index.html,creditcard,337
/bbs/home-sale/index.html,home-sale,325
/bbs/SportLottery/index.html,SportLottery,311
/bbs/Lions/index.html,Lions,294
/bbs/TaichungBun/index.html,TaichungBun,292
/bbs/NSwitch/index.html,NSwitch,280
/bbs/japanavgirls/index.html,japanavgirls,273
/bbs/CFantasy/index.html,CFantasy,269
/bbs/FATE_GO/index.html,FATE_GO,268
/bbs/EAseries/index.html,EAseries,267
/bbs/iOS/index.html,iOS,245
/bbs/ONE_PIECE/index.html,ONE_PIECE,240
/bbs/PCReDive/index.html,PCReDive,236
/bbs/HardwareSale/index.html,HardwareSale,223
/bbs/studyteacher/index.html,studyteacher,221
/bbs/Japandrama/index.html,Japandrama,218
/bbs/BeautySalon/index.html,BeautySalon,214
/bbs/PokemonGO/index.html,PokemonGO,213
/bbs/basketballTW/index.html,basketballTW,211
/bbs/CVS/index.html,CVS,193
/bbs/BuyTogether/index.html,BuyTogether,191
/bbs/AC_In/index.html,AC_In,189
/bbs/Hsinchu/index.html,Hsinchu,185
/bbs/Examination/index.html,Examination,168
/bbs/PuzzleDragon/index.html,PuzzleDragon,167
/bbs/NBA_Film/index.html,NBA_Film,167
/bbs/MuscleBeach/index.html,MuscleBeach,167
/bbs/WOW/index.html,WOW,165
/bbs/Food/index.html,Food,165
/bbs/Salary/index.html,Salary,163
/bbs/YuanChuang/index.html,YuanChuang,161
/bbs/KoreanPop/index.html,KoreanPop,159
/bbs/mobilesales/index.html,mobilesales,149
/bbs/biker/index.html,biker,148
/bbs/Aviation/index.html,Aviation,144
/bbs/Gamesale/index.html,Gamesale,143
/bbs/TWICE/index.html,TWICE,142
/bbs/Palmar_Drama/index.html,Palmar_Drama,140
/bbs/MayDay/index.html,MayDay,136
/bbs/GetMarry/index.html,GetMarry,135
/bbs/Soft_Job/index.html,Soft_Job,134
/bbs/MH/index.html,MH,133
/bbs/China-Drama/index.html,China-Drama,126
/bbs/MLB/index.html,MLB,125
/bbs/BTS/index.html,BTS,120
/bbs/Headphone/index.html,Headphone,118
/bbs/GBF/index.html,GBF,118
/bbs/tabletennis/index.html,tabletennis,118
/bbs/IZONE/index.html,IZONE,116
/bbs/part-time/index.html,part-time,116
/bbs/MobilePay/index.html,MobilePay,113
/bbs/cat/index.html,cat,113
/bbs/TaiwanDrama/index.html,TaiwanDrama,113
/bbs/DSLR/index.html,DSLR,106
/bbs/Finance/index.html,Finance,104
/bbs/TypeMoon/index.html,TypeMoon,102
/bbs/Nogizaka46/index.html,Nogizaka46,98
/bbs/cookclub/index.html,cookclub,96
/bbs/PublicServan/index.html,PublicServan,95
/bbs/forsale/index.html,forsale,92
/bbs/fastfood/index.html,fastfood,91
/bbs/DMM_GAMES/index.html,DMM_GAMES,91
/bbs/CarShop/index.html,CarShop,90
/bbs/Wanted/index.html,Wanted,90
/bbs/lesbian/index.html,lesbian,88
/bbs/Military/index.html,Military,88
/bbs/Gov_owned/index.html,Gov_owned,87
/bbs/watch/index.html,watch,87
/bbs/gay/index.html,gay,86
/bbs/nb-shopping/index.html,nb-shopping,84
/bbs/AKB48/index.html,AKB48,83
/bbs/medstudent/index.html,medstudent,83
/bbs/TW_Entertain/index.html,TW_Entertain,83
/bbs/Mobile-game/index.html,Mobile-game,82
/bbs/HelpBuy/index.html,HelpBuy,81
/bbs/StarCraft/index.html,StarCraft,78
/bbs/Key_Mou_Pad/index.html,Key_Mou_Pad,74
/bbs/Drama-Ticket/index.html,Drama-Ticket,74
/bbs/MacShop/index.html,MacShop,71
/bbs/SuperJunior/index.html,SuperJunior,67
/bbs/LGBT_SEX/index.html,LGBT_SEX,67
/bbs/IdolMaster/index.html,IdolMaster,66
/bbs/E-appliance/index.html,E-appliance,66
/bbs/BB-Love/index.html,BB-Love,66
/bbs/Teacher/index.html,Teacher,65
/bbs/RealmOfValor/index.html,RealmOfValor,65
/bbs/ChungLi/index.html,ChungLi,64
/bbs/hypermall/index.html,hypermall,64
