﻿/bbs/Gossiping/index.html,Gossiping,17369
/bbs/Baseball/index.html,Baseball,5763
/bbs/C_Chat/index.html,C_Chat,3056
/bbs/NBA/index.html,NBA,2861
/bbs/HatePolitics/index.html,HatePolitics,2761
/bbs/Stock/index.html,Stock,1498
/bbs/movie/index.html,movie,1442
/bbs/Lifeismoney/index.html,Lifeismoney,1084
/bbs/MobileComm/index.html,MobileComm,1059
/bbs/sex/index.html,sex,1049
/bbs/LoL/index.html,LoL,950
/bbs/KR_Entertain/index.html,KR_Entertain,872
/bbs/car/index.html,car,818
/bbs/Tech_Job/index.html,Tech_Job,811
/bbs/Beauty/index.html,Beauty,750
/bbs/ToS/index.html,ToS,740
/bbs/BabyMother/index.html,BabyMother,718
/bbs/WomenTalk/index.html,WomenTalk,695
/bbs/Boy-Girl/index.html,Boy-Girl,666
/bbs/PC_Shopping/index.html,PC_Shopping,622
/bbs/marvel/index.html,marvel,569
/bbs/e-shopping/index.html,e-shopping,558
/bbs/KoreaStar/index.html,KoreaStar,516
/bbs/Japan_Travel/index.html,Japan_Travel,498
/bbs/marriage/index.html,marriage,448
/bbs/PlayStation/index.html,PlayStation,435
/bbs/joke/index.html,joke,432
/bbs/KoreaDrama/index.html,KoreaDrama,420
/bbs/creditcard/index.html,creditcard,418
/bbs/SportLottery/index.html,SportLottery,394
/bbs/AllTogether/index.html,AllTogether,381
/bbs/KanColle/index.html,KanColle,370
/bbs/Steam/index.html,Steam,370
/bbs/MakeUp/index.html,MakeUp,364
/bbs/StupidClown/index.html,StupidClown,351
/bbs/basketballTW/index.html,basketballTW,343
/bbs/Kaohsiung/index.html,Kaohsiung,340
/bbs/Tainan/index.html,Tainan,337
/bbs/japanavgirls/index.html,japanavgirls,333
/bbs/home-sale/index.html,home-sale,321
/bbs/CFantasy/index.html,CFantasy,300
/bbs/Hearthstone/index.html,Hearthstone,291
/bbs/NSwitch/index.html,NSwitch,286
/bbs/FATE_GO/index.html,FATE_GO,279
/bbs/EAseries/index.html,EAseries,275
/bbs/Tennis/index.html,Tennis,255
/bbs/iOS/index.html,iOS,254
/bbs/PokemonGO/index.html,PokemonGO,254
/bbs/ONE_PIECE/index.html,ONE_PIECE,248
/bbs/TaichungBun/index.html,TaichungBun,237
/bbs/PCReDive/index.html,PCReDive,229
/bbs/Japandrama/index.html,Japandrama,213
/bbs/HardwareSale/index.html,HardwareSale,211
/bbs/BeautySalon/index.html,BeautySalon,209
/bbs/AC_In/index.html,AC_In,203
/bbs/BuyTogether/index.html,BuyTogether,193
/bbs/Salary/index.html,Salary,176
/bbs/NBA_Film/index.html,NBA_Film,176
/bbs/Elephants/index.html,Elephants,170
/bbs/Examination/index.html,Examination,163
/bbs/biker/index.html,biker,161
/bbs/WOW/index.html,WOW,160
/bbs/Monkeys/index.html,Monkeys,160
/bbs/studyteacher/index.html,studyteacher,159
/bbs/CVS/index.html,CVS,159
/bbs/TWICE/index.html,TWICE,146
/bbs/TaiwanDrama/index.html,TaiwanDrama,145
/bbs/Food/index.html,Food,145
/bbs/mobilesales/index.html,mobilesales,144
/bbs/MuscleBeach/index.html,MuscleBeach,144
/bbs/MayDay/index.html,MayDay,142
/bbs/Hsinchu/index.html,Hsinchu,141
/bbs/Aviation/index.html,Aviation,139
/bbs/MobilePay/index.html,MobilePay,136
/bbs/Soft_Job/index.html,Soft_Job,135
/bbs/KoreanPop/index.html,KoreanPop,135
/bbs/YuanChuang/index.html,YuanChuang,134
/bbs/PuzzleDragon/index.html,PuzzleDragon,132
/bbs/BTS/index.html,BTS,129
/bbs/MLB/index.html,MLB,124
/bbs/China-Drama/index.html,China-Drama,121
/bbs/Headphone/index.html,Headphone,121
/bbs/Palmar_Drama/index.html,Palmar_Drama,118
/bbs/Gamesale/index.html,Gamesale,114
/bbs/Finance/index.html,Finance,111
/bbs/GBF/index.html,GBF,111
/bbs/Gov_owned/index.html,Gov_owned,107
/bbs/GetMarry/index.html,GetMarry,107
/bbs/CarShop/index.html,CarShop,106
/bbs/cat/index.html,cat,104
/bbs/fastfood/index.html,fastfood,102
/bbs/Key_Mou_Pad/index.html,Key_Mou_Pad,101
/bbs/DMM_GAMES/index.html,DMM_GAMES,98
/bbs/gay/index.html,gay,98
/bbs/forsale/index.html,forsale,98
/bbs/PublicServan/index.html,PublicServan,97
/bbs/AKB48/index.html,AKB48,95
/bbs/Drama-Ticket/index.html,Drama-Ticket,94
/bbs/part-time/index.html,part-time,93
/bbs/HelpBuy/index.html,HelpBuy,89
/bbs/Wanted/index.html,Wanted,88
/bbs/StarCraft/index.html,StarCraft,88
/bbs/cookclub/index.html,cookclub,87
/bbs/medstudent/index.html,medstudent,86
/bbs/DSLR/index.html,DSLR,85
/bbs/Mobile-game/index.html,Mobile-game,83
/bbs/nb-shopping/index.html,nb-shopping,83
/bbs/IZONE/index.html,IZONE,82
/bbs/tabletennis/index.html,tabletennis,81
/bbs/TW_Entertain/index.html,TW_Entertain,79
/bbs/Military/index.html,Military,78
/bbs/hypermall/index.html,hypermall,75
/bbs/Brand/index.html,Brand,74
/bbs/Lakers/index.html,Lakers,74
/bbs/graduate/index.html,graduate,74
/bbs/E-appliance/index.html,E-appliance,72
/bbs/MacShop/index.html,MacShop,72
/bbs/feminine_sex/index.html,feminine_sex,72
/bbs/SuperJunior/index.html,SuperJunior,71
/bbs/DIABLO/index.html,DIABLO,71
/bbs/watch/index.html,watch,71
/bbs/FITNESS/index.html,FITNESS,71
/bbs/give/index.html,give,69
/bbs/lesbian/index.html,lesbian,69
/bbs/TypeMoon/index.html,TypeMoon,66
/bbs/Lions/index.html,Lions,64
/bbs/LGBT_SEX/index.html,LGBT_SEX,63
/bbs/Taoyuan/index.html,Taoyuan,63
