﻿/bbs/Gossiping/index.html,Gossiping,19049
/bbs/Baseball/index.html,Baseball,5317
/bbs/HatePolitics/index.html,HatePolitics,3157
/bbs/C_Chat/index.html,C_Chat,2891
/bbs/NBA/index.html,NBA,2761
/bbs/movie/index.html,movie,1522
/bbs/Stock/index.html,Stock,1477
/bbs/LoL/index.html,LoL,1085
/bbs/MobileComm/index.html,MobileComm,1071
/bbs/Lifeismoney/index.html,Lifeismoney,1015
/bbs/sex/index.html,sex,995
/bbs/KR_Entertain/index.html,KR_Entertain,800
/bbs/car/index.html,car,792
/bbs/Tech_Job/index.html,Tech_Job,769
/bbs/ToS/index.html,ToS,767
/bbs/Beauty/index.html,Beauty,692
/bbs/WomenTalk/index.html,WomenTalk,675
/bbs/KoreaStar/index.html,KoreaStar,656
/bbs/BabyMother/index.html,BabyMother,643
/bbs/Boy-Girl/index.html,Boy-Girl,635
/bbs/PC_Shopping/index.html,PC_Shopping,602
/bbs/e-shopping/index.html,e-shopping,586
/bbs/marvel/index.html,marvel,549
/bbs/Japan_Travel/index.html,Japan_Travel,501
/bbs/marriage/index.html,marriage,473
/bbs/Elephants/index.html,Elephants,442
/bbs/PlayStation/index.html,PlayStation,420
/bbs/creditcard/index.html,creditcard,406
/bbs/joke/index.html,joke,405
/bbs/StupidClown/index.html,StupidClown,398
/bbs/KanColle/index.html,KanColle,374
/bbs/KoreaDrama/index.html,KoreaDrama,371
/bbs/MakeUp/index.html,MakeUp,364
/bbs/Tainan/index.html,Tainan,359
/bbs/Kaohsiung/index.html,Kaohsiung,358
/bbs/AllTogether/index.html,AllTogether,357
/bbs/Hearthstone/index.html,Hearthstone,354
/bbs/Steam/index.html,Steam,344
/bbs/SportLottery/index.html,SportLottery,340
/bbs/japanavgirls/index.html,japanavgirls,310
/bbs/CFantasy/index.html,CFantasy,287
/bbs/home-sale/index.html,home-sale,285
/bbs/FATE_GO/index.html,FATE_GO,277
/bbs/NSwitch/index.html,NSwitch,275
/bbs/EAseries/index.html,EAseries,273
/bbs/TaichungBun/index.html,TaichungBun,268
/bbs/Tennis/index.html,Tennis,266
/bbs/iOS/index.html,iOS,256
/bbs/basketballTW/index.html,basketballTW,256
/bbs/HardwareSale/index.html,HardwareSale,238
/bbs/PokemonGO/index.html,PokemonGO,238
/bbs/PCReDive/index.html,PCReDive,226
/bbs/ONE_PIECE/index.html,ONE_PIECE,225
/bbs/BeautySalon/index.html,BeautySalon,217
/bbs/Japandrama/index.html,Japandrama,215
/bbs/Salary/index.html,Salary,212
/bbs/BuyTogether/index.html,BuyTogether,200
/bbs/Guardians/index.html,Guardians,186
/bbs/studyteacher/index.html,studyteacher,179
/bbs/AC_In/index.html,AC_In,172
/bbs/Monkeys/index.html,Monkeys,170
/bbs/TWICE/index.html,TWICE,164
/bbs/Food/index.html,Food,164
/bbs/CVS/index.html,CVS,163
/bbs/Examination/index.html,Examination,163
/bbs/PuzzleDragon/index.html,PuzzleDragon,158
/bbs/mobilesales/index.html,mobilesales,155
/bbs/NBA_Film/index.html,NBA_Film,155
/bbs/YuanChuang/index.html,YuanChuang,152
/bbs/MuscleBeach/index.html,MuscleBeach,150
/bbs/Hsinchu/index.html,Hsinchu,147
/bbs/Lions/index.html,Lions,142
/bbs/WOW/index.html,WOW,140
/bbs/Aviation/index.html,Aviation,136
/bbs/MayDay/index.html,MayDay,134
/bbs/MH/index.html,MH,133
/bbs/Soft_Job/index.html,Soft_Job,132
/bbs/biker/index.html,biker,132
/bbs/Palmar_Drama/index.html,Palmar_Drama,132
/bbs/MLB/index.html,MLB,132
/bbs/KoreanPop/index.html,KoreanPop,129
/bbs/China-Drama/index.html,China-Drama,129
/bbs/MobilePay/index.html,MobilePay,128
/bbs/Headphone/index.html,Headphone,122
/bbs/GBF/index.html,GBF,119
/bbs/Gamesale/index.html,Gamesale,116
/bbs/BTS/index.html,BTS,116
/bbs/GetMarry/index.html,GetMarry,115
/bbs/PublicServan/index.html,PublicServan,113
/bbs/cat/index.html,cat,112
/bbs/TaiwanDrama/index.html,TaiwanDrama,112
/bbs/HelpBuy/index.html,HelpBuy,105
/bbs/DSLR/index.html,DSLR,103
/bbs/AKB48/index.html,AKB48,101
/bbs/Wanted/index.html,Wanted,99
/bbs/FITNESS/index.html,FITNESS,93
/bbs/Drama-Ticket/index.html,Drama-Ticket,91
/bbs/part-time/index.html,part-time,91
/bbs/Finance/index.html,Finance,88
/bbs/CarShop/index.html,CarShop,88
/bbs/hypermall/index.html,hypermall,88
/bbs/Nogizaka46/index.html,Nogizaka46,87
/bbs/cookclub/index.html,cookclub,87
/bbs/TypeMoon/index.html,TypeMoon,86
/bbs/fastfood/index.html,fastfood,86
/bbs/Gov_owned/index.html,Gov_owned,86
/bbs/DMM_GAMES/index.html,DMM_GAMES,86
/bbs/give/index.html,give,83
/bbs/gay/index.html,gay,83
/bbs/medstudent/index.html,medstudent,82
/bbs/Key_Mou_Pad/index.html,Key_Mou_Pad,81
/bbs/IZONE/index.html,IZONE,81
/bbs/watch/index.html,watch,80
/bbs/forsale/index.html,forsale,79
/bbs/Brand/index.html,Brand,77
/bbs/feminine_sex/index.html,feminine_sex,77
/bbs/StarCraft/index.html,StarCraft,77
/bbs/Military/index.html,Military,77
/bbs/DIABLO/index.html,DIABLO,75
/bbs/TW_Entertain/index.html,TW_Entertain,75
/bbs/job/index.html,job,69
/bbs/graduate/index.html,graduate,68
/bbs/tabletennis/index.html,tabletennis,68
/bbs/E-appliance/index.html,E-appliance,67
/bbs/Mobile-game/index.html,Mobile-game,66
/bbs/MacShop/index.html,MacShop,65
/bbs/Taoyuan/index.html,Taoyuan,65
/bbs/nb-shopping/index.html,nb-shopping,63
