﻿/bbs/Gossiping/index.html,Gossiping,16585
/bbs/NBA/index.html,NBA,4097
/bbs/C_Chat/index.html,C_Chat,3123
/bbs/Baseball/index.html,Baseball,2972
/bbs/HatePolitics/index.html,HatePolitics,1905
/bbs/Stock/index.html,Stock,1707
/bbs/movie/index.html,movie,1320
/bbs/MobileComm/index.html,MobileComm,1167
/bbs/sex/index.html,sex,1070
/bbs/Lifeismoney/index.html,Lifeismoney,1008
/bbs/car/index.html,car,966
/bbs/LoL/index.html,LoL,930
/bbs/KR_Entertain/index.html,KR_Entertain,910
/bbs/Beauty/index.html,Beauty,827
/bbs/Tech_Job/index.html,Tech_Job,813
/bbs/WomenTalk/index.html,WomenTalk,808
/bbs/ToS/index.html,ToS,751
/bbs/Boy-Girl/index.html,Boy-Girl,667
/bbs/BabyMother/index.html,BabyMother,626
/bbs/marvel/index.html,marvel,595
/bbs/PC_Shopping/index.html,PC_Shopping,579
/bbs/KoreaStar/index.html,KoreaStar,556
/bbs/joke/index.html,joke,506
/bbs/creditcard/index.html,creditcard,505
/bbs/e-shopping/index.html,e-shopping,500
/bbs/Japan_Travel/index.html,Japan_Travel,452
/bbs/SportLottery/index.html,SportLottery,440
/bbs/marriage/index.html,marriage,426
/bbs/AllTogether/index.html,AllTogether,414
/bbs/PlayStation/index.html,PlayStation,411
/bbs/Kaohsiung/index.html,Kaohsiung,387
/bbs/Steam/index.html,Steam,385
/bbs/KoreaDrama/index.html,KoreaDrama,376
/bbs/MakeUp/index.html,MakeUp,375
/bbs/Tainan/index.html,Tainan,366
/bbs/japanavgirls/index.html,japanavgirls,349
/bbs/StupidClown/index.html,StupidClown,318
/bbs/KanColle/index.html,KanColle,317
/bbs/Tennis/index.html,Tennis,316
/bbs/FATE_GO/index.html,FATE_GO,307
/bbs/Hearthstone/index.html,Hearthstone,307
/bbs/PokemonGO/index.html,PokemonGO,287
/bbs/PCReDive/index.html,PCReDive,285
/bbs/TaichungBun/index.html,TaichungBun,279
/bbs/EAseries/index.html,EAseries,277
/bbs/NSwitch/index.html,NSwitch,261
/bbs/ONE_PIECE/index.html,ONE_PIECE,259
/bbs/home-sale/index.html,home-sale,248
/bbs/CFantasy/index.html,CFantasy,246
/bbs/iOS/index.html,iOS,227
/bbs/HardwareSale/index.html,HardwareSale,207
/bbs/BeautySalon/index.html,BeautySalon,199
/bbs/CVS/index.html,CVS,192
/bbs/Salary/index.html,Salary,188
/bbs/Japandrama/index.html,Japandrama,185
/bbs/BuyTogether/index.html,BuyTogether,182
/bbs/AC_In/index.html,AC_In,173
/bbs/Elephants/index.html,Elephants,173
/bbs/WOW/index.html,WOW,168
/bbs/NBA_Film/index.html,NBA_Film,163
/bbs/Examination/index.html,Examination,163
/bbs/basketballTW/index.html,basketballTW,162
/bbs/MuscleBeach/index.html,MuscleBeach,160
/bbs/PuzzleDragon/index.html,PuzzleDragon,156
/bbs/Hsinchu/index.html,Hsinchu,155
/bbs/Food/index.html,Food,154
/bbs/studyteacher/index.html,studyteacher,152
/bbs/YuanChuang/index.html,YuanChuang,151
/bbs/Palmar_Drama/index.html,Palmar_Drama,147
/bbs/biker/index.html,biker,141
/bbs/Headphone/index.html,Headphone,137
/bbs/MayDay/index.html,MayDay,137
/bbs/GBF/index.html,GBF,135
/bbs/Soft_Job/index.html,Soft_Job,134
/bbs/Aviation/index.html,Aviation,133
/bbs/MobilePay/index.html,MobilePay,132
/bbs/MLB/index.html,MLB,126
/bbs/KoreanPop/index.html,KoreanPop,124
/bbs/mobilesales/index.html,mobilesales,121
/bbs/cat/index.html,cat,121
/bbs/Gamesale/index.html,Gamesale,120
/bbs/China-Drama/index.html,China-Drama,119
/bbs/Monkeys/index.html,Monkeys,117
/bbs/part-time/index.html,part-time,117
/bbs/TaiwanDrama/index.html,TaiwanDrama,116
/bbs/TWICE/index.html,TWICE,110
/bbs/GetMarry/index.html,GetMarry,108
/bbs/DSLR/index.html,DSLR,107
/bbs/CarShop/index.html,CarShop,103
/bbs/StarCraft/index.html,StarCraft,102
/bbs/Finance/index.html,Finance,95
/bbs/fastfood/index.html,fastfood,93
/bbs/DMM_GAMES/index.html,DMM_GAMES,93
/bbs/TW_Entertain/index.html,TW_Entertain,93
/bbs/medstudent/index.html,medstudent,92
/bbs/BTS/index.html,BTS,91
/bbs/lesbian/index.html,lesbian,91
/bbs/Wanted/index.html,Wanted,90
/bbs/FITNESS/index.html,FITNESS,89
/bbs/Military/index.html,Military,89
/bbs/PublicServan/index.html,PublicServan,88
/bbs/graduate/index.html,graduate,86
/bbs/gay/index.html,gay,84
/bbs/watch/index.html,watch,82
/bbs/IZONE/index.html,IZONE,80
/bbs/Drama-Ticket/index.html,Drama-Ticket,77
/bbs/feminine_sex/index.html,feminine_sex,77
/bbs/Mobile-game/index.html,Mobile-game,72
/bbs/RealmOfValor/index.html,RealmOfValor,72
/bbs/nb-shopping/index.html,nb-shopping,71
/bbs/TypeMoon/index.html,TypeMoon,71
/bbs/Key_Mou_Pad/index.html,Key_Mou_Pad,71
/bbs/forsale/index.html,forsale,70
/bbs/HelpBuy/index.html,HelpBuy,68
/bbs/cookclub/index.html,cookclub,68
/bbs/Brand/index.html,Brand,67
/bbs/Guardians/index.html,Guardians,67
/bbs/tabletennis/index.html,tabletennis,67
/bbs/SuperJunior/index.html,SuperJunior,66
/bbs/LGBT_SEX/index.html,LGBT_SEX,66
/bbs/Gov_owned/index.html,Gov_owned,66
/bbs/MaiKuraki/index.html,MaiKuraki,66
/bbs/Taoyuan/index.html,Taoyuan,65
/bbs/give/index.html,give,64
/bbs/SuperBike/index.html,SuperBike,64
/bbs/DIABLO/index.html,DIABLO,64
/bbs/Option/index.html,Option,63
/bbs/MH/index.html,MH,62
