﻿/bbs/Gossiping/index.html,Gossiping,19008
/bbs/Baseball/index.html,Baseball,4309
/bbs/HatePolitics/index.html,HatePolitics,3268
/bbs/NBA/index.html,NBA,3050
/bbs/C_Chat/index.html,C_Chat,2952
/bbs/movie/index.html,movie,1678
/bbs/Stock/index.html,Stock,1454
/bbs/Elephants/index.html,Elephants,1419
/bbs/LoL/index.html,LoL,1348
/bbs/Lifeismoney/index.html,Lifeismoney,1213
/bbs/MobileComm/index.html,MobileComm,1206
/bbs/sex/index.html,sex,890
/bbs/KR_Entertain/index.html,KR_Entertain,870
/bbs/car/index.html,car,801
/bbs/ToS/index.html,ToS,760
/bbs/WomenTalk/index.html,WomenTalk,750
/bbs/Tech_Job/index.html,Tech_Job,703
/bbs/Beauty/index.html,Beauty,694
/bbs/joke/index.html,joke,627
/bbs/Boy-Girl/index.html,Boy-Girl,622
/bbs/BabyMother/index.html,BabyMother,589
/bbs/KoreaStar/index.html,KoreaStar,576
/bbs/PC_Shopping/index.html,PC_Shopping,522
/bbs/e-shopping/index.html,e-shopping,521
/bbs/Tennis/index.html,Tennis,520
/bbs/marvel/index.html,marvel,516
/bbs/Japan_Travel/index.html,Japan_Travel,480
/bbs/Hearthstone/index.html,Hearthstone,478
/bbs/Kaohsiung/index.html,Kaohsiung,467
/bbs/StupidClown/index.html,StupidClown,436
/bbs/Guardians/index.html,Guardians,429
/bbs/marriage/index.html,marriage,415
/bbs/PlayStation/index.html,PlayStation,403
/bbs/AllTogether/index.html,AllTogether,401
/bbs/MakeUp/index.html,MakeUp,400
/bbs/KoreaDrama/index.html,KoreaDrama,394
/bbs/Steam/index.html,Steam,393
/bbs/KanColle/index.html,KanColle,363
/bbs/creditcard/index.html,creditcard,358
/bbs/Tainan/index.html,Tainan,341
/bbs/Lions/index.html,Lions,319
/bbs/Monkeys/index.html,Monkeys,312
/bbs/SportLottery/index.html,SportLottery,296
/bbs/home-sale/index.html,home-sale,295
/bbs/CFantasy/index.html,CFantasy,282
/bbs/NSwitch/index.html,NSwitch,278
/bbs/EAseries/index.html,EAseries,272
/bbs/japanavgirls/index.html,japanavgirls,267
/bbs/TaichungBun/index.html,TaichungBun,262
/bbs/iOS/index.html,iOS,252
/bbs/FATE_GO/index.html,FATE_GO,236
/bbs/ONE_PIECE/index.html,ONE_PIECE,233
/bbs/PCReDive/index.html,PCReDive,228
/bbs/BeautySalon/index.html,BeautySalon,226
/bbs/HardwareSale/index.html,HardwareSale,221
/bbs/Japandrama/index.html,Japandrama,218
/bbs/PokemonGO/index.html,PokemonGO,214
/bbs/CVS/index.html,CVS,211
/bbs/BuyTogether/index.html,BuyTogether,208
/bbs/studyteacher/index.html,studyteacher,196
/bbs/AC_In/index.html,AC_In,189
/bbs/basketballTW/index.html,basketballTW,187
/bbs/Hsinchu/index.html,Hsinchu,184
/bbs/Food/index.html,Food,170
/bbs/KoreanPop/index.html,KoreanPop,168
/bbs/NBA_Film/index.html,NBA_Film,167
/bbs/YuanChuang/index.html,YuanChuang,162
/bbs/Salary/index.html,Salary,161
/bbs/WOW/index.html,WOW,159
/bbs/PuzzleDragon/index.html,PuzzleDragon,152
/bbs/biker/index.html,biker,152
/bbs/MuscleBeach/index.html,MuscleBeach,151
/bbs/Examination/index.html,Examination,147
/bbs/MH/index.html,MH,141
/bbs/mobilesales/index.html,mobilesales,140
/bbs/GBF/index.html,GBF,137
/bbs/Aviation/index.html,Aviation,135
/bbs/TWICE/index.html,TWICE,133
/bbs/GetMarry/index.html,GetMarry,132
/bbs/Palmar_Drama/index.html,Palmar_Drama,131
/bbs/Soft_Job/index.html,Soft_Job,128
/bbs/China-Drama/index.html,China-Drama,128
/bbs/Gamesale/index.html,Gamesale,127
/bbs/TaiwanDrama/index.html,TaiwanDrama,127
/bbs/IZONE/index.html,IZONE,123
/bbs/tabletennis/index.html,tabletennis,122
/bbs/Headphone/index.html,Headphone,119
/bbs/MayDay/index.html,MayDay,118
/bbs/MLB/index.html,MLB,111
/bbs/part-time/index.html,part-time,110
/bbs/MobilePay/index.html,MobilePay,109
/bbs/cat/index.html,cat,107
/bbs/CarShop/index.html,CarShop,103
/bbs/Finance/index.html,Finance,102
/bbs/TypeMoon/index.html,TypeMoon,102
/bbs/BTS/index.html,BTS,101
/bbs/Mobile-game/index.html,Mobile-game,99
/bbs/DSLR/index.html,DSLR,96
/bbs/Nogizaka46/index.html,Nogizaka46,96
/bbs/PublicServan/index.html,PublicServan,94
/bbs/forsale/index.html,forsale,93
/bbs/cookclub/index.html,cookclub,91
/bbs/watch/index.html,watch,90
/bbs/medstudent/index.html,medstudent,89
/bbs/DMM_GAMES/index.html,DMM_GAMES,89
/bbs/AKB48/index.html,AKB48,88
/bbs/fastfood/index.html,fastfood,88
/bbs/Wanted/index.html,Wanted,87
/bbs/Gov_owned/index.html,Gov_owned,87
/bbs/StarCraft/index.html,StarCraft,87
/bbs/lesbian/index.html,lesbian,84
/bbs/gay/index.html,gay,84
/bbs/Military/index.html,Military,84
/bbs/MacShop/index.html,MacShop,83
/bbs/Key_Mou_Pad/index.html,Key_Mou_Pad,79
/bbs/Drama-Ticket/index.html,Drama-Ticket,77
/bbs/TW_Entertain/index.html,TW_Entertain,77
/bbs/Taoyuan/index.html,Taoyuan,75
/bbs/nb-shopping/index.html,nb-shopping,73
/bbs/Brand/index.html,Brand,73
/bbs/HelpBuy/index.html,HelpBuy,72
/bbs/hypermall/index.html,hypermall,72
/bbs/EXO/index.html,EXO,70
/bbs/graduate/index.html,graduate,70
/bbs/IdolMaster/index.html,IdolMaster,67
/bbs/ChungLi/index.html,ChungLi,67
/bbs/BB-Love/index.html,BB-Love,67
/bbs/job/index.html,job,67
