﻿/bbs/Gossiping/index.html,Gossiping,18434
/bbs/NBA/index.html,NBA,3618
/bbs/Baseball/index.html,Baseball,3457
/bbs/C_Chat/index.html,C_Chat,3141
/bbs/HatePolitics/index.html,HatePolitics,2312
/bbs/Stock/index.html,Stock,1550
/bbs/movie/index.html,movie,1415
/bbs/MobileComm/index.html,MobileComm,1150
/bbs/sex/index.html,sex,1012
/bbs/Lifeismoney/index.html,Lifeismoney,1003
/bbs/KR_Entertain/index.html,KR_Entertain,973
/bbs/car/index.html,car,896
/bbs/LoL/index.html,LoL,893
/bbs/WomenTalk/index.html,WomenTalk,818
/bbs/Tech_Job/index.html,Tech_Job,773
/bbs/ToS/index.html,ToS,764
/bbs/Beauty/index.html,Beauty,717
/bbs/BabyMother/index.html,BabyMother,687
/bbs/Boy-Girl/index.html,Boy-Girl,614
/bbs/PC_Shopping/index.html,PC_Shopping,587
/bbs/KoreaStar/index.html,KoreaStar,567
/bbs/marvel/index.html,marvel,551
/bbs/e-shopping/index.html,e-shopping,542
/bbs/Japan_Travel/index.html,Japan_Travel,480
/bbs/joke/index.html,joke,466
/bbs/creditcard/index.html,creditcard,463
/bbs/SportLottery/index.html,SportLottery,451
/bbs/marriage/index.html,marriage,449
/bbs/AllTogether/index.html,AllTogether,417
/bbs/StupidClown/index.html,StupidClown,398
/bbs/PlayStation/index.html,PlayStation,383
/bbs/KoreaDrama/index.html,KoreaDrama,374
/bbs/Steam/index.html,Steam,363
/bbs/MakeUp/index.html,MakeUp,358
/bbs/Kaohsiung/index.html,Kaohsiung,351
/bbs/japanavgirls/index.html,japanavgirls,339
/bbs/KanColle/index.html,KanColle,330
/bbs/Hearthstone/index.html,Hearthstone,307
/bbs/home-sale/index.html,home-sale,307
/bbs/Tainan/index.html,Tainan,298
/bbs/CFantasy/index.html,CFantasy,294
/bbs/PokemonGO/index.html,PokemonGO,278
/bbs/FATE_GO/index.html,FATE_GO,268
/bbs/TaichungBun/index.html,TaichungBun,264
/bbs/EAseries/index.html,EAseries,259
/bbs/Tennis/index.html,Tennis,256
/bbs/iOS/index.html,iOS,246
/bbs/NSwitch/index.html,NSwitch,246
/bbs/PCReDive/index.html,PCReDive,240
/bbs/ONE_PIECE/index.html,ONE_PIECE,236
/bbs/BeautySalon/index.html,BeautySalon,216
/bbs/HardwareSale/index.html,HardwareSale,207
/bbs/Monkeys/index.html,Monkeys,203
/bbs/Japandrama/index.html,Japandrama,196
/bbs/Elephants/index.html,Elephants,195
/bbs/BuyTogether/index.html,BuyTogether,190
/bbs/NBA_Film/index.html,NBA_Film,186
/bbs/basketballTW/index.html,basketballTW,183
/bbs/AC_In/index.html,AC_In,177
/bbs/CVS/index.html,CVS,172
/bbs/studyteacher/index.html,studyteacher,171
/bbs/Salary/index.html,Salary,159
/bbs/biker/index.html,biker,156
/bbs/MuscleBeach/index.html,MuscleBeach,152
/bbs/Examination/index.html,Examination,151
/bbs/mobilesales/index.html,mobilesales,149
/bbs/WOW/index.html,WOW,147
/bbs/Food/index.html,Food,144
/bbs/YuanChuang/index.html,YuanChuang,143
/bbs/PuzzleDragon/index.html,PuzzleDragon,143
/bbs/Palmar_Drama/index.html,Palmar_Drama,138
/bbs/Headphone/index.html,Headphone,132
/bbs/Gamesale/index.html,Gamesale,131
/bbs/Hsinchu/index.html,Hsinchu,131
/bbs/MayDay/index.html,MayDay,130
/bbs/TaiwanDrama/index.html,TaiwanDrama,126
/bbs/Soft_Job/index.html,Soft_Job,121
/bbs/MobilePay/index.html,MobilePay,121
/bbs/China-Drama/index.html,China-Drama,121
/bbs/Drama-Ticket/index.html,Drama-Ticket,121
/bbs/GBF/index.html,GBF,120
/bbs/Aviation/index.html,Aviation,119
/bbs/TWICE/index.html,TWICE,119
/bbs/StarCraft/index.html,StarCraft,116
/bbs/cat/index.html,cat,115
/bbs/MLB/index.html,MLB,115
/bbs/KoreanPop/index.html,KoreanPop,114
/bbs/lesbian/index.html,lesbian,112
/bbs/part-time/index.html,part-time,111
/bbs/DSLR/index.html,DSLR,105
/bbs/tabletennis/index.html,tabletennis,105
/bbs/DMM_GAMES/index.html,DMM_GAMES,102
/bbs/forsale/index.html,forsale,102
/bbs/medstudent/index.html,medstudent,100
/bbs/IZONE/index.html,IZONE,97
/bbs/Wanted/index.html,Wanted,97
/bbs/BTS/index.html,BTS,95
/bbs/TW_Entertain/index.html,TW_Entertain,93
/bbs/watch/index.html,watch,91
/bbs/SuperJunior/index.html,SuperJunior,90
/bbs/MacShop/index.html,MacShop,90
/bbs/CarShop/index.html,CarShop,89
/bbs/gay/index.html,gay,89
/bbs/GetMarry/index.html,GetMarry,88
/bbs/Finance/index.html,Finance,87
/bbs/fastfood/index.html,fastfood,87
/bbs/FITNESS/index.html,FITNESS,86
/bbs/give/index.html,give,84
/bbs/Key_Mou_Pad/index.html,Key_Mou_Pad,84
/bbs/graduate/index.html,graduate,84
/bbs/HelpBuy/index.html,HelpBuy,80
/bbs/Guardians/index.html,Guardians,78
/bbs/Brand/index.html,Brand,77
/bbs/AKB48/index.html,AKB48,76
/bbs/DIABLO/index.html,DIABLO,76
/bbs/Gov_owned/index.html,Gov_owned,75
/bbs/Lakers/index.html,Lakers,74
/bbs/hypermall/index.html,hypermall,73
/bbs/PathofExile/index.html,PathofExile,72
/bbs/Mobile-game/index.html,Mobile-game,71
/bbs/nb-shopping/index.html,nb-shopping,71
/bbs/PublicServan/index.html,PublicServan,71
/bbs/feminine_sex/index.html,feminine_sex,71
/bbs/TypeMoon/index.html,TypeMoon,69
/bbs/Taoyuan/index.html,Taoyuan,67
/bbs/RealmOfValor/index.html,RealmOfValor,66
/bbs/BB-Love/index.html,BB-Love,63
/bbs/Option/index.html,Option,63
