﻿/bbs/Gossiping/index.html,Gossiping,11111
/bbs/NBA/index.html,NBA,2902
/bbs/C_Chat/index.html,C_Chat,2765
/bbs/Baseball/index.html,Baseball,1788
/bbs/sex/index.html,sex,1602
/bbs/Stock/index.html,Stock,1600
/bbs/movie/index.html,movie,1452
/bbs/HatePolitics/index.html,HatePolitics,1271
/bbs/MobileComm/index.html,MobileComm,1000
/bbs/LoL/index.html,LoL,912
/bbs/Lifeismoney/index.html,Lifeismoney,830
/bbs/Beauty/index.html,Beauty,815
/bbs/ToS/index.html,ToS,744
/bbs/KR_Entertain/index.html,KR_Entertain,729
/bbs/Tech_Job/index.html,Tech_Job,715
/bbs/Boy-Girl/index.html,Boy-Girl,694
/bbs/car/index.html,car,674
/bbs/Tennis/index.html,Tennis,587
/bbs/marvel/index.html,marvel,577
/bbs/WomenTalk/index.html,WomenTalk,559
/bbs/BabyMother/index.html,BabyMother,543
/bbs/joke/index.html,joke,534
/bbs/PC_Shopping/index.html,PC_Shopping,524
/bbs/KoreaStar/index.html,KoreaStar,486
/bbs/e-shopping/index.html,e-shopping,457
/bbs/AllTogether/index.html,AllTogether,423
/bbs/FATE_GO/index.html,FATE_GO,405
/bbs/Kaohsiung/index.html,Kaohsiung,394
/bbs/PlayStation/index.html,PlayStation,386
/bbs/Japan_Travel/index.html,Japan_Travel,380
/bbs/KoreaDrama/index.html,KoreaDrama,364
/bbs/Tainan/index.html,Tainan,358
/bbs/marriage/index.html,marriage,352
/bbs/creditcard/index.html,creditcard,345
/bbs/Steam/index.html,Steam,344
/bbs/japanavgirls/index.html,japanavgirls,330
/bbs/MakeUp/index.html,MakeUp,325
/bbs/Hearthstone/index.html,Hearthstone,318
/bbs/ONE_PIECE/index.html,ONE_PIECE,318
/bbs/KanColle/index.html,KanColle,313
/bbs/PCReDive/index.html,PCReDive,300
/bbs/EAseries/index.html,EAseries,298
/bbs/SportLottery/index.html,SportLottery,295
/bbs/CFantasy/index.html,CFantasy,284
/bbs/home-sale/index.html,home-sale,258
/bbs/NSwitch/index.html,NSwitch,251
/bbs/iOS/index.html,iOS,240
/bbs/TaichungBun/index.html,TaichungBun,228
/bbs/Elephants/index.html,Elephants,228
/bbs/AC_In/index.html,AC_In,221
/bbs/BeautySalon/index.html,BeautySalon,220
/bbs/Salary/index.html,Salary,205
/bbs/StupidClown/index.html,StupidClown,204
/bbs/HardwareSale/index.html,HardwareSale,194
/bbs/NBA_Film/index.html,NBA_Film,186
/bbs/CVS/index.html,CVS,181
/bbs/PokemonGO/index.html,PokemonGO,172
/bbs/PuzzleDragon/index.html,PuzzleDragon,171
/bbs/Japandrama/index.html,Japandrama,163
/bbs/BuyTogether/index.html,BuyTogether,162
/bbs/YuanChuang/index.html,YuanChuang,158
/bbs/MuscleBeach/index.html,MuscleBeach,146
/bbs/biker/index.html,biker,142
/bbs/TaiwanDrama/index.html,TaiwanDrama,135
/bbs/WOW/index.html,WOW,130
/bbs/Palmar_Drama/index.html,Palmar_Drama,130
/bbs/KoreanPop/index.html,KoreanPop,129
/bbs/MayDay/index.html,MayDay,127
/bbs/basketballTW/index.html,basketballTW,125
/bbs/Option/index.html,Option,124
/bbs/Aviation/index.html,Aviation,124
/bbs/Soft_Job/index.html,Soft_Job,123
/bbs/Hsinchu/index.html,Hsinchu,123
/bbs/MLB/index.html,MLB,120
/bbs/China-Drama/index.html,China-Drama,116
/bbs/cat/index.html,cat,115
/bbs/Headphone/index.html,Headphone,111
/bbs/lesbian/index.html,lesbian,111
/bbs/Wanted/index.html,Wanted,110
/bbs/TWICE/index.html,TWICE,110
/bbs/Food/index.html,Food,110
/bbs/gay/index.html,gay,108
/bbs/part-time/index.html,part-time,107
/bbs/GetMarry/index.html,GetMarry,105
/bbs/DSLR/index.html,DSLR,104
/bbs/Gamesale/index.html,Gamesale,103
/bbs/LGBT_SEX/index.html,LGBT_SEX,103
/bbs/Military/index.html,Military,98
/bbs/mobilesales/index.html,mobilesales,94
/bbs/graduate/index.html,graduate,94
/bbs/TW_Entertain/index.html,TW_Entertain,92
/bbs/SuperJunior/index.html,SuperJunior,90
/bbs/Examination/index.html,Examination,89
/bbs/feminine_sex/index.html,feminine_sex,87
/bbs/studyteacher/index.html,studyteacher,85
/bbs/Key_Mou_Pad/index.html,Key_Mou_Pad,83
/bbs/nb-shopping/index.html,nb-shopping,82
/bbs/MobilePay/index.html,MobilePay,82
/bbs/CarShop/index.html,CarShop,81
/bbs/cookclub/index.html,cookclub,78
/bbs/Mobile-game/index.html,Mobile-game,77
/bbs/watch/index.html,watch,77
/bbs/FTV/index.html,FTV,76
/bbs/MacShop/index.html,MacShop,76
/bbs/DMM_GAMES/index.html,DMM_GAMES,76
/bbs/FITNESS/index.html,FITNESS,75
/bbs/job/index.html,job,75
/bbs/Guardians/index.html,Guardians,74
/bbs/Monkeys/index.html,Monkeys,72
/bbs/MH/index.html,MH,71
/bbs/IZONE/index.html,IZONE,71
/bbs/medstudent/index.html,medstudent,71
/bbs/HelpBuy/index.html,HelpBuy,70
/bbs/AKB48/index.html,AKB48,69
/bbs/DIABLO/index.html,DIABLO,69
/bbs/forsale/index.html,forsale,69
/bbs/GBF/index.html,GBF,67
/bbs/TypeMoon/index.html,TypeMoon,66
/bbs/BTS/index.html,BTS,66
/bbs/BB-Love/index.html,BB-Love,65
/bbs/IdolMaster/index.html,IdolMaster,64
/bbs/SuperBike/index.html,SuperBike,64
/bbs/points/index.html,points,63
/bbs/facelift/index.html,facelift,63
/bbs/Lions/index.html,Lions,63
/bbs/RealmOfValor/index.html,RealmOfValor,63
/bbs/Zastrology/index.html,Zastrology,61
/bbs/Nogizaka46/index.html,Nogizaka46,59
