﻿/bbs/Gossiping/index.html,Gossiping,13455
/bbs/NBA/index.html,NBA,3456
/bbs/C_Chat/index.html,C_Chat,2483
/bbs/Baseball/index.html,Baseball,1945
/bbs/Stock/index.html,Stock,1748
/bbs/sex/index.html,sex,1447
/bbs/HatePolitics/index.html,HatePolitics,1367
/bbs/movie/index.html,movie,1108
/bbs/MobileComm/index.html,MobileComm,990
/bbs/Beauty/index.html,Beauty,972
/bbs/car/index.html,car,863
/bbs/Lifeismoney/index.html,Lifeismoney,862
/bbs/Tech_Job/index.html,Tech_Job,767
/bbs/Boy-Girl/index.html,Boy-Girl,734
/bbs/creditcard/index.html,creditcard,729
/bbs/ToS/index.html,ToS,726
/bbs/BabyMother/index.html,BabyMother,696
/bbs/KR_Entertain/index.html,KR_Entertain,686
/bbs/LoL/index.html,LoL,675
/bbs/WomenTalk/index.html,WomenTalk,626
/bbs/PC_Shopping/index.html,PC_Shopping,515
/bbs/e-shopping/index.html,e-shopping,505
/bbs/marvel/index.html,marvel,499
/bbs/KoreaStar/index.html,KoreaStar,490
/bbs/joke/index.html,joke,461
/bbs/AllTogether/index.html,AllTogether,441
/bbs/Japan_Travel/index.html,Japan_Travel,429
/bbs/PlayStation/index.html,PlayStation,393
/bbs/marriage/index.html,marriage,376
/bbs/Steam/index.html,Steam,339
/bbs/japanavgirls/index.html,japanavgirls,332
/bbs/Tainan/index.html,Tainan,331
/bbs/SportLottery/index.html,SportLottery,330
/bbs/home-sale/index.html,home-sale,311
/bbs/Tennis/index.html,Tennis,309
/bbs/Kaohsiung/index.html,Kaohsiung,303
/bbs/FATE_GO/index.html,FATE_GO,302
/bbs/ONE_PIECE/index.html,ONE_PIECE,283
/bbs/MakeUp/index.html,MakeUp,278
/bbs/KoreaDrama/index.html,KoreaDrama,266
/bbs/Hearthstone/index.html,Hearthstone,263
/bbs/PCReDive/index.html,PCReDive,244
/bbs/NSwitch/index.html,NSwitch,239
/bbs/iOS/index.html,iOS,237
/bbs/TaichungBun/index.html,TaichungBun,237
/bbs/StupidClown/index.html,StupidClown,235
/bbs/KanColle/index.html,KanColle,228
/bbs/CFantasy/index.html,CFantasy,227
/bbs/PokemonGO/index.html,PokemonGO,217
/bbs/Salary/index.html,Salary,209
/bbs/Elephants/index.html,Elephants,189
/bbs/AC_In/index.html,AC_In,188
/bbs/EAseries/index.html,EAseries,183
/bbs/BeautySalon/index.html,BeautySalon,183
/bbs/BuyTogether/index.html,BuyTogether,178
/bbs/NBA_Film/index.html,NBA_Film,177
/bbs/Japandrama/index.html,Japandrama,176
/bbs/HardwareSale/index.html,HardwareSale,163
/bbs/CVS/index.html,CVS,149
/bbs/MobilePay/index.html,MobilePay,148
/bbs/WOW/index.html,WOW,144
/bbs/MuscleBeach/index.html,MuscleBeach,140
/bbs/PuzzleDragon/index.html,PuzzleDragon,138
/bbs/basketballTW/index.html,basketballTW,133
/bbs/Palmar_Drama/index.html,Palmar_Drama,128
/bbs/NY-Yankees/index.html,NY-Yankees,127
/bbs/biker/index.html,biker,127
/bbs/Hsinchu/index.html,Hsinchu,121
/bbs/Food/index.html,Food,121
/bbs/Soft_Job/index.html,Soft_Job,120
/bbs/YuanChuang/index.html,YuanChuang,119
/bbs/studyteacher/index.html,studyteacher,119
/bbs/MayDay/index.html,MayDay,115
/bbs/MLB/index.html,MLB,115
/bbs/Headphone/index.html,Headphone,113
/bbs/mobilesales/index.html,mobilesales,112
/bbs/TaiwanDrama/index.html,TaiwanDrama,112
/bbs/Aviation/index.html,Aviation,108
/bbs/Gamesale/index.html,Gamesale,104
/bbs/KoreanPop/index.html,KoreanPop,104
/bbs/Examination/index.html,Examination,104
/bbs/TWICE/index.html,TWICE,104
/bbs/cat/index.html,cat,99
/bbs/part-time/index.html,part-time,96
/bbs/gay/index.html,gay,93
/bbs/FITNESS/index.html,FITNESS,91
/bbs/DSLR/index.html,DSLR,90
/bbs/forsale/index.html,forsale,88
/bbs/lesbian/index.html,lesbian,86
/bbs/feminine_sex/index.html,feminine_sex,83
/bbs/Finance/index.html,Finance,81
/bbs/GetMarry/index.html,GetMarry,81
/bbs/medstudent/index.html,medstudent,80
/bbs/Military/index.html,Military,80
/bbs/PublicServan/index.html,PublicServan,79
/bbs/Mobile-game/index.html,Mobile-game,77
/bbs/IZONE/index.html,IZONE,77
/bbs/Monkeys/index.html,Monkeys,77
/bbs/China-Drama/index.html,China-Drama,75
/bbs/BTS/index.html,BTS,75
/bbs/GBF/index.html,GBF,75
/bbs/Key_Mou_Pad/index.html,Key_Mou_Pad,73
/bbs/Option/index.html,Option,73
/bbs/Gov_owned/index.html,Gov_owned,73
/bbs/TW_Entertain/index.html,TW_Entertain,73
/bbs/CarShop/index.html,CarShop,72
/bbs/Wanted/index.html,Wanted,71
/bbs/watch/index.html,watch,71
/bbs/MacShop/index.html,MacShop,70
/bbs/RealmOfValor/index.html,RealmOfValor,70
/bbs/job/index.html,job,67
/bbs/give/index.html,give,66
/bbs/graduate/index.html,graduate,66
/bbs/Bank_Service/index.html,Bank_Service,66
/bbs/nb-shopping/index.html,nb-shopping,65
/bbs/BB-Love/index.html,BB-Love,64
/bbs/LGBT_SEX/index.html,LGBT_SEX,64
/bbs/DMM_GAMES/index.html,DMM_GAMES,63
/bbs/SuperJunior/index.html,SuperJunior,62
/bbs/AKB48/index.html,AKB48,60
/bbs/MH/index.html,MH,60
/bbs/IdolMaster/index.html,IdolMaster,58
/bbs/HelpBuy/index.html,HelpBuy,58
/bbs/DIABLO/index.html,DIABLO,58
/bbs/BabyProducts/index.html,BabyProducts,57
/bbs/hypermall/index.html,hypermall,57
/bbs/TypeMoon/index.html,TypeMoon,56
/bbs/PathofExile/index.html,PathofExile,54
