﻿/bbs/Gossiping/index.html,Gossiping,15950
/bbs/NBA/index.html,NBA,3948
/bbs/C_Chat/index.html,C_Chat,2968
/bbs/Baseball/index.html,Baseball,2717
/bbs/HatePolitics/index.html,HatePolitics,1832
/bbs/Stock/index.html,Stock,1682
/bbs/movie/index.html,movie,1263
/bbs/MobileComm/index.html,MobileComm,1245
/bbs/sex/index.html,sex,1127
/bbs/Lifeismoney/index.html,Lifeismoney,984
/bbs/Beauty/index.html,Beauty,917
/bbs/car/index.html,car,914
/bbs/LoL/index.html,LoL,879
/bbs/KR_Entertain/index.html,KR_Entertain,869
/bbs/Tech_Job/index.html,Tech_Job,761
/bbs/ToS/index.html,ToS,745
/bbs/Boy-Girl/index.html,Boy-Girl,726
/bbs/WomenTalk/index.html,WomenTalk,687
/bbs/BabyMother/index.html,BabyMother,619
/bbs/KoreaStar/index.html,KoreaStar,607
/bbs/marvel/index.html,marvel,528
/bbs/PC_Shopping/index.html,PC_Shopping,527
/bbs/creditcard/index.html,creditcard,524
/bbs/joke/index.html,joke,507
/bbs/e-shopping/index.html,e-shopping,483
/bbs/Japan_Travel/index.html,Japan_Travel,451
/bbs/SportLottery/index.html,SportLottery,420
/bbs/marriage/index.html,marriage,407
/bbs/AllTogether/index.html,AllTogether,395
/bbs/PlayStation/index.html,PlayStation,390
/bbs/Steam/index.html,Steam,359
/bbs/Kaohsiung/index.html,Kaohsiung,356
/bbs/KoreaDrama/index.html,KoreaDrama,343
/bbs/MakeUp/index.html,MakeUp,341
/bbs/japanavgirls/index.html,japanavgirls,325
/bbs/Tainan/index.html,Tainan,324
/bbs/Tennis/index.html,Tennis,315
/bbs/Hearthstone/index.html,Hearthstone,312
/bbs/home-sale/index.html,home-sale,312
/bbs/FATE_GO/index.html,FATE_GO,297
/bbs/KanColle/index.html,KanColle,294
/bbs/StupidClown/index.html,StupidClown,283
/bbs/PokemonGO/index.html,PokemonGO,278
/bbs/PCReDive/index.html,PCReDive,266
/bbs/ONE_PIECE/index.html,ONE_PIECE,266
/bbs/EAseries/index.html,EAseries,250
/bbs/NSwitch/index.html,NSwitch,249
/bbs/iOS/index.html,iOS,246
/bbs/CFantasy/index.html,CFantasy,236
/bbs/TaichungBun/index.html,TaichungBun,234
/bbs/Elephants/index.html,Elephants,200
/bbs/HardwareSale/index.html,HardwareSale,197
/bbs/BeautySalon/index.html,BeautySalon,195
/bbs/Salary/index.html,Salary,191
/bbs/basketballTW/index.html,basketballTW,179
/bbs/AC_In/index.html,AC_In,175
/bbs/NBA_Film/index.html,NBA_Film,174
/bbs/BuyTogether/index.html,BuyTogether,168
/bbs/PuzzleDragon/index.html,PuzzleDragon,163
/bbs/Japandrama/index.html,Japandrama,160
/bbs/WOW/index.html,WOW,155
/bbs/MuscleBeach/index.html,MuscleBeach,155
/bbs/CVS/index.html,CVS,154
/bbs/GBF/index.html,GBF,154
/bbs/Food/index.html,Food,151
/bbs/Aviation/index.html,Aviation,150
/bbs/Hsinchu/index.html,Hsinchu,143
/bbs/MLB/index.html,MLB,141
/bbs/Soft_Job/index.html,Soft_Job,138
/bbs/cat/index.html,cat,136
/bbs/YuanChuang/index.html,YuanChuang,134
/bbs/MobilePay/index.html,MobilePay,134
/bbs/studyteacher/index.html,studyteacher,134
/bbs/Examination/index.html,Examination,127
/bbs/Palmar_Drama/index.html,Palmar_Drama,127
/bbs/TaiwanDrama/index.html,TaiwanDrama,123
/bbs/biker/index.html,biker,122
/bbs/mobilesales/index.html,mobilesales,118
/bbs/part-time/index.html,part-time,117
/bbs/Gamesale/index.html,Gamesale,116
/bbs/MayDay/index.html,MayDay,114
/bbs/Headphone/index.html,Headphone,113
/bbs/Monkeys/index.html,Monkeys,111
/bbs/TWICE/index.html,TWICE,111
/bbs/DSLR/index.html,DSLR,106
/bbs/GetMarry/index.html,GetMarry,105
/bbs/CarShop/index.html,CarShop,103
/bbs/KoreanPop/index.html,KoreanPop,103
/bbs/China-Drama/index.html,China-Drama,103
/bbs/Military/index.html,Military,102
/bbs/lesbian/index.html,lesbian,101
/bbs/medstudent/index.html,medstudent,99
/bbs/Gov_owned/index.html,Gov_owned,96
/bbs/TW_Entertain/index.html,TW_Entertain,94
/bbs/BTS/index.html,BTS,93
/bbs/forsale/index.html,forsale,92
/bbs/Finance/index.html,Finance,88
/bbs/DMM_GAMES/index.html,DMM_GAMES,87
/bbs/graduate/index.html,graduate,85
/bbs/MaiKuraki/index.html,MaiKuraki,85
/bbs/IZONE/index.html,IZONE,84
/bbs/gay/index.html,gay,83
/bbs/fastfood/index.html,fastfood,82
/bbs/PublicServan/index.html,PublicServan,81
/bbs/Wanted/index.html,Wanted,80
/bbs/LGBT_SEX/index.html,LGBT_SEX,79
/bbs/watch/index.html,watch,79
/bbs/FITNESS/index.html,FITNESS,77
/bbs/Drama-Ticket/index.html,Drama-Ticket,76
/bbs/nb-shopping/index.html,nb-shopping,74
/bbs/Taoyuan/index.html,Taoyuan,74
/bbs/SuperJunior/index.html,SuperJunior,73
/bbs/Key_Mou_Pad/index.html,Key_Mou_Pad,73
/bbs/feminine_sex/index.html,feminine_sex,72
/bbs/RealmOfValor/index.html,RealmOfValor,72
/bbs/tabletennis/index.html,tabletennis,70
/bbs/Mobile-game/index.html,Mobile-game,69
/bbs/give/index.html,give,69
/bbs/HelpBuy/index.html,HelpBuy,69
/bbs/PathofExile/index.html,PathofExile,69
/bbs/hypermall/index.html,hypermall,69
/bbs/AKB48/index.html,AKB48,67
/bbs/Guardians/index.html,Guardians,66
/bbs/Zastrology/index.html,Zastrology,64
/bbs/Brand/index.html,Brand,63
/bbs/Option/index.html,Option,63
/bbs/MacShop/index.html,MacShop,61
/bbs/job/index.html,job,61
