﻿/bbs/Gossiping/index.html,Gossiping,17322
/bbs/Baseball/index.html,Baseball,5757
/bbs/C_Chat/index.html,C_Chat,3049
/bbs/NBA/index.html,NBA,3001
/bbs/HatePolitics/index.html,HatePolitics,2786
/bbs/Stock/index.html,Stock,1468
/bbs/movie/index.html,movie,1410
/bbs/sex/index.html,sex,1144
/bbs/MobileComm/index.html,MobileComm,1080
/bbs/Lifeismoney/index.html,Lifeismoney,1059
/bbs/LoL/index.html,LoL,926
/bbs/KR_Entertain/index.html,KR_Entertain,878
/bbs/car/index.html,car,850
/bbs/Tech_Job/index.html,Tech_Job,788
/bbs/Beauty/index.html,Beauty,763
/bbs/BabyMother/index.html,BabyMother,716
/bbs/ToS/index.html,ToS,706
/bbs/WomenTalk/index.html,WomenTalk,676
/bbs/Boy-Girl/index.html,Boy-Girl,656
/bbs/PC_Shopping/index.html,PC_Shopping,628
/bbs/e-shopping/index.html,e-shopping,587
/bbs/marvel/index.html,marvel,567
/bbs/KoreaStar/index.html,KoreaStar,534
/bbs/Japan_Travel/index.html,Japan_Travel,498
/bbs/marriage/index.html,marriage,451
/bbs/creditcard/index.html,creditcard,441
/bbs/PlayStation/index.html,PlayStation,422
/bbs/basketballTW/index.html,basketballTW,421
/bbs/joke/index.html,joke,418
/bbs/SportLottery/index.html,SportLottery,416
/bbs/KoreaDrama/index.html,KoreaDrama,415
/bbs/MakeUp/index.html,MakeUp,374
/bbs/StupidClown/index.html,StupidClown,364
/bbs/KanColle/index.html,KanColle,362
/bbs/Steam/index.html,Steam,358
/bbs/AllTogether/index.html,AllTogether,354
/bbs/Kaohsiung/index.html,Kaohsiung,349
/bbs/Tainan/index.html,Tainan,339
/bbs/japanavgirls/index.html,japanavgirls,328
/bbs/home-sale/index.html,home-sale,327
/bbs/Hearthstone/index.html,Hearthstone,324
/bbs/CFantasy/index.html,CFantasy,289
/bbs/EAseries/index.html,EAseries,283
/bbs/FATE_GO/index.html,FATE_GO,273
/bbs/NSwitch/index.html,NSwitch,264
/bbs/Tennis/index.html,Tennis,255
/bbs/ONE_PIECE/index.html,ONE_PIECE,250
/bbs/iOS/index.html,iOS,244
/bbs/TaichungBun/index.html,TaichungBun,241
/bbs/PokemonGO/index.html,PokemonGO,240
/bbs/PCReDive/index.html,PCReDive,234
/bbs/Japandrama/index.html,Japandrama,206
/bbs/BeautySalon/index.html,BeautySalon,206
/bbs/HardwareSale/index.html,HardwareSale,192
/bbs/CVS/index.html,CVS,185
/bbs/AC_In/index.html,AC_In,179
/bbs/Elephants/index.html,Elephants,175
/bbs/BuyTogether/index.html,BuyTogether,172
/bbs/NBA_Film/index.html,NBA_Film,171
/bbs/MuscleBeach/index.html,MuscleBeach,170
/bbs/WOW/index.html,WOW,165
/bbs/Examination/index.html,Examination,159
/bbs/Salary/index.html,Salary,158
/bbs/studyteacher/index.html,studyteacher,157
/bbs/Monkeys/index.html,Monkeys,153
/bbs/Hsinchu/index.html,Hsinchu,150
/bbs/TWICE/index.html,TWICE,149
/bbs/Aviation/index.html,Aviation,147
/bbs/MayDay/index.html,MayDay,145
/bbs/Food/index.html,Food,144
/bbs/biker/index.html,biker,143
/bbs/TaiwanDrama/index.html,TaiwanDrama,141
/bbs/PuzzleDragon/index.html,PuzzleDragon,139
/bbs/YuanChuang/index.html,YuanChuang,136
/bbs/mobilesales/index.html,mobilesales,133
/bbs/Soft_Job/index.html,Soft_Job,133
/bbs/Headphone/index.html,Headphone,130
/bbs/MobilePay/index.html,MobilePay,124
/bbs/Palmar_Drama/index.html,Palmar_Drama,120
/bbs/KoreanPop/index.html,KoreanPop,119
/bbs/cat/index.html,cat,118
/bbs/Gamesale/index.html,Gamesale,115
/bbs/GetMarry/index.html,GetMarry,115
/bbs/MLB/index.html,MLB,114
/bbs/part-time/index.html,part-time,113
/bbs/China-Drama/index.html,China-Drama,111
/bbs/Finance/index.html,Finance,110
/bbs/GBF/index.html,GBF,110
/bbs/BTS/index.html,BTS,107
/bbs/Key_Mou_Pad/index.html,Key_Mou_Pad,106
/bbs/PublicServan/index.html,PublicServan,100
/bbs/Drama-Ticket/index.html,Drama-Ticket,100
/bbs/CarShop/index.html,CarShop,99
/bbs/StarCraft/index.html,StarCraft,96
/bbs/nb-shopping/index.html,nb-shopping,94
/bbs/Wanted/index.html,Wanted,93
/bbs/fastfood/index.html,fastfood,91
/bbs/DMM_GAMES/index.html,DMM_GAMES,89
/bbs/Gov_owned/index.html,Gov_owned,88
/bbs/DSLR/index.html,DSLR,87
/bbs/FITNESS/index.html,FITNESS,86
/bbs/forsale/index.html,forsale,86
/bbs/Military/index.html,Military,85
/bbs/AKB48/index.html,AKB48,84
/bbs/Mobile-game/index.html,Mobile-game,84
/bbs/HelpBuy/index.html,HelpBuy,84
/bbs/tabletennis/index.html,tabletennis,84
/bbs/medstudent/index.html,medstudent,82
/bbs/watch/index.html,watch,79
/bbs/gay/index.html,gay,79
/bbs/SuperJunior/index.html,SuperJunior,78
/bbs/IZONE/index.html,IZONE,78
/bbs/DIABLO/index.html,DIABLO,78
/bbs/MacShop/index.html,MacShop,77
/bbs/E-appliance/index.html,E-appliance,75
/bbs/feminine_sex/index.html,feminine_sex,75
/bbs/Guardians/index.html,Guardians,75
/bbs/lesbian/index.html,lesbian,75
/bbs/hypermall/index.html,hypermall,73
/bbs/TypeMoon/index.html,TypeMoon,72
/bbs/PathofExile/index.html,PathofExile,71
/bbs/Brand/index.html,Brand,71
/bbs/cookclub/index.html,cookclub,70
/bbs/Lakers/index.html,Lakers,69
/bbs/graduate/index.html,graduate,67
/bbs/TW_Entertain/index.html,TW_Entertain,67
/bbs/LGBT_SEX/index.html,LGBT_SEX,66
/bbs/DC_SALE/index.html,DC_SALE,62
