﻿/bbs/Gossiping/index.html,Gossiping,18761
/bbs/NBA/index.html,NBA,3522
/bbs/Baseball/index.html,Baseball,3386
/bbs/C_Chat/index.html,C_Chat,3070
/bbs/HatePolitics/index.html,HatePolitics,2449
/bbs/Stock/index.html,Stock,1536
/bbs/movie/index.html,movie,1397
/bbs/MobileComm/index.html,MobileComm,1133
/bbs/Lifeismoney/index.html,Lifeismoney,1066
/bbs/sex/index.html,sex,1051
/bbs/KR_Entertain/index.html,KR_Entertain,920
/bbs/LoL/index.html,LoL,884
/bbs/car/index.html,car,871
/bbs/ToS/index.html,ToS,772
/bbs/Tech_Job/index.html,Tech_Job,766
/bbs/WomenTalk/index.html,WomenTalk,753
/bbs/BabyMother/index.html,BabyMother,699
/bbs/Beauty/index.html,Beauty,699
/bbs/Boy-Girl/index.html,Boy-Girl,595
/bbs/PC_Shopping/index.html,PC_Shopping,588
/bbs/KoreaStar/index.html,KoreaStar,568
/bbs/marvel/index.html,marvel,560
/bbs/e-shopping/index.html,e-shopping,525
/bbs/Japan_Travel/index.html,Japan_Travel,458
/bbs/joke/index.html,joke,453
/bbs/creditcard/index.html,creditcard,434
/bbs/marriage/index.html,marriage,428
/bbs/SportLottery/index.html,SportLottery,418
/bbs/StupidClown/index.html,StupidClown,406
/bbs/AllTogether/index.html,AllTogether,400
/bbs/MakeUp/index.html,MakeUp,383
/bbs/PlayStation/index.html,PlayStation,381
/bbs/Steam/index.html,Steam,367
/bbs/KoreaDrama/index.html,KoreaDrama,364
/bbs/Kaohsiung/index.html,Kaohsiung,359
/bbs/japanavgirls/index.html,japanavgirls,346
/bbs/Tainan/index.html,Tainan,332
/bbs/KanColle/index.html,KanColle,325
/bbs/home-sale/index.html,home-sale,311
/bbs/basketballTW/index.html,basketballTW,311
/bbs/Hearthstone/index.html,Hearthstone,294
/bbs/CFantasy/index.html,CFantasy,278
/bbs/FATE_GO/index.html,FATE_GO,274
/bbs/EAseries/index.html,EAseries,273
/bbs/TaichungBun/index.html,TaichungBun,266
/bbs/NSwitch/index.html,NSwitch,263
/bbs/PokemonGO/index.html,PokemonGO,261
/bbs/ONE_PIECE/index.html,ONE_PIECE,254
/bbs/Tennis/index.html,Tennis,254
/bbs/PCReDive/index.html,PCReDive,245
/bbs/iOS/index.html,iOS,242
/bbs/HardwareSale/index.html,HardwareSale,225
/bbs/Japandrama/index.html,Japandrama,210
/bbs/BuyTogether/index.html,BuyTogether,205
/bbs/Elephants/index.html,Elephants,200
/bbs/BeautySalon/index.html,BeautySalon,196
/bbs/NBA_Film/index.html,NBA_Film,191
/bbs/Monkeys/index.html,Monkeys,187
/bbs/AC_In/index.html,AC_In,174
/bbs/studyteacher/index.html,studyteacher,166
/bbs/Examination/index.html,Examination,163
/bbs/Salary/index.html,Salary,157
/bbs/CVS/index.html,CVS,157
/bbs/PuzzleDragon/index.html,PuzzleDragon,153
/bbs/MuscleBeach/index.html,MuscleBeach,153
/bbs/WOW/index.html,WOW,151
/bbs/biker/index.html,biker,144
/bbs/Hsinchu/index.html,Hsinchu,139
/bbs/Food/index.html,Food,139
/bbs/mobilesales/index.html,mobilesales,138
/bbs/MobilePay/index.html,MobilePay,136
/bbs/GBF/index.html,GBF,132
/bbs/Aviation/index.html,Aviation,131
/bbs/Gamesale/index.html,Gamesale,130
/bbs/Palmar_Drama/index.html,Palmar_Drama,128
/bbs/TaiwanDrama/index.html,TaiwanDrama,127
/bbs/YuanChuang/index.html,YuanChuang,124
/bbs/Soft_Job/index.html,Soft_Job,123
/bbs/cat/index.html,cat,122
/bbs/MayDay/index.html,MayDay,121
/bbs/Headphone/index.html,Headphone,117
/bbs/China-Drama/index.html,China-Drama,114
/bbs/Drama-Ticket/index.html,Drama-Ticket,111
/bbs/medstudent/index.html,medstudent,107
/bbs/TWICE/index.html,TWICE,106
/bbs/MLB/index.html,MLB,105
/bbs/part-time/index.html,part-time,104
/bbs/KoreanPop/index.html,KoreanPop,103
/bbs/BTS/index.html,BTS,101
/bbs/tabletennis/index.html,tabletennis,100
/bbs/DMM_GAMES/index.html,DMM_GAMES,99
/bbs/StarCraft/index.html,StarCraft,99
/bbs/lesbian/index.html,lesbian,99
/bbs/DSLR/index.html,DSLR,95
/bbs/watch/index.html,watch,95
/bbs/IZONE/index.html,IZONE,91
/bbs/forsale/index.html,forsale,90
/bbs/Finance/index.html,Finance,89
/bbs/GetMarry/index.html,GetMarry,89
/bbs/fastfood/index.html,fastfood,87
/bbs/gay/index.html,gay,87
/bbs/CarShop/index.html,CarShop,85
/bbs/PublicServan/index.html,PublicServan,85
/bbs/HelpBuy/index.html,HelpBuy,85
/bbs/Wanted/index.html,Wanted,84
/bbs/TW_Entertain/index.html,TW_Entertain,84
/bbs/Guardians/index.html,Guardians,83
/bbs/Lakers/index.html,Lakers,82
/bbs/FITNESS/index.html,FITNESS,82
/bbs/AKB48/index.html,AKB48,80
/bbs/PathofExile/index.html,PathofExile,80
/bbs/graduate/index.html,graduate,80
/bbs/Gov_owned/index.html,Gov_owned,80
/bbs/Key_Mou_Pad/index.html,Key_Mou_Pad,76
/bbs/MacShop/index.html,MacShop,76
/bbs/Mobile-game/index.html,Mobile-game,74
/bbs/nb-shopping/index.html,nb-shopping,74
/bbs/SuperJunior/index.html,SuperJunior,74
/bbs/give/index.html,give,69
/bbs/E-appliance/index.html,E-appliance,69
/bbs/DIABLO/index.html,DIABLO,68
/bbs/feminine_sex/index.html,feminine_sex,67
/bbs/hypermall/index.html,hypermall,66
/bbs/Brand/index.html,Brand,65
/bbs/Military/index.html,Military,65
/bbs/TypeMoon/index.html,TypeMoon,64
/bbs/LGBT_SEX/index.html,LGBT_SEX,64
/bbs/Taoyuan/index.html,Taoyuan,64
