﻿/bbs/Gossiping/index.html,Gossiping,16248
/bbs/NBA/index.html,NBA,3992
/bbs/C_Chat/index.html,C_Chat,3091
/bbs/Baseball/index.html,Baseball,2799
/bbs/HatePolitics/index.html,HatePolitics,1789
/bbs/Stock/index.html,Stock,1655
/bbs/movie/index.html,movie,1283
/bbs/MobileComm/index.html,MobileComm,1196
/bbs/sex/index.html,sex,1127
/bbs/Lifeismoney/index.html,Lifeismoney,1025
/bbs/car/index.html,car,935
/bbs/LoL/index.html,LoL,902
/bbs/KR_Entertain/index.html,KR_Entertain,889
/bbs/Beauty/index.html,Beauty,872
/bbs/Tech_Job/index.html,Tech_Job,754
/bbs/WomenTalk/index.html,WomenTalk,748
/bbs/Boy-Girl/index.html,Boy-Girl,737
/bbs/ToS/index.html,ToS,733
/bbs/KoreaStar/index.html,KoreaStar,612
/bbs/BabyMother/index.html,BabyMother,591
/bbs/marvel/index.html,marvel,583
/bbs/PC_Shopping/index.html,PC_Shopping,566
/bbs/creditcard/index.html,creditcard,535
/bbs/joke/index.html,joke,515
/bbs/e-shopping/index.html,e-shopping,513
/bbs/Japan_Travel/index.html,Japan_Travel,465
/bbs/SportLottery/index.html,SportLottery,408
/bbs/AllTogether/index.html,AllTogether,405
/bbs/marriage/index.html,marriage,399
/bbs/PlayStation/index.html,PlayStation,395
/bbs/KoreaDrama/index.html,KoreaDrama,372
/bbs/Steam/index.html,Steam,362
/bbs/Kaohsiung/index.html,Kaohsiung,362
/bbs/Tainan/index.html,Tainan,344
/bbs/japanavgirls/index.html,japanavgirls,342
/bbs/MakeUp/index.html,MakeUp,319
/bbs/Tennis/index.html,Tennis,319
/bbs/FATE_GO/index.html,FATE_GO,314
/bbs/Hearthstone/index.html,Hearthstone,309
/bbs/home-sale/index.html,home-sale,308
/bbs/StupidClown/index.html,StupidClown,301
/bbs/KanColle/index.html,KanColle,291
/bbs/PokemonGO/index.html,PokemonGO,286
/bbs/PCReDive/index.html,PCReDive,268
/bbs/iOS/index.html,iOS,262
/bbs/ONE_PIECE/index.html,ONE_PIECE,262
/bbs/EAseries/index.html,EAseries,257
/bbs/TaichungBun/index.html,TaichungBun,256
/bbs/NSwitch/index.html,NSwitch,242
/bbs/CFantasy/index.html,CFantasy,234
/bbs/Salary/index.html,Salary,203
/bbs/BeautySalon/index.html,BeautySalon,194
/bbs/HardwareSale/index.html,HardwareSale,191
/bbs/CVS/index.html,CVS,191
/bbs/Elephants/index.html,Elephants,189
/bbs/basketballTW/index.html,basketballTW,185
/bbs/NBA_Film/index.html,NBA_Film,172
/bbs/AC_In/index.html,AC_In,167
/bbs/BuyTogether/index.html,BuyTogether,165
/bbs/WOW/index.html,WOW,161
/bbs/Japandrama/index.html,Japandrama,161
/bbs/PuzzleDragon/index.html,PuzzleDragon,160
/bbs/MuscleBeach/index.html,MuscleBeach,158
/bbs/YuanChuang/index.html,YuanChuang,152
/bbs/Hsinchu/index.html,Hsinchu,146
/bbs/Soft_Job/index.html,Soft_Job,143
/bbs/Aviation/index.html,Aviation,143
/bbs/biker/index.html,biker,143
/bbs/Palmar_Drama/index.html,Palmar_Drama,141
/bbs/Food/index.html,Food,141
/bbs/GBF/index.html,GBF,135
/bbs/mobilesales/index.html,mobilesales,132
/bbs/TaiwanDrama/index.html,TaiwanDrama,132
/bbs/studyteacher/index.html,studyteacher,130
/bbs/Examination/index.html,Examination,129
/bbs/MayDay/index.html,MayDay,128
/bbs/Headphone/index.html,Headphone,125
/bbs/MobilePay/index.html,MobilePay,121
/bbs/MLB/index.html,MLB,121
/bbs/cat/index.html,cat,120
/bbs/Gamesale/index.html,Gamesale,116
/bbs/China-Drama/index.html,China-Drama,114
/bbs/part-time/index.html,part-time,113
/bbs/DSLR/index.html,DSLR,109
/bbs/KoreanPop/index.html,KoreanPop,107
/bbs/BTS/index.html,BTS,106
/bbs/Monkeys/index.html,Monkeys,105
/bbs/TWICE/index.html,TWICE,105
/bbs/GetMarry/index.html,GetMarry,104
/bbs/medstudent/index.html,medstudent,98
/bbs/CarShop/index.html,CarShop,94
/bbs/IZONE/index.html,IZONE,93
/bbs/forsale/index.html,forsale,91
/bbs/Gov_owned/index.html,Gov_owned,90
/bbs/fastfood/index.html,fastfood,89
/bbs/Military/index.html,Military,89
/bbs/DMM_GAMES/index.html,DMM_GAMES,88
/bbs/StarCraft/index.html,StarCraft,87
/bbs/watch/index.html,watch,87
/bbs/lesbian/index.html,lesbian,87
/bbs/Finance/index.html,Finance,85
/bbs/TW_Entertain/index.html,TW_Entertain,85
/bbs/Drama-Ticket/index.html,Drama-Ticket,82
/bbs/PublicServan/index.html,PublicServan,80
/bbs/FITNESS/index.html,FITNESS,80
/bbs/nb-shopping/index.html,nb-shopping,78
/bbs/MaiKuraki/index.html,MaiKuraki,78
/bbs/RealmOfValor/index.html,RealmOfValor,78
/bbs/tabletennis/index.html,tabletennis,78
/bbs/feminine_sex/index.html,feminine_sex,76
/bbs/Wanted/index.html,Wanted,75
/bbs/LGBT_SEX/index.html,LGBT_SEX,71
/bbs/PathofExile/index.html,PathofExile,71
/bbs/graduate/index.html,graduate,70
/bbs/gay/index.html,gay,70
/bbs/SuperJunior/index.html,SuperJunior,68
/bbs/Option/index.html,Option,68
/bbs/Key_Mou_Pad/index.html,Key_Mou_Pad,66
/bbs/HelpBuy/index.html,HelpBuy,66
/bbs/MacShop/index.html,MacShop,66
/bbs/Taoyuan/index.html,Taoyuan,65
/bbs/cookclub/index.html,cookclub,65
/bbs/Guardians/index.html,Guardians,65
/bbs/give/index.html,give,64
/bbs/TypeMoon/index.html,TypeMoon,64
/bbs/AKB48/index.html,AKB48,63
/bbs/hypermall/index.html,hypermall,63
/bbs/Mobile-game/index.html,Mobile-game,62
