﻿/bbs/Gossiping/index.html,Gossiping,6707
/bbs/NBA/index.html,NBA,1672
/bbs/C_Chat/index.html,C_Chat,1605
/bbs/Baseball/index.html,Baseball,1016
/bbs/Stock/index.html,Stock,978
/bbs/sex/index.html,sex,846
/bbs/HatePolitics/index.html,HatePolitics,746
/bbs/movie/index.html,movie,725
/bbs/MobileComm/index.html,MobileComm,606
/bbs/LoL/index.html,LoL,525
/bbs/Beauty/index.html,Beauty,442
/bbs/Lifeismoney/index.html,Lifeismoney,424
/bbs/Boy-Girl/index.html,Boy-Girl,377
/bbs/car/index.html,car,375
/bbs/Tech_Job/index.html,Tech_Job,370
/bbs/ToS/index.html,ToS,366
/bbs/PC_Shopping/index.html,PC_Shopping,355
/bbs/marvel/index.html,marvel,355
/bbs/joke/index.html,joke,307
/bbs/BabyMother/index.html,BabyMother,302
/bbs/WomenTalk/index.html,WomenTalk,296
/bbs/KR_Entertain/index.html,KR_Entertain,288
/bbs/Tennis/index.html,Tennis,253
/bbs/PlayStation/index.html,PlayStation,249
/bbs/Steam/index.html,Steam,226
/bbs/Kaohsiung/index.html,Kaohsiung,225
/bbs/FATE_GO/index.html,FATE_GO,215
/bbs/AllTogether/index.html,AllTogether,213
/bbs/creditcard/index.html,creditcard,209
/bbs/Japan_Travel/index.html,Japan_Travel,202
/bbs/marriage/index.html,marriage,200
/bbs/e-shopping/index.html,e-shopping,200
/bbs/KanColle/index.html,KanColle,199
/bbs/Tainan/index.html,Tainan,189
/bbs/japanavgirls/index.html,japanavgirls,183
/bbs/KoreaStar/index.html,KoreaStar,180
/bbs/ONE_PIECE/index.html,ONE_PIECE,178
/bbs/CFantasy/index.html,CFantasy,174
/bbs/Hearthstone/index.html,Hearthstone,172
/bbs/PCReDive/index.html,PCReDive,172
/bbs/NSwitch/index.html,NSwitch,167
/bbs/SportLottery/index.html,SportLottery,158
/bbs/EAseries/index.html,EAseries,158
/bbs/KoreaDrama/index.html,KoreaDrama,138
/bbs/TaichungBun/index.html,TaichungBun,136
/bbs/PokemonGO/index.html,PokemonGO,134
/bbs/HardwareSale/index.html,HardwareSale,128
/bbs/AC_In/index.html,AC_In,126
/bbs/home-sale/index.html,home-sale,125
/bbs/NBA_Film/index.html,NBA_Film,125
/bbs/Elephants/index.html,Elephants,123
/bbs/MakeUp/index.html,MakeUp,108
/bbs/iOS/index.html,iOS,107
/bbs/Salary/index.html,Salary,106
/bbs/WOW/index.html,WOW,105
/bbs/StupidClown/index.html,StupidClown,103
/bbs/Japandrama/index.html,Japandrama,94
/bbs/PuzzleDragon/index.html,PuzzleDragon,93
/bbs/BuyTogether/index.html,BuyTogether,92
/bbs/CVS/index.html,CVS,87
/bbs/biker/index.html,biker,86
/bbs/BeautySalon/index.html,BeautySalon,86
/bbs/YuanChuang/index.html,YuanChuang,85
/bbs/MuscleBeach/index.html,MuscleBeach,85
/bbs/Palmar_Drama/index.html,Palmar_Drama,84
/bbs/Aviation/index.html,Aviation,75
/bbs/Option/index.html,Option,73
/bbs/MLB/index.html,MLB,73
/bbs/Headphone/index.html,Headphone,71
/bbs/Hsinchu/index.html,Hsinchu,70
/bbs/basketballTW/index.html,basketballTW,69
/bbs/Food/index.html,Food,68
/bbs/DSLR/index.html,DSLR,67
/bbs/Soft_Job/index.html,Soft_Job,67
/bbs/part-time/index.html,part-time,66
/bbs/Gamesale/index.html,Gamesale,65
/bbs/China-Drama/index.html,China-Drama,64
/bbs/TaiwanDrama/index.html,TaiwanDrama,64
/bbs/cat/index.html,cat,63
/bbs/mobilesales/index.html,mobilesales,61
/bbs/Military/index.html,Military,61
/bbs/studyteacher/index.html,studyteacher,57
/bbs/TWICE/index.html,TWICE,57
/bbs/KoreanPop/index.html,KoreanPop,53
/bbs/cookclub/index.html,cookclub,53
/bbs/DMM_GAMES/index.html,DMM_GAMES,53
/bbs/gay/index.html,gay,52
/bbs/Wanted/index.html,Wanted,51
/bbs/graduate/index.html,graduate,50
/bbs/TW_Entertain/index.html,TW_Entertain,49
/bbs/MobilePay/index.html,MobilePay,47
/bbs/forsale/index.html,forsale,47
/bbs/Mobile-game/index.html,Mobile-game,46
/bbs/PublicServan/index.html,PublicServan,45
/bbs/TypeMoon/index.html,TypeMoon,45
/bbs/CarShop/index.html,CarShop,44
/bbs/feminine_sex/index.html,feminine_sex,44
/bbs/AKB48/index.html,AKB48,43
/bbs/Key_Mou_Pad/index.html,Key_Mou_Pad,43
/bbs/Monkeys/index.html,Monkeys,43
/bbs/GetMarry/index.html,GetMarry,43
/bbs/GBF/index.html,GBF,43
/bbs/job/index.html,job,42
/bbs/LGBT_SEX/index.html,LGBT_SEX,41
/bbs/Examination/index.html,Examination,41
/bbs/MayDay/index.html,MayDay,41
/bbs/IdolMaster/index.html,IdolMaster,39
/bbs/DIABLO/index.html,DIABLO,38
/bbs/Guardians/index.html,Guardians,38
/bbs/watch/index.html,watch,38
/bbs/ClashRoyale/index.html,ClashRoyale,37
/bbs/BTS/index.html,BTS,37
/bbs/MH/index.html,MH,36
/bbs/Gov_owned/index.html,Gov_owned,36
/bbs/FITNESS/index.html,FITNESS,36
/bbs/lesbian/index.html,lesbian,36
/bbs/Suckcomic/index.html,Suckcomic,34
/bbs/HelpBuy/index.html,HelpBuy,34
/bbs/Taoyuan/index.html,Taoyuan,34
/bbs/IZONE/index.html,IZONE,33
/bbs/hypermall/index.html,hypermall,33
/bbs/nb-shopping/index.html,nb-shopping,32
/bbs/points/index.html,points,32
/bbs/SuperBike/index.html,SuperBike,32
/bbs/Lions/index.html,Lions,31
/bbs/RealmOfValor/index.html,RealmOfValor,31
/bbs/SuperJunior/index.html,SuperJunior,30
/bbs/MacShop/index.html,MacShop,30
