﻿/bbs/Gossiping/index.html,Gossiping,6769
/bbs/NBA/index.html,NBA,1691
/bbs/C_Chat/index.html,C_Chat,1601
/bbs/Baseball/index.html,Baseball,1034
/bbs/Stock/index.html,Stock,997
/bbs/sex/index.html,sex,817
/bbs/HatePolitics/index.html,HatePolitics,758
/bbs/movie/index.html,movie,734
/bbs/MobileComm/index.html,MobileComm,632
/bbs/LoL/index.html,LoL,555
/bbs/Beauty/index.html,Beauty,427
/bbs/Lifeismoney/index.html,Lifeismoney,392
/bbs/Boy-Girl/index.html,Boy-Girl,379
/bbs/car/index.html,car,377
/bbs/ToS/index.html,ToS,370
/bbs/PC_Shopping/index.html,PC_Shopping,359
/bbs/Tech_Job/index.html,Tech_Job,358
/bbs/marvel/index.html,marvel,350
/bbs/KR_Entertain/index.html,KR_Entertain,308
/bbs/joke/index.html,joke,305
/bbs/BabyMother/index.html,BabyMother,298
/bbs/WomenTalk/index.html,WomenTalk,277
/bbs/PlayStation/index.html,PlayStation,252
/bbs/Tennis/index.html,Tennis,241
/bbs/Steam/index.html,Steam,234
/bbs/Kaohsiung/index.html,Kaohsiung,231
/bbs/FATE_GO/index.html,FATE_GO,229
/bbs/AllTogether/index.html,AllTogether,221
/bbs/creditcard/index.html,creditcard,212
/bbs/Japan_Travel/index.html,Japan_Travel,211
/bbs/KanColle/index.html,KanColle,206
/bbs/e-shopping/index.html,e-shopping,205
/bbs/KoreaStar/index.html,KoreaStar,201
/bbs/marriage/index.html,marriage,198
/bbs/japanavgirls/index.html,japanavgirls,185
/bbs/Tainan/index.html,Tainan,183
/bbs/Hearthstone/index.html,Hearthstone,176
/bbs/ONE_PIECE/index.html,ONE_PIECE,175
/bbs/PCReDive/index.html,PCReDive,169
/bbs/CFantasy/index.html,CFantasy,167
/bbs/NSwitch/index.html,NSwitch,163
/bbs/SportLottery/index.html,SportLottery,163
/bbs/TaichungBun/index.html,TaichungBun,150
/bbs/EAseries/index.html,EAseries,145
/bbs/AC_In/index.html,AC_In,142
/bbs/KoreaDrama/index.html,KoreaDrama,138
/bbs/PokemonGO/index.html,PokemonGO,130
/bbs/HardwareSale/index.html,HardwareSale,129
/bbs/home-sale/index.html,home-sale,123
/bbs/NBA_Film/index.html,NBA_Film,123
/bbs/MakeUp/index.html,MakeUp,122
/bbs/Elephants/index.html,Elephants,119
/bbs/iOS/index.html,iOS,112
/bbs/StupidClown/index.html,StupidClown,112
/bbs/WOW/index.html,WOW,107
/bbs/Salary/index.html,Salary,104
/bbs/Japandrama/index.html,Japandrama,99
/bbs/CVS/index.html,CVS,94
/bbs/PuzzleDragon/index.html,PuzzleDragon,93
/bbs/biker/index.html,biker,87
/bbs/BuyTogether/index.html,BuyTogether,85
/bbs/YuanChuang/index.html,YuanChuang,84
/bbs/BeautySalon/index.html,BeautySalon,83
/bbs/Palmar_Drama/index.html,Palmar_Drama,82
/bbs/Aviation/index.html,Aviation,81
/bbs/Option/index.html,Option,79
/bbs/MuscleBeach/index.html,MuscleBeach,78
/bbs/part-time/index.html,part-time,75
/bbs/Headphone/index.html,Headphone,74
/bbs/Soft_Job/index.html,Soft_Job,72
/bbs/Hsinchu/index.html,Hsinchu,70
/bbs/MLB/index.html,MLB,70
/bbs/Food/index.html,Food,68
/bbs/Gamesale/index.html,Gamesale,67
/bbs/cat/index.html,cat,66
/bbs/Military/index.html,Military,66
/bbs/TaiwanDrama/index.html,TaiwanDrama,65
/bbs/basketballTW/index.html,basketballTW,63
/bbs/mobilesales/index.html,mobilesales,62
/bbs/DSLR/index.html,DSLR,62
/bbs/China-Drama/index.html,China-Drama,62
/bbs/KoreanPop/index.html,KoreanPop,60
/bbs/TWICE/index.html,TWICE,57
/bbs/feminine_sex/index.html,feminine_sex,56
/bbs/studyteacher/index.html,studyteacher,55
/bbs/cookclub/index.html,cookclub,51
/bbs/Wanted/index.html,Wanted,49
/bbs/DMM_GAMES/index.html,DMM_GAMES,49
/bbs/gay/index.html,gay,49
/bbs/TypeMoon/index.html,TypeMoon,47
/bbs/Key_Mou_Pad/index.html,Key_Mou_Pad,47
/bbs/MobilePay/index.html,MobilePay,47
/bbs/AKB48/index.html,AKB48,46
/bbs/CarShop/index.html,CarShop,44
/bbs/Mobile-game/index.html,Mobile-game,44
/bbs/TW_Entertain/index.html,TW_Entertain,44
/bbs/GetMarry/index.html,GetMarry,43
/bbs/graduate/index.html,graduate,42
/bbs/forsale/index.html,forsale,42
/bbs/PublicServan/index.html,PublicServan,41
/bbs/HelpBuy/index.html,HelpBuy,41
/bbs/Monkeys/index.html,Monkeys,41
/bbs/MH/index.html,MH,40
/bbs/GBF/index.html,GBF,40
/bbs/MayDay/index.html,MayDay,40
/bbs/ClashRoyale/index.html,ClashRoyale,39
/bbs/Guardians/index.html,Guardians,39
/bbs/lesbian/index.html,lesbian,39
/bbs/job/index.html,job,39
/bbs/IdolMaster/index.html,IdolMaster,38
/bbs/DIABLO/index.html,DIABLO,38
/bbs/watch/index.html,watch,38
/bbs/LGBT_SEX/index.html,LGBT_SEX,37
/bbs/Taoyuan/index.html,Taoyuan,37
/bbs/Examination/index.html,Examination,37
/bbs/BTS/index.html,BTS,36
/bbs/MacShop/index.html,MacShop,35
/bbs/FITNESS/index.html,FITNESS,35
/bbs/nb-shopping/index.html,nb-shopping,34
/bbs/Gov_owned/index.html,Gov_owned,33
/bbs/Zastrology/index.html,Zastrology,33
/bbs/Lions/index.html,Lions,32
/bbs/Suckcomic/index.html,Suckcomic,31
/bbs/Nogizaka46/index.html,Nogizaka46,31
/bbs/SuperBike/index.html,SuperBike,31
/bbs/Chiayi/index.html,Chiayi,30
/bbs/IZONE/index.html,IZONE,30
/bbs/points/index.html,points,30
