﻿/bbs/Gossiping/index.html,Gossiping,19303
/bbs/Baseball/index.html,Baseball,4494
/bbs/C_Chat/index.html,C_Chat,3334
/bbs/NBA/index.html,NBA,3186
/bbs/HatePolitics/index.html,HatePolitics,2604
/bbs/movie/index.html,movie,2272
/bbs/Stock/index.html,Stock,1657
/bbs/Lifeismoney/index.html,Lifeismoney,1456
/bbs/sex/index.html,sex,1438
/bbs/MobileComm/index.html,MobileComm,1375
/bbs/LoL/index.html,LoL,1250
/bbs/car/index.html,car,1134
/bbs/KR_Entertain/index.html,KR_Entertain,1108
/bbs/BabyMother/index.html,BabyMother,1085
/bbs/e-shopping/index.html,e-shopping,1020
/bbs/ToS/index.html,ToS,950
/bbs/Boy-Girl/index.html,Boy-Girl,948
/bbs/WomenTalk/index.html,WomenTalk,920
/bbs/joke/index.html,joke,825
/bbs/Beauty/index.html,Beauty,812
/bbs/Tech_Job/index.html,Tech_Job,775
/bbs/Tennis/index.html,Tennis,727
/bbs/PC_Shopping/index.html,PC_Shopping,696
/bbs/KoreaDrama/index.html,KoreaDrama,674
/bbs/KoreaStar/index.html,KoreaStar,673
/bbs/Japan_Travel/index.html,Japan_Travel,655
/bbs/marriage/index.html,marriage,619
/bbs/marvel/index.html,marvel,598
/bbs/Hearthstone/index.html,Hearthstone,583
/bbs/AllTogether/index.html,AllTogether,579
/bbs/MakeUp/index.html,MakeUp,530
/bbs/Kaohsiung/index.html,Kaohsiung,505
/bbs/Elephants/index.html,Elephants,487
/bbs/PlayStation/index.html,PlayStation,472
/bbs/SportLottery/index.html,SportLottery,469
/bbs/Steam/index.html,Steam,458
/bbs/StupidClown/index.html,StupidClown,447
/bbs/Tainan/index.html,Tainan,446
/bbs/home-sale/index.html,home-sale,444
/bbs/KanColle/index.html,KanColle,426
/bbs/japanavgirls/index.html,japanavgirls,406
/bbs/creditcard/index.html,creditcard,404
/bbs/EAseries/index.html,EAseries,385
/bbs/TaichungBun/index.html,TaichungBun,356
/bbs/BeautySalon/index.html,BeautySalon,329
/bbs/CFantasy/index.html,CFantasy,316
/bbs/iOS/index.html,iOS,311
/bbs/TW_Entertain/index.html,TW_Entertain,304
/bbs/Japandrama/index.html,Japandrama,301
/bbs/NSwitch/index.html,NSwitch,291
/bbs/Monkeys/index.html,Monkeys,266
/bbs/TaiwanDrama/index.html,TaiwanDrama,264
/bbs/PokemonGO/index.html,PokemonGO,264
/bbs/YuanChuang/index.html,YuanChuang,261
/bbs/BuyTogether/index.html,BuyTogether,248
/bbs/basketballTW/index.html,basketballTW,248
/bbs/ONE_PIECE/index.html,ONE_PIECE,243
/bbs/PCReDive/index.html,PCReDive,239
/bbs/studyteacher/index.html,studyteacher,237
/bbs/IZONE/index.html,IZONE,237
/bbs/MuscleBeach/index.html,MuscleBeach,234
/bbs/PuzzleDragon/index.html,PuzzleDragon,233
/bbs/FATE_GO/index.html,FATE_GO,228
/bbs/CVS/index.html,CVS,228
/bbs/HardwareSale/index.html,HardwareSale,223
/bbs/Guardians/index.html,Guardians,223
/bbs/Lions/index.html,Lions,210
/bbs/AC_In/index.html,AC_In,208
/bbs/biker/index.html,biker,203
/bbs/GetMarry/index.html,GetMarry,200
/bbs/Examination/index.html,Examination,199
/bbs/China-Drama/index.html,China-Drama,196
/bbs/KoreanPop/index.html,KoreanPop,191
/bbs/Hsinchu/index.html,Hsinchu,191
/bbs/Salary/index.html,Salary,188
/bbs/gay/index.html,gay,188
/bbs/NBA_Film/index.html,NBA_Film,184
/bbs/Food/index.html,Food,180
/bbs/MayDay/index.html,MayDay,177
/bbs/TWICE/index.html,TWICE,168
/bbs/lesbian/index.html,lesbian,166
/bbs/Aviation/index.html,Aviation,161
/bbs/MLB/index.html,MLB,158
/bbs/WOW/index.html,WOW,156
/bbs/BTS/index.html,BTS,153
/bbs/Finance/index.html,Finance,144
/bbs/MobilePay/index.html,MobilePay,144
/bbs/mobilesales/index.html,mobilesales,142
/bbs/Palmar_Drama/index.html,Palmar_Drama,140
/bbs/Gamesale/index.html,Gamesale,138
/bbs/cat/index.html,cat,138
/bbs/Wanted/index.html,Wanted,135
/bbs/GBF/index.html,GBF,134
/bbs/Soft_Job/index.html,Soft_Job,132
/bbs/Headphone/index.html,Headphone,132
/bbs/forsale/index.html,forsale,132
/bbs/Zastrology/index.html,Zastrology,129
/bbs/watch/index.html,watch,124
/bbs/cookclub/index.html,cookclub,123
/bbs/CarShop/index.html,CarShop,121
/bbs/DSLR/index.html,DSLR,120
/bbs/MH/index.html,MH,120
/bbs/HelpBuy/index.html,HelpBuy,116
/bbs/PublicServan/index.html,PublicServan,115
/bbs/DMM_GAMES/index.html,DMM_GAMES,115
/bbs/part-time/index.html,part-time,111
/bbs/Military/index.html,Military,110
/bbs/FITNESS/index.html,FITNESS,107
/bbs/AKB48/index.html,AKB48,106
/bbs/medstudent/index.html,medstudent,104
/bbs/tabletennis/index.html,tabletennis,101
/bbs/give/index.html,give,100
/bbs/Drama-Ticket/index.html,Drama-Ticket,99
/bbs/feminine_sex/index.html,feminine_sex,99
/bbs/E-appliance/index.html,E-appliance,98
/bbs/MacShop/index.html,MacShop,98
/bbs/Mobile-game/index.html,Mobile-game,96
/bbs/LGBT_SEX/index.html,LGBT_SEX,95
/bbs/BabyProducts/index.html,BabyProducts,94
/bbs/TypeMoon/index.html,TypeMoon,91
/bbs/Gov_owned/index.html,Gov_owned,91
/bbs/Brand/index.html,Brand,90
/bbs/graduate/index.html,graduate,89
/bbs/Nogizaka46/index.html,Nogizaka46,86
/bbs/job/index.html,job,85
/bbs/points/index.html,points,84
/bbs/DC_SALE/index.html,DC_SALE,83
/bbs/fastfood/index.html,fastfood,83
