﻿/bbs/Gossiping/index.html,Gossiping,17660
/bbs/Baseball/index.html,Baseball,5867
/bbs/NBA/index.html,NBA,3080
/bbs/C_Chat/index.html,C_Chat,3027
/bbs/HatePolitics/index.html,HatePolitics,2827
/bbs/Stock/index.html,Stock,1509
/bbs/movie/index.html,movie,1445
/bbs/MobileComm/index.html,MobileComm,1088
/bbs/Lifeismoney/index.html,Lifeismoney,1079
/bbs/sex/index.html,sex,1061
/bbs/LoL/index.html,LoL,906
/bbs/KR_Entertain/index.html,KR_Entertain,868
/bbs/car/index.html,car,821
/bbs/Tech_Job/index.html,Tech_Job,779
/bbs/ToS/index.html,ToS,737
/bbs/Beauty/index.html,Beauty,687
/bbs/WomenTalk/index.html,WomenTalk,677
/bbs/BabyMother/index.html,BabyMother,660
/bbs/Boy-Girl/index.html,Boy-Girl,636
/bbs/e-shopping/index.html,e-shopping,623
/bbs/PC_Shopping/index.html,PC_Shopping,619
/bbs/marvel/index.html,marvel,599
/bbs/KoreaStar/index.html,KoreaStar,523
/bbs/Japan_Travel/index.html,Japan_Travel,498
/bbs/basketballTW/index.html,basketballTW,464
/bbs/joke/index.html,joke,453
/bbs/marriage/index.html,marriage,432
/bbs/creditcard/index.html,creditcard,419
/bbs/SportLottery/index.html,SportLottery,417
/bbs/PlayStation/index.html,PlayStation,397
/bbs/KoreaDrama/index.html,KoreaDrama,388
/bbs/MakeUp/index.html,MakeUp,388
/bbs/AllTogether/index.html,AllTogether,381
/bbs/Steam/index.html,Steam,367
/bbs/Kaohsiung/index.html,Kaohsiung,354
/bbs/StupidClown/index.html,StupidClown,349
/bbs/KanColle/index.html,KanColle,347
/bbs/Hearthstone/index.html,Hearthstone,345
/bbs/Tainan/index.html,Tainan,336
/bbs/home-sale/index.html,home-sale,314
/bbs/japanavgirls/index.html,japanavgirls,314
/bbs/CFantasy/index.html,CFantasy,302
/bbs/FATE_GO/index.html,FATE_GO,286
/bbs/NSwitch/index.html,NSwitch,268
/bbs/Tennis/index.html,Tennis,263
/bbs/TaichungBun/index.html,TaichungBun,261
/bbs/PokemonGO/index.html,PokemonGO,259
/bbs/ONE_PIECE/index.html,ONE_PIECE,258
/bbs/EAseries/index.html,EAseries,257
/bbs/iOS/index.html,iOS,256
/bbs/PCReDive/index.html,PCReDive,213
/bbs/BeautySalon/index.html,BeautySalon,212
/bbs/Japandrama/index.html,Japandrama,207
/bbs/HardwareSale/index.html,HardwareSale,201
/bbs/CVS/index.html,CVS,190
/bbs/AC_In/index.html,AC_In,188
/bbs/BuyTogether/index.html,BuyTogether,180
/bbs/Elephants/index.html,Elephants,178
/bbs/NBA_Film/index.html,NBA_Film,173
/bbs/Monkeys/index.html,Monkeys,166
/bbs/studyteacher/index.html,studyteacher,164
/bbs/Examination/index.html,Examination,162
/bbs/MuscleBeach/index.html,MuscleBeach,160
/bbs/Salary/index.html,Salary,156
/bbs/PuzzleDragon/index.html,PuzzleDragon,152
/bbs/WOW/index.html,WOW,146
/bbs/TWICE/index.html,TWICE,146
/bbs/YuanChuang/index.html,YuanChuang,144
/bbs/Palmar_Drama/index.html,Palmar_Drama,144
/bbs/biker/index.html,biker,142
/bbs/MayDay/index.html,MayDay,136
/bbs/Drama-Ticket/index.html,Drama-Ticket,135
/bbs/Food/index.html,Food,135
/bbs/mobilesales/index.html,mobilesales,133
/bbs/TaiwanDrama/index.html,TaiwanDrama,133
/bbs/KoreanPop/index.html,KoreanPop,130
/bbs/Hsinchu/index.html,Hsinchu,130
/bbs/MobilePay/index.html,MobilePay,128
/bbs/Headphone/index.html,Headphone,122
/bbs/Aviation/index.html,Aviation,120
/bbs/China-Drama/index.html,China-Drama,118
/bbs/GBF/index.html,GBF,118
/bbs/Gamesale/index.html,Gamesale,117
/bbs/Soft_Job/index.html,Soft_Job,117
/bbs/MLB/index.html,MLB,117
/bbs/Finance/index.html,Finance,114
/bbs/cat/index.html,cat,112
/bbs/GetMarry/index.html,GetMarry,112
/bbs/StarCraft/index.html,StarCraft,112
/bbs/medstudent/index.html,medstudent,107
/bbs/BTS/index.html,BTS,107
/bbs/Wanted/index.html,Wanted,104
/bbs/Key_Mou_Pad/index.html,Key_Mou_Pad,102
/bbs/part-time/index.html,part-time,102
/bbs/HelpBuy/index.html,HelpBuy,101
/bbs/watch/index.html,watch,98
/bbs/gay/index.html,gay,97
/bbs/DMM_GAMES/index.html,DMM_GAMES,94
/bbs/tabletennis/index.html,tabletennis,94
/bbs/Mobile-game/index.html,Mobile-game,89
/bbs/Gov_owned/index.html,Gov_owned,88
/bbs/CarShop/index.html,CarShop,86
/bbs/forsale/index.html,forsale,85
/bbs/nb-shopping/index.html,nb-shopping,84
/bbs/lesbian/index.html,lesbian,84
/bbs/AKB48/index.html,AKB48,81
/bbs/LGBT_SEX/index.html,LGBT_SEX,79
/bbs/graduate/index.html,graduate,78
/bbs/Guardians/index.html,Guardians,78
/bbs/Military/index.html,Military,78
/bbs/TypeMoon/index.html,TypeMoon,77
/bbs/PathofExile/index.html,PathofExile,77
/bbs/IZONE/index.html,IZONE,77
/bbs/feminine_sex/index.html,feminine_sex,77
/bbs/fastfood/index.html,fastfood,76
/bbs/DSLR/index.html,DSLR,74
/bbs/DIABLO/index.html,DIABLO,74
/bbs/TW_Entertain/index.html,TW_Entertain,74
/bbs/SuperJunior/index.html,SuperJunior,72
/bbs/cookclub/index.html,cookclub,72
/bbs/Nogizaka46/index.html,Nogizaka46,71
/bbs/MacShop/index.html,MacShop,71
/bbs/give/index.html,give,70
/bbs/FITNESS/index.html,FITNESS,69
/bbs/PublicServan/index.html,PublicServan,68
/bbs/Lakers/index.html,Lakers,68
/bbs/E-appliance/index.html,E-appliance,67
/bbs/hypermall/index.html,hypermall,67
