﻿/bbs/Gossiping/index.html,Gossiping,19655
/bbs/Baseball/index.html,Baseball,4378
/bbs/HatePolitics/index.html,HatePolitics,3532
/bbs/NBA/index.html,NBA,2956
/bbs/C_Chat/index.html,C_Chat,2871
/bbs/movie/index.html,movie,1646
/bbs/Stock/index.html,Stock,1421
/bbs/LoL/index.html,LoL,1182
/bbs/MobileComm/index.html,MobileComm,1130
/bbs/Lifeismoney/index.html,Lifeismoney,1116
/bbs/sex/index.html,sex,949
/bbs/Elephants/index.html,Elephants,817
/bbs/KR_Entertain/index.html,KR_Entertain,788
/bbs/car/index.html,car,754
/bbs/ToS/index.html,ToS,750
/bbs/WomenTalk/index.html,WomenTalk,729
/bbs/Tech_Job/index.html,Tech_Job,688
/bbs/KoreaStar/index.html,KoreaStar,682
/bbs/Beauty/index.html,Beauty,646
/bbs/Boy-Girl/index.html,Boy-Girl,625
/bbs/BabyMother/index.html,BabyMother,596
/bbs/e-shopping/index.html,e-shopping,535
/bbs/PC_Shopping/index.html,PC_Shopping,526
/bbs/Kaohsiung/index.html,Kaohsiung,512
/bbs/marvel/index.html,marvel,511
/bbs/Hearthstone/index.html,Hearthstone,505
/bbs/Japan_Travel/index.html,Japan_Travel,499
/bbs/marriage/index.html,marriage,442
/bbs/joke/index.html,joke,438
/bbs/Guardians/index.html,Guardians,419
/bbs/PlayStation/index.html,PlayStation,414
/bbs/Tennis/index.html,Tennis,406
/bbs/AllTogether/index.html,AllTogether,388
/bbs/StupidClown/index.html,StupidClown,384
/bbs/KoreaDrama/index.html,KoreaDrama,374
/bbs/KanColle/index.html,KanColle,368
/bbs/Steam/index.html,Steam,366
/bbs/MakeUp/index.html,MakeUp,359
/bbs/creditcard/index.html,creditcard,343
/bbs/Tainan/index.html,Tainan,331
/bbs/SportLottery/index.html,SportLottery,322
/bbs/Monkeys/index.html,Monkeys,309
/bbs/home-sale/index.html,home-sale,284
/bbs/NSwitch/index.html,NSwitch,281
/bbs/CFantasy/index.html,CFantasy,272
/bbs/TaichungBun/index.html,TaichungBun,265
/bbs/iOS/index.html,iOS,263
/bbs/EAseries/index.html,EAseries,260
/bbs/FATE_GO/index.html,FATE_GO,259
/bbs/japanavgirls/index.html,japanavgirls,249
/bbs/PCReDive/index.html,PCReDive,224
/bbs/basketballTW/index.html,basketballTW,221
/bbs/studyteacher/index.html,studyteacher,219
/bbs/Lions/index.html,Lions,211
/bbs/ONE_PIECE/index.html,ONE_PIECE,211
/bbs/HardwareSale/index.html,HardwareSale,207
/bbs/PokemonGO/index.html,PokemonGO,204
/bbs/BuyTogether/index.html,BuyTogether,199
/bbs/AC_In/index.html,AC_In,197
/bbs/Japandrama/index.html,Japandrama,194
/bbs/BeautySalon/index.html,BeautySalon,194
/bbs/CVS/index.html,CVS,184
/bbs/Salary/index.html,Salary,183
/bbs/Food/index.html,Food,182
/bbs/NBA_Film/index.html,NBA_Film,172
/bbs/MuscleBeach/index.html,MuscleBeach,172
/bbs/biker/index.html,biker,170
/bbs/KoreanPop/index.html,KoreanPop,168
/bbs/YuanChuang/index.html,YuanChuang,150
/bbs/Hsinchu/index.html,Hsinchu,150
/bbs/Examination/index.html,Examination,148
/bbs/WOW/index.html,WOW,146
/bbs/PuzzleDragon/index.html,PuzzleDragon,145
/bbs/mobilesales/index.html,mobilesales,144
/bbs/Aviation/index.html,Aviation,140
/bbs/China-Drama/index.html,China-Drama,134
/bbs/TWICE/index.html,TWICE,132
/bbs/Gamesale/index.html,Gamesale,130
/bbs/GetMarry/index.html,GetMarry,127
/bbs/Palmar_Drama/index.html,Palmar_Drama,125
/bbs/MLB/index.html,MLB,125
/bbs/GBF/index.html,GBF,124
/bbs/Soft_Job/index.html,Soft_Job,122
/bbs/MayDay/index.html,MayDay,122
/bbs/MobilePay/index.html,MobilePay,120
/bbs/MH/index.html,MH,119
/bbs/IZONE/index.html,IZONE,112
/bbs/cat/index.html,cat,106
/bbs/BTS/index.html,BTS,105
/bbs/Headphone/index.html,Headphone,102
/bbs/part-time/index.html,part-time,102
/bbs/TaiwanDrama/index.html,TaiwanDrama,101
/bbs/Nogizaka46/index.html,Nogizaka46,99
/bbs/CarShop/index.html,CarShop,96
/bbs/HelpBuy/index.html,HelpBuy,96
/bbs/fastfood/index.html,fastfood,96
/bbs/DSLR/index.html,DSLR,94
/bbs/Finance/index.html,Finance,92
/bbs/watch/index.html,watch,88
/bbs/Mobile-game/index.html,Mobile-game,87
/bbs/DMM_GAMES/index.html,DMM_GAMES,87
/bbs/tabletennis/index.html,tabletennis,87
/bbs/TypeMoon/index.html,TypeMoon,86
/bbs/Key_Mou_Pad/index.html,Key_Mou_Pad,85
/bbs/cookclub/index.html,cookclub,85
/bbs/forsale/index.html,forsale,82
/bbs/AKB48/index.html,AKB48,81
/bbs/PublicServan/index.html,PublicServan,81
/bbs/Gov_owned/index.html,Gov_owned,81
/bbs/gay/index.html,gay,81
/bbs/medstudent/index.html,medstudent,79
/bbs/Military/index.html,Military,79
/bbs/Drama-Ticket/index.html,Drama-Ticket,78
/bbs/StarCraft/index.html,StarCraft,78
/bbs/FITNESS/index.html,FITNESS,78
/bbs/MacShop/index.html,MacShop,77
/bbs/lesbian/index.html,lesbian,77
/bbs/Brand/index.html,Brand,75
/bbs/Wanted/index.html,Wanted,75
/bbs/hypermall/index.html,hypermall,75
/bbs/nb-shopping/index.html,nb-shopping,73
/bbs/TW_Entertain/index.html,TW_Entertain,72
/bbs/ChungLi/index.html,ChungLi,71
/bbs/PathofExile/index.html,PathofExile,71
/bbs/give/index.html,give,70
/bbs/IdolMaster/index.html,IdolMaster,68
/bbs/DC_SALE/index.html,DC_SALE,65
/bbs/SuperJunior/index.html,SuperJunior,65
