﻿/bbs/Gossiping/index.html,Gossiping,18454
/bbs/Baseball/index.html,Baseball,5216
/bbs/HatePolitics/index.html,HatePolitics,3039
/bbs/C_Chat/index.html,C_Chat,2971
/bbs/NBA/index.html,NBA,2790
/bbs/movie/index.html,movie,1510
/bbs/Stock/index.html,Stock,1485
/bbs/MobileComm/index.html,MobileComm,1097
/bbs/LoL/index.html,LoL,1073
/bbs/sex/index.html,sex,989
/bbs/Lifeismoney/index.html,Lifeismoney,978
/bbs/car/index.html,car,794
/bbs/KR_Entertain/index.html,KR_Entertain,781
/bbs/Tech_Job/index.html,Tech_Job,773
/bbs/ToS/index.html,ToS,761
/bbs/Beauty/index.html,Beauty,748
/bbs/WomenTalk/index.html,WomenTalk,682
/bbs/BabyMother/index.html,BabyMother,671
/bbs/KoreaStar/index.html,KoreaStar,640
/bbs/Boy-Girl/index.html,Boy-Girl,629
/bbs/PC_Shopping/index.html,PC_Shopping,623
/bbs/e-shopping/index.html,e-shopping,594
/bbs/marvel/index.html,marvel,579
/bbs/Japan_Travel/index.html,Japan_Travel,519
/bbs/marriage/index.html,marriage,464
/bbs/joke/index.html,joke,440
/bbs/KoreaDrama/index.html,KoreaDrama,409
/bbs/creditcard/index.html,creditcard,406
/bbs/PlayStation/index.html,PlayStation,400
/bbs/StupidClown/index.html,StupidClown,384
/bbs/SportLottery/index.html,SportLottery,381
/bbs/Kaohsiung/index.html,Kaohsiung,376
/bbs/AllTogether/index.html,AllTogether,374
/bbs/KanColle/index.html,KanColle,363
/bbs/Steam/index.html,Steam,358
/bbs/MakeUp/index.html,MakeUp,357
/bbs/Tainan/index.html,Tainan,348
/bbs/japanavgirls/index.html,japanavgirls,321
/bbs/Hearthstone/index.html,Hearthstone,316
/bbs/Elephants/index.html,Elephants,312
/bbs/home-sale/index.html,home-sale,299
/bbs/CFantasy/index.html,CFantasy,298
/bbs/FATE_GO/index.html,FATE_GO,297
/bbs/NSwitch/index.html,NSwitch,281
/bbs/basketballTW/index.html,basketballTW,268
/bbs/EAseries/index.html,EAseries,267
/bbs/Tennis/index.html,Tennis,266
/bbs/iOS/index.html,iOS,263
/bbs/TaichungBun/index.html,TaichungBun,242
/bbs/ONE_PIECE/index.html,ONE_PIECE,241
/bbs/HardwareSale/index.html,HardwareSale,233
/bbs/Japandrama/index.html,Japandrama,226
/bbs/PokemonGO/index.html,PokemonGO,218
/bbs/BeautySalon/index.html,BeautySalon,217
/bbs/PCReDive/index.html,PCReDive,215
/bbs/Salary/index.html,Salary,210
/bbs/BuyTogether/index.html,BuyTogether,203
/bbs/AC_In/index.html,AC_In,189
/bbs/CVS/index.html,CVS,187
/bbs/studyteacher/index.html,studyteacher,182
/bbs/Monkeys/index.html,Monkeys,181
/bbs/Hsinchu/index.html,Hsinchu,164
/bbs/PuzzleDragon/index.html,PuzzleDragon,163
/bbs/NBA_Film/index.html,NBA_Film,162
/bbs/Food/index.html,Food,161
/bbs/MuscleBeach/index.html,MuscleBeach,153
/bbs/WOW/index.html,WOW,151
/bbs/Examination/index.html,Examination,151
/bbs/TWICE/index.html,TWICE,151
/bbs/Guardians/index.html,Guardians,151
/bbs/mobilesales/index.html,mobilesales,144
/bbs/YuanChuang/index.html,YuanChuang,144
/bbs/MH/index.html,MH,141
/bbs/MLB/index.html,MLB,139
/bbs/Soft_Job/index.html,Soft_Job,138
/bbs/biker/index.html,biker,133
/bbs/Palmar_Drama/index.html,Palmar_Drama,131
/bbs/KoreanPop/index.html,KoreanPop,128
/bbs/Aviation/index.html,Aviation,128
/bbs/China-Drama/index.html,China-Drama,127
/bbs/MobilePay/index.html,MobilePay,126
/bbs/MayDay/index.html,MayDay,126
/bbs/GBF/index.html,GBF,119
/bbs/GetMarry/index.html,GetMarry,118
/bbs/TaiwanDrama/index.html,TaiwanDrama,113
/bbs/cat/index.html,cat,107
/bbs/BTS/index.html,BTS,106
/bbs/Headphone/index.html,Headphone,105
/bbs/Gamesale/index.html,Gamesale,104
/bbs/Wanted/index.html,Wanted,104
/bbs/HelpBuy/index.html,HelpBuy,103
/bbs/AKB48/index.html,AKB48,97
/bbs/DMM_GAMES/index.html,DMM_GAMES,97
/bbs/CarShop/index.html,CarShop,96
/bbs/part-time/index.html,part-time,96
/bbs/cookclub/index.html,cookclub,96
/bbs/medstudent/index.html,medstudent,94
/bbs/FITNESS/index.html,FITNESS,92
/bbs/give/index.html,give,91
/bbs/DSLR/index.html,DSLR,90
/bbs/Key_Mou_Pad/index.html,Key_Mou_Pad,89
/bbs/PublicServan/index.html,PublicServan,88
/bbs/Lions/index.html,Lions,86
/bbs/gay/index.html,gay,86
/bbs/Brand/index.html,Brand,85
/bbs/Finance/index.html,Finance,84
/bbs/Gov_owned/index.html,Gov_owned,84
/bbs/Drama-Ticket/index.html,Drama-Ticket,82
/bbs/graduate/index.html,graduate,82
/bbs/Military/index.html,Military,82
/bbs/feminine_sex/index.html,feminine_sex,81
/bbs/StarCraft/index.html,StarCraft,81
/bbs/Nogizaka46/index.html,Nogizaka46,78
/bbs/watch/index.html,watch,77
/bbs/job/index.html,job,76
/bbs/forsale/index.html,forsale,75
/bbs/Mobile-game/index.html,Mobile-game,73
/bbs/lesbian/index.html,lesbian,73
/bbs/MacShop/index.html,MacShop,72
/bbs/DIABLO/index.html,DIABLO,72
/bbs/nb-shopping/index.html,nb-shopping,71
/bbs/IZONE/index.html,IZONE,71
/bbs/TW_Entertain/index.html,TW_Entertain,71
/bbs/DC_SALE/index.html,DC_SALE,69
/bbs/tabletennis/index.html,tabletennis,69
/bbs/fastfood/index.html,fastfood,67
/bbs/LGBT_SEX/index.html,LGBT_SEX,65
/bbs/hypermall/index.html,hypermall,65
