﻿/bbs/Gossiping/index.html,Gossiping,11622
/bbs/NBA/index.html,NBA,2977
/bbs/C_Chat/index.html,C_Chat,2290
/bbs/Baseball/index.html,Baseball,1737
/bbs/Stock/index.html,Stock,1614
/bbs/sex/index.html,sex,1410
/bbs/HatePolitics/index.html,HatePolitics,1311
/bbs/movie/index.html,movie,999
/bbs/MobileComm/index.html,MobileComm,857
/bbs/Beauty/index.html,Beauty,788
/bbs/car/index.html,car,739
/bbs/Lifeismoney/index.html,Lifeismoney,683
/bbs/BabyMother/index.html,BabyMother,666
/bbs/ToS/index.html,ToS,665
/bbs/Tech_Job/index.html,Tech_Job,662
/bbs/Boy-Girl/index.html,Boy-Girl,662
/bbs/LoL/index.html,LoL,623
/bbs/WomenTalk/index.html,WomenTalk,556
/bbs/KR_Entertain/index.html,KR_Entertain,543
/bbs/PC_Shopping/index.html,PC_Shopping,469
/bbs/marvel/index.html,marvel,463
/bbs/joke/index.html,joke,463
/bbs/creditcard/index.html,creditcard,450
/bbs/e-shopping/index.html,e-shopping,430
/bbs/AllTogether/index.html,AllTogether,388
/bbs/KoreaStar/index.html,KoreaStar,382
/bbs/Japan_Travel/index.html,Japan_Travel,364
/bbs/marriage/index.html,marriage,353
/bbs/Tennis/index.html,Tennis,352
/bbs/PlayStation/index.html,PlayStation,345
/bbs/Steam/index.html,Steam,317
/bbs/Tainan/index.html,Tainan,309
/bbs/japanavgirls/index.html,japanavgirls,303
/bbs/Kaohsiung/index.html,Kaohsiung,295
/bbs/FATE_GO/index.html,FATE_GO,279
/bbs/SportLottery/index.html,SportLottery,271
/bbs/home-sale/index.html,home-sale,262
/bbs/ONE_PIECE/index.html,ONE_PIECE,254
/bbs/Hearthstone/index.html,Hearthstone,252
/bbs/KoreaDrama/index.html,KoreaDrama,243
/bbs/MakeUp/index.html,MakeUp,227
/bbs/TaichungBun/index.html,TaichungBun,225
/bbs/PCReDive/index.html,PCReDive,217
/bbs/NSwitch/index.html,NSwitch,210
/bbs/KanColle/index.html,KanColle,208
/bbs/StupidClown/index.html,StupidClown,208
/bbs/PokemonGO/index.html,PokemonGO,201
/bbs/CFantasy/index.html,CFantasy,199
/bbs/Salary/index.html,Salary,176
/bbs/EAseries/index.html,EAseries,176
/bbs/iOS/index.html,iOS,173
/bbs/BeautySalon/index.html,BeautySalon,168
/bbs/AC_In/index.html,AC_In,167
/bbs/HardwareSale/index.html,HardwareSale,165
/bbs/Elephants/index.html,Elephants,162
/bbs/NY-Yankees/index.html,NY-Yankees,160
/bbs/NBA_Film/index.html,NBA_Film,156
/bbs/BuyTogether/index.html,BuyTogether,145
/bbs/Aviation/index.html,Aviation,144
/bbs/CVS/index.html,CVS,144
/bbs/MuscleBeach/index.html,MuscleBeach,136
/bbs/WOW/index.html,WOW,134
/bbs/PuzzleDragon/index.html,PuzzleDragon,127
/bbs/Japandrama/index.html,Japandrama,124
/bbs/biker/index.html,biker,117
/bbs/Palmar_Drama/index.html,Palmar_Drama,113
/bbs/gay/index.html,gay,112
/bbs/MLB/index.html,MLB,112
/bbs/YuanChuang/index.html,YuanChuang,111
/bbs/basketballTW/index.html,basketballTW,111
/bbs/Hsinchu/index.html,Hsinchu,110
/bbs/TaiwanDrama/index.html,TaiwanDrama,108
/bbs/mobilesales/index.html,mobilesales,106
/bbs/Soft_Job/index.html,Soft_Job,104
/bbs/Food/index.html,Food,104
/bbs/MobilePay/index.html,MobilePay,100
/bbs/Gamesale/index.html,Gamesale,99
/bbs/MayDay/index.html,MayDay,93
/bbs/cat/index.html,cat,91
/bbs/studyteacher/index.html,studyteacher,90
/bbs/Headphone/index.html,Headphone,88
/bbs/part-time/index.html,part-time,88
/bbs/DSLR/index.html,DSLR,85
/bbs/feminine_sex/index.html,feminine_sex,85
/bbs/lesbian/index.html,lesbian,85
/bbs/TWICE/index.html,TWICE,82
/bbs/KoreanPop/index.html,KoreanPop,79
/bbs/LGBT_SEX/index.html,LGBT_SEX,79
/bbs/Military/index.html,Military,79
/bbs/Finance/index.html,Finance,78
/bbs/PublicServan/index.html,PublicServan,78
/bbs/CarShop/index.html,CarShop,76
/bbs/Examination/index.html,Examination,76
/bbs/Option/index.html,Option,75
/bbs/GetMarry/index.html,GetMarry,75
/bbs/forsale/index.html,forsale,75
/bbs/medstudent/index.html,medstudent,73
/bbs/China-Drama/index.html,China-Drama,70
/bbs/watch/index.html,watch,69
/bbs/Wanted/index.html,Wanted,65
/bbs/Monkeys/index.html,Monkeys,64
/bbs/GBF/index.html,GBF,64
/bbs/graduate/index.html,graduate,62
/bbs/Key_Mou_Pad/index.html,Key_Mou_Pad,58
/bbs/MacShop/index.html,MacShop,58
/bbs/hypermall/index.html,hypermall,58
/bbs/AKB48/index.html,AKB48,57
/bbs/PathofExile/index.html,PathofExile,57
/bbs/Gov_owned/index.html,Gov_owned,57
/bbs/Mobile-game/index.html,Mobile-game,56
/bbs/TypeMoon/index.html,TypeMoon,56
/bbs/BTS/index.html,BTS,56
/bbs/Bank_Service/index.html,Bank_Service,56
/bbs/DIABLO/index.html,DIABLO,55
/bbs/DMM_GAMES/index.html,DMM_GAMES,53
/bbs/nb-shopping/index.html,nb-shopping,52
/bbs/BB-Love/index.html,BB-Love,51
/bbs/FITNESS/index.html,FITNESS,51
/bbs/Zastrology/index.html,Zastrology,51
/bbs/MH/index.html,MH,50
/bbs/Guardians/index.html,Guardians,50
/bbs/E-appliance/index.html,E-appliance,49
/bbs/Chiayi/index.html,Chiayi,49
/bbs/points/index.html,points,49
/bbs/cookclub/index.html,cookclub,48
/bbs/IdolMaster/index.html,IdolMaster,47
/bbs/DC_SALE/index.html,DC_SALE,46
/bbs/ClashRoyale/index.html,ClashRoyale,46
