﻿/bbs/Gossiping/index.html,Gossiping,15491
/bbs/NBA/index.html,NBA,3594
/bbs/C_Chat/index.html,C_Chat,2956
/bbs/Baseball/index.html,Baseball,2556
/bbs/HatePolitics/index.html,HatePolitics,1713
/bbs/Stock/index.html,Stock,1703
/bbs/movie/index.html,movie,1308
/bbs/MobileComm/index.html,MobileComm,1228
/bbs/sex/index.html,sex,1146
/bbs/Lifeismoney/index.html,Lifeismoney,938
/bbs/Beauty/index.html,Beauty,926
/bbs/car/index.html,car,920
/bbs/KR_Entertain/index.html,KR_Entertain,863
/bbs/LoL/index.html,LoL,849
/bbs/Tech_Job/index.html,Tech_Job,791
/bbs/Boy-Girl/index.html,Boy-Girl,736
/bbs/ToS/index.html,ToS,724
/bbs/WomenTalk/index.html,WomenTalk,695
/bbs/BabyMother/index.html,BabyMother,624
/bbs/KoreaStar/index.html,KoreaStar,612
/bbs/PC_Shopping/index.html,PC_Shopping,539
/bbs/creditcard/index.html,creditcard,526
/bbs/marvel/index.html,marvel,507
/bbs/e-shopping/index.html,e-shopping,491
/bbs/joke/index.html,joke,470
/bbs/Japan_Travel/index.html,Japan_Travel,448
/bbs/AllTogether/index.html,AllTogether,386
/bbs/PlayStation/index.html,PlayStation,380
/bbs/SportLottery/index.html,SportLottery,373
/bbs/Tainan/index.html,Tainan,366
/bbs/Steam/index.html,Steam,345
/bbs/Kaohsiung/index.html,Kaohsiung,345
/bbs/KoreaDrama/index.html,KoreaDrama,342
/bbs/marriage/index.html,marriage,338
/bbs/MakeUp/index.html,MakeUp,326
/bbs/japanavgirls/index.html,japanavgirls,317
/bbs/Tennis/index.html,Tennis,314
/bbs/home-sale/index.html,home-sale,313
/bbs/Hearthstone/index.html,Hearthstone,299
/bbs/KanColle/index.html,KanColle,282
/bbs/ONE_PIECE/index.html,ONE_PIECE,277
/bbs/FATE_GO/index.html,FATE_GO,274
/bbs/PokemonGO/index.html,PokemonGO,266
/bbs/NSwitch/index.html,NSwitch,264
/bbs/StupidClown/index.html,StupidClown,259
/bbs/iOS/index.html,iOS,252
/bbs/PCReDive/index.html,PCReDive,248
/bbs/TaichungBun/index.html,TaichungBun,244
/bbs/EAseries/index.html,EAseries,244
/bbs/CFantasy/index.html,CFantasy,236
/bbs/Salary/index.html,Salary,195
/bbs/Elephants/index.html,Elephants,195
/bbs/BeautySalon/index.html,BeautySalon,191
/bbs/HardwareSale/index.html,HardwareSale,188
/bbs/NBA_Film/index.html,NBA_Film,181
/bbs/MuscleBeach/index.html,MuscleBeach,181
/bbs/CVS/index.html,CVS,179
/bbs/BuyTogether/index.html,BuyTogether,178
/bbs/AC_In/index.html,AC_In,172
/bbs/basketballTW/index.html,basketballTW,161
/bbs/Japandrama/index.html,Japandrama,161
/bbs/Food/index.html,Food,159
/bbs/PuzzleDragon/index.html,PuzzleDragon,151
/bbs/MobilePay/index.html,MobilePay,151
/bbs/MLB/index.html,MLB,140
/bbs/WOW/index.html,WOW,138
/bbs/biker/index.html,biker,138
/bbs/YuanChuang/index.html,YuanChuang,137
/bbs/Hsinchu/index.html,Hsinchu,136
/bbs/Soft_Job/index.html,Soft_Job,135
/bbs/GBF/index.html,GBF,133
/bbs/Examination/index.html,Examination,129
/bbs/Aviation/index.html,Aviation,127
/bbs/TaiwanDrama/index.html,TaiwanDrama,127
/bbs/Palmar_Drama/index.html,Palmar_Drama,126
/bbs/mobilesales/index.html,mobilesales,123
/bbs/MayDay/index.html,MayDay,123
/bbs/Gamesale/index.html,Gamesale,119
/bbs/China-Drama/index.html,China-Drama,117
/bbs/part-time/index.html,part-time,117
/bbs/studyteacher/index.html,studyteacher,109
/bbs/Headphone/index.html,Headphone,108
/bbs/KoreanPop/index.html,KoreanPop,107
/bbs/forsale/index.html,forsale,106
/bbs/cat/index.html,cat,104
/bbs/Finance/index.html,Finance,101
/bbs/CarShop/index.html,CarShop,101
/bbs/TWICE/index.html,TWICE,101
/bbs/Monkeys/index.html,Monkeys,99
/bbs/GetMarry/index.html,GetMarry,98
/bbs/Gov_owned/index.html,Gov_owned,96
/bbs/DMM_GAMES/index.html,DMM_GAMES,95
/bbs/lesbian/index.html,lesbian,94
/bbs/DSLR/index.html,DSLR,93
/bbs/BTS/index.html,BTS,93
/bbs/Military/index.html,Military,92
/bbs/PublicServan/index.html,PublicServan,90
/bbs/TW_Entertain/index.html,TW_Entertain,88
/bbs/FITNESS/index.html,FITNESS,84
/bbs/fastfood/index.html,fastfood,83
/bbs/gay/index.html,gay,83
/bbs/medstudent/index.html,medstudent,82
/bbs/SuperJunior/index.html,SuperJunior,80
/bbs/watch/index.html,watch,80
/bbs/graduate/index.html,graduate,79
/bbs/HelpBuy/index.html,HelpBuy,77
/bbs/give/index.html,give,76
/bbs/IZONE/index.html,IZONE,75
/bbs/LGBT_SEX/index.html,LGBT_SEX,74
/bbs/tabletennis/index.html,tabletennis,74
/bbs/Mobile-game/index.html,Mobile-game,73
/bbs/PathofExile/index.html,PathofExile,73
/bbs/Wanted/index.html,Wanted,73
/bbs/nb-shopping/index.html,nb-shopping,72
/bbs/Key_Mou_Pad/index.html,Key_Mou_Pad,72
/bbs/Taoyuan/index.html,Taoyuan,71
/bbs/job/index.html,job,70
/bbs/TypeMoon/index.html,TypeMoon,69
/bbs/cookclub/index.html,cookclub,69
/bbs/Brand/index.html,Brand,68
/bbs/Lions/index.html,Lions,67
/bbs/MacShop/index.html,MacShop,66
/bbs/feminine_sex/index.html,feminine_sex,66
/bbs/BabyProducts/index.html,BabyProducts,65
/bbs/hypermall/index.html,hypermall,65
/bbs/Zastrology/index.html,Zastrology,65
/bbs/MH/index.html,MH,62
/bbs/RealmOfValor/index.html,RealmOfValor,62
