﻿/bbs/Gossiping/index.html,Gossiping,18675
/bbs/Baseball/index.html,Baseball,5390
/bbs/C_Chat/index.html,C_Chat,3207
/bbs/NBA/index.html,NBA,2992
/bbs/HatePolitics/index.html,HatePolitics,2715
/bbs/movie/index.html,movie,2025
/bbs/Stock/index.html,Stock,1700
/bbs/Lifeismoney/index.html,Lifeismoney,1408
/bbs/MobileComm/index.html,MobileComm,1366
/bbs/LoL/index.html,LoL,1363
/bbs/sex/index.html,sex,1290
/bbs/car/index.html,car,1126
/bbs/KR_Entertain/index.html,KR_Entertain,1054
/bbs/BabyMother/index.html,BabyMother,955
/bbs/Tennis/index.html,Tennis,941
/bbs/WomenTalk/index.html,WomenTalk,853
/bbs/ToS/index.html,ToS,852
/bbs/joke/index.html,joke,830
/bbs/e-shopping/index.html,e-shopping,784
/bbs/Beauty/index.html,Beauty,749
/bbs/Tech_Job/index.html,Tech_Job,731
/bbs/Boy-Girl/index.html,Boy-Girl,705
/bbs/PC_Shopping/index.html,PC_Shopping,657
/bbs/Hearthstone/index.html,Hearthstone,652
/bbs/Elephants/index.html,Elephants,642
/bbs/KoreaDrama/index.html,KoreaDrama,609
/bbs/KoreaStar/index.html,KoreaStar,596
/bbs/Japan_Travel/index.html,Japan_Travel,567
/bbs/marvel/index.html,marvel,564
/bbs/Kaohsiung/index.html,Kaohsiung,510
/bbs/MakeUp/index.html,MakeUp,506
/bbs/marriage/index.html,marriage,486
/bbs/AllTogether/index.html,AllTogether,486
/bbs/PlayStation/index.html,PlayStation,450
/bbs/StupidClown/index.html,StupidClown,444
/bbs/Tainan/index.html,Tainan,417
/bbs/Monkeys/index.html,Monkeys,413
/bbs/Steam/index.html,Steam,411
/bbs/KanColle/index.html,KanColle,410
/bbs/creditcard/index.html,creditcard,396
/bbs/SportLottery/index.html,SportLottery,386
/bbs/home-sale/index.html,home-sale,382
/bbs/Guardians/index.html,Guardians,381
/bbs/EAseries/index.html,EAseries,337
/bbs/BeautySalon/index.html,BeautySalon,317
/bbs/CFantasy/index.html,CFantasy,310
/bbs/Lions/index.html,Lions,295
/bbs/TaichungBun/index.html,TaichungBun,294
/bbs/TW_Entertain/index.html,TW_Entertain,293
/bbs/japanavgirls/index.html,japanavgirls,290
/bbs/iOS/index.html,iOS,288
/bbs/Japandrama/index.html,Japandrama,277
/bbs/TaiwanDrama/index.html,TaiwanDrama,276
/bbs/NSwitch/index.html,NSwitch,275
/bbs/FATE_GO/index.html,FATE_GO,257
/bbs/BuyTogether/index.html,BuyTogether,248
/bbs/ONE_PIECE/index.html,ONE_PIECE,245
/bbs/PCReDive/index.html,PCReDive,243
/bbs/studyteacher/index.html,studyteacher,242
/bbs/HardwareSale/index.html,HardwareSale,239
/bbs/basketballTW/index.html,basketballTW,232
/bbs/PokemonGO/index.html,PokemonGO,224
/bbs/YuanChuang/index.html,YuanChuang,218
/bbs/Salary/index.html,Salary,208
/bbs/AC_In/index.html,AC_In,207
/bbs/CVS/index.html,CVS,206
/bbs/MuscleBeach/index.html,MuscleBeach,200
/bbs/NBA_Film/index.html,NBA_Film,189
/bbs/KoreanPop/index.html,KoreanPop,188
/bbs/biker/index.html,biker,188
/bbs/Hsinchu/index.html,Hsinchu,186
/bbs/WOW/index.html,WOW,180
/bbs/Examination/index.html,Examination,176
/bbs/Aviation/index.html,Aviation,175
/bbs/PuzzleDragon/index.html,PuzzleDragon,173
/bbs/Food/index.html,Food,170
/bbs/cat/index.html,cat,166
/bbs/gay/index.html,gay,163
/bbs/MayDay/index.html,MayDay,156
/bbs/GetMarry/index.html,GetMarry,154
/bbs/lesbian/index.html,lesbian,153
/bbs/China-Drama/index.html,China-Drama,151
/bbs/BTS/index.html,BTS,151
/bbs/TWICE/index.html,TWICE,151
/bbs/GBF/index.html,GBF,149
/bbs/Headphone/index.html,Headphone,143
/bbs/Palmar_Drama/index.html,Palmar_Drama,143
/bbs/MobilePay/index.html,MobilePay,141
/bbs/mobilesales/index.html,mobilesales,139
/bbs/IZONE/index.html,IZONE,139
/bbs/Gamesale/index.html,Gamesale,137
/bbs/MLB/index.html,MLB,129
/bbs/cookclub/index.html,cookclub,127
/bbs/MH/index.html,MH,123
/bbs/Soft_Job/index.html,Soft_Job,121
/bbs/Wanted/index.html,Wanted,121
/bbs/HelpBuy/index.html,HelpBuy,120
/bbs/DSLR/index.html,DSLR,119
/bbs/forsale/index.html,forsale,119
/bbs/part-time/index.html,part-time,117
/bbs/CarShop/index.html,CarShop,116
/bbs/Finance/index.html,Finance,111
/bbs/MacShop/index.html,MacShop,109
/bbs/AKB48/index.html,AKB48,108
/bbs/tabletennis/index.html,tabletennis,106
/bbs/medstudent/index.html,medstudent,104
/bbs/watch/index.html,watch,103
/bbs/PublicServan/index.html,PublicServan,102
/bbs/give/index.html,give,100
/bbs/DMM_GAMES/index.html,DMM_GAMES,100
/bbs/TypeMoon/index.html,TypeMoon,98
/bbs/FITNESS/index.html,FITNESS,96
/bbs/Key_Mou_Pad/index.html,Key_Mou_Pad,95
/bbs/Drama-Ticket/index.html,Drama-Ticket,94
/bbs/Nogizaka46/index.html,Nogizaka46,91
/bbs/Mobile-game/index.html,Mobile-game,90
/bbs/fastfood/index.html,fastfood,89
/bbs/feminine_sex/index.html,feminine_sex,86
/bbs/BabyProducts/index.html,BabyProducts,83
/bbs/Brand/index.html,Brand,83
/bbs/E-appliance/index.html,E-appliance,82
/bbs/Teacher/index.html,Teacher,80
/bbs/Gov_owned/index.html,Gov_owned,80
/bbs/RealmOfValor/index.html,RealmOfValor,80
/bbs/DC_SALE/index.html,DC_SALE,79
/bbs/facelift/index.html,facelift,77
/bbs/LGBT_SEX/index.html,LGBT_SEX,75
/bbs/IdolMaster/index.html,IdolMaster,73
