﻿/bbs/Gossiping/index.html,Gossiping,19057
/bbs/Baseball/index.html,Baseball,4420
/bbs/HatePolitics/index.html,HatePolitics,3188
/bbs/NBA/index.html,NBA,3108
/bbs/C_Chat/index.html,C_Chat,2914
/bbs/movie/index.html,movie,1747
/bbs/Stock/index.html,Stock,1449
/bbs/LoL/index.html,LoL,1278
/bbs/Elephants/index.html,Elephants,1245
/bbs/Lifeismoney/index.html,Lifeismoney,1205
/bbs/MobileComm/index.html,MobileComm,1168
/bbs/sex/index.html,sex,925
/bbs/KR_Entertain/index.html,KR_Entertain,847
/bbs/car/index.html,car,744
/bbs/ToS/index.html,ToS,733
/bbs/WomenTalk/index.html,WomenTalk,707
/bbs/Tech_Job/index.html,Tech_Job,702
/bbs/joke/index.html,joke,661
/bbs/Beauty/index.html,Beauty,643
/bbs/KoreaStar/index.html,KoreaStar,601
/bbs/Boy-Girl/index.html,Boy-Girl,600
/bbs/BabyMother/index.html,BabyMother,568
/bbs/PC_Shopping/index.html,PC_Shopping,561
/bbs/Tennis/index.html,Tennis,532
/bbs/e-shopping/index.html,e-shopping,531
/bbs/marvel/index.html,marvel,512
/bbs/Japan_Travel/index.html,Japan_Travel,489
/bbs/Hearthstone/index.html,Hearthstone,486
/bbs/StupidClown/index.html,StupidClown,473
/bbs/Kaohsiung/index.html,Kaohsiung,450
/bbs/PlayStation/index.html,PlayStation,432
/bbs/Guardians/index.html,Guardians,417
/bbs/marriage/index.html,marriage,413
/bbs/MakeUp/index.html,MakeUp,396
/bbs/Steam/index.html,Steam,380
/bbs/KoreaDrama/index.html,KoreaDrama,378
/bbs/Lions/index.html,Lions,370
/bbs/AllTogether/index.html,AllTogether,366
/bbs/KanColle/index.html,KanColle,352
/bbs/creditcard/index.html,creditcard,346
/bbs/Tainan/index.html,Tainan,340
/bbs/home-sale/index.html,home-sale,332
/bbs/Monkeys/index.html,Monkeys,307
/bbs/SportLottery/index.html,SportLottery,300
/bbs/CFantasy/index.html,CFantasy,280
/bbs/japanavgirls/index.html,japanavgirls,275
/bbs/NSwitch/index.html,NSwitch,272
/bbs/FATE_GO/index.html,FATE_GO,261
/bbs/TaichungBun/index.html,TaichungBun,261
/bbs/EAseries/index.html,EAseries,258
/bbs/iOS/index.html,iOS,247
/bbs/PCReDive/index.html,PCReDive,237
/bbs/BeautySalon/index.html,BeautySalon,225
/bbs/CVS/index.html,CVS,221
/bbs/ONE_PIECE/index.html,ONE_PIECE,216
/bbs/Japandrama/index.html,Japandrama,210
/bbs/BuyTogether/index.html,BuyTogether,205
/bbs/HardwareSale/index.html,HardwareSale,201
/bbs/PokemonGO/index.html,PokemonGO,201
/bbs/basketballTW/index.html,basketballTW,193
/bbs/studyteacher/index.html,studyteacher,192
/bbs/AC_In/index.html,AC_In,189
/bbs/KoreanPop/index.html,KoreanPop,189
/bbs/Food/index.html,Food,180
/bbs/Hsinchu/index.html,Hsinchu,177
/bbs/PuzzleDragon/index.html,PuzzleDragon,167
/bbs/YuanChuang/index.html,YuanChuang,165
/bbs/NBA_Film/index.html,NBA_Film,164
/bbs/WOW/index.html,WOW,163
/bbs/MuscleBeach/index.html,MuscleBeach,159
/bbs/Salary/index.html,Salary,155
/bbs/Examination/index.html,Examination,155
/bbs/biker/index.html,biker,144
/bbs/GBF/index.html,GBF,138
/bbs/MayDay/index.html,MayDay,138
/bbs/tabletennis/index.html,tabletennis,138
/bbs/TWICE/index.html,TWICE,137
/bbs/mobilesales/index.html,mobilesales,136
/bbs/Aviation/index.html,Aviation,135
/bbs/Soft_Job/index.html,Soft_Job,128
/bbs/China-Drama/index.html,China-Drama,128
/bbs/MH/index.html,MH,127
/bbs/TaiwanDrama/index.html,TaiwanDrama,127
/bbs/Headphone/index.html,Headphone,124
/bbs/Palmar_Drama/index.html,Palmar_Drama,124
/bbs/Gamesale/index.html,Gamesale,121
/bbs/BTS/index.html,BTS,118
/bbs/part-time/index.html,part-time,118
/bbs/MLB/index.html,MLB,118
/bbs/GetMarry/index.html,GetMarry,111
/bbs/cat/index.html,cat,110
/bbs/MobilePay/index.html,MobilePay,109
/bbs/IZONE/index.html,IZONE,105
/bbs/Finance/index.html,Finance,102
/bbs/cookclub/index.html,cookclub,101
/bbs/Nogizaka46/index.html,Nogizaka46,99
/bbs/TypeMoon/index.html,TypeMoon,99
/bbs/forsale/index.html,forsale,96
/bbs/DSLR/index.html,DSLR,95
/bbs/DMM_GAMES/index.html,DMM_GAMES,93
/bbs/AKB48/index.html,AKB48,89
/bbs/fastfood/index.html,fastfood,89
/bbs/watch/index.html,watch,88
/bbs/StarCraft/index.html,StarCraft,87
/bbs/Military/index.html,Military,87
/bbs/Wanted/index.html,Wanted,86
/bbs/CarShop/index.html,CarShop,85
/bbs/PublicServan/index.html,PublicServan,85
/bbs/medstudent/index.html,medstudent,85
/bbs/Mobile-game/index.html,Mobile-game,84
/bbs/gay/index.html,gay,84
/bbs/Gov_owned/index.html,Gov_owned,83
/bbs/nb-shopping/index.html,nb-shopping,79
/bbs/TW_Entertain/index.html,TW_Entertain,78
/bbs/HelpBuy/index.html,HelpBuy,77
/bbs/MacShop/index.html,MacShop,76
/bbs/hypermall/index.html,hypermall,76
/bbs/lesbian/index.html,lesbian,76
/bbs/Key_Mou_Pad/index.html,Key_Mou_Pad,74
/bbs/FITNESS/index.html,FITNESS,72
/bbs/Drama-Ticket/index.html,Drama-Ticket,70
/bbs/EXO/index.html,EXO,67
/bbs/give/index.html,give,67
/bbs/RealmOfValor/index.html,RealmOfValor,67
/bbs/IdolMaster/index.html,IdolMaster,66
/bbs/graduate/index.html,graduate,66
/bbs/ChungLi/index.html,ChungLi,64
/bbs/BB-Love/index.html,BB-Love,63
