﻿/bbs/Gossiping/index.html,Gossiping,10750
/bbs/NBA/index.html,NBA,2605
/bbs/C_Chat/index.html,C_Chat,2030
/bbs/Baseball/index.html,Baseball,1553
/bbs/Stock/index.html,Stock,1456
/bbs/sex/index.html,sex,1360
/bbs/HatePolitics/index.html,HatePolitics,1149
/bbs/movie/index.html,movie,958
/bbs/MobileComm/index.html,MobileComm,787
/bbs/Beauty/index.html,Beauty,743
/bbs/car/index.html,car,688
/bbs/LoL/index.html,LoL,618
/bbs/Lifeismoney/index.html,Lifeismoney,617
/bbs/Tech_Job/index.html,Tech_Job,582
/bbs/Boy-Girl/index.html,Boy-Girl,573
/bbs/ToS/index.html,ToS,571
/bbs/BabyMother/index.html,BabyMother,548
/bbs/WomenTalk/index.html,WomenTalk,498
/bbs/KR_Entertain/index.html,KR_Entertain,483
/bbs/PC_Shopping/index.html,PC_Shopping,442
/bbs/marvel/index.html,marvel,405
/bbs/joke/index.html,joke,404
/bbs/e-shopping/index.html,e-shopping,400
/bbs/Tennis/index.html,Tennis,358
/bbs/KoreaStar/index.html,KoreaStar,356
/bbs/Japan_Travel/index.html,Japan_Travel,340
/bbs/AllTogether/index.html,AllTogether,334
/bbs/PlayStation/index.html,PlayStation,326
/bbs/creditcard/index.html,creditcard,325
/bbs/marriage/index.html,marriage,306
/bbs/Tainan/index.html,Tainan,271
/bbs/Kaohsiung/index.html,Kaohsiung,270
/bbs/Steam/index.html,Steam,269
/bbs/FATE_GO/index.html,FATE_GO,254
/bbs/SportLottery/index.html,SportLottery,253
/bbs/japanavgirls/index.html,japanavgirls,253
/bbs/ONE_PIECE/index.html,ONE_PIECE,240
/bbs/KoreaDrama/index.html,KoreaDrama,224
/bbs/TaichungBun/index.html,TaichungBun,217
/bbs/KanColle/index.html,KanColle,214
/bbs/Hearthstone/index.html,Hearthstone,210
/bbs/home-sale/index.html,home-sale,203
/bbs/MakeUp/index.html,MakeUp,200
/bbs/PCReDive/index.html,PCReDive,197
/bbs/NSwitch/index.html,NSwitch,193
/bbs/CFantasy/index.html,CFantasy,187
/bbs/PokemonGO/index.html,PokemonGO,184
/bbs/Elephants/index.html,Elephants,182
/bbs/StupidClown/index.html,StupidClown,180
/bbs/EAseries/index.html,EAseries,179
/bbs/Salary/index.html,Salary,163
/bbs/iOS/index.html,iOS,160
/bbs/HardwareSale/index.html,HardwareSale,154
/bbs/CVS/index.html,CVS,147
/bbs/AC_In/index.html,AC_In,146
/bbs/BeautySalon/index.html,BeautySalon,145
/bbs/NBA_Film/index.html,NBA_Film,133
/bbs/WOW/index.html,WOW,132
/bbs/BuyTogether/index.html,BuyTogether,120
/bbs/Aviation/index.html,Aviation,118
/bbs/Japandrama/index.html,Japandrama,115
/bbs/PuzzleDragon/index.html,PuzzleDragon,112
/bbs/MuscleBeach/index.html,MuscleBeach,112
/bbs/NY-Yankees/index.html,NY-Yankees,108
/bbs/biker/index.html,biker,106
/bbs/MLB/index.html,MLB,102
/bbs/basketballTW/index.html,basketballTW,100
/bbs/Hsinchu/index.html,Hsinchu,98
/bbs/Soft_Job/index.html,Soft_Job,97
/bbs/Palmar_Drama/index.html,Palmar_Drama,96
/bbs/part-time/index.html,part-time,95
/bbs/Food/index.html,Food,95
/bbs/TaiwanDrama/index.html,TaiwanDrama,93
/bbs/YuanChuang/index.html,YuanChuang,92
/bbs/Gamesale/index.html,Gamesale,91
/bbs/studyteacher/index.html,studyteacher,91
/bbs/MobilePay/index.html,MobilePay,90
/bbs/cat/index.html,cat,89
/bbs/gay/index.html,gay,88
/bbs/Examination/index.html,Examination,86
/bbs/mobilesales/index.html,mobilesales,85
/bbs/DSLR/index.html,DSLR,84
/bbs/GetMarry/index.html,GetMarry,81
/bbs/MayDay/index.html,MayDay,81
/bbs/lesbian/index.html,lesbian,81
/bbs/KoreanPop/index.html,KoreanPop,80
/bbs/Headphone/index.html,Headphone,77
/bbs/Military/index.html,Military,73
/bbs/Option/index.html,Option,72
/bbs/medstudent/index.html,medstudent,71
/bbs/PublicServan/index.html,PublicServan,70
/bbs/LGBT_SEX/index.html,LGBT_SEX,70
/bbs/watch/index.html,watch,70
/bbs/feminine_sex/index.html,feminine_sex,69
/bbs/TW_Entertain/index.html,TW_Entertain,69
/bbs/forsale/index.html,forsale,68
/bbs/Mobile-game/index.html,Mobile-game,67
/bbs/Wanted/index.html,Wanted,67
/bbs/China-Drama/index.html,China-Drama,65
/bbs/TWICE/index.html,TWICE,65
/bbs/GBF/index.html,GBF,64
/bbs/Monkeys/index.html,Monkeys,62
/bbs/FITNESS/index.html,FITNESS,61
/bbs/CarShop/index.html,CarShop,59
/bbs/MacShop/index.html,MacShop,59
/bbs/Finance/index.html,Finance,57
/bbs/Gov_owned/index.html,Gov_owned,57
/bbs/DMM_GAMES/index.html,DMM_GAMES,56
/bbs/nb-shopping/index.html,nb-shopping,54
/bbs/Key_Mou_Pad/index.html,Key_Mou_Pad,54
/bbs/Guardians/index.html,Guardians,54
/bbs/AKB48/index.html,AKB48,52
/bbs/TypeMoon/index.html,TypeMoon,52
/bbs/BB-Love/index.html,BB-Love,51
/bbs/hypermall/index.html,hypermall,51
/bbs/graduate/index.html,graduate,50
/bbs/BTS/index.html,BTS,49
/bbs/DIABLO/index.html,DIABLO,49
/bbs/HelpBuy/index.html,HelpBuy,48
/bbs/cookclub/index.html,cookclub,48
/bbs/MH/index.html,MH,46
/bbs/SuperJunior/index.html,SuperJunior,46
/bbs/FTV/index.html,FTV,45
/bbs/Taoyuan/index.html,Taoyuan,45
/bbs/points/index.html,points,44
/bbs/Bank_Service/index.html,Bank_Service,44
/bbs/IdolMaster/index.html,IdolMaster,43
/bbs/fastfood/index.html,fastfood,43
