﻿/bbs/Gossiping/index.html,Gossiping,19457
/bbs/Baseball/index.html,Baseball,4252
/bbs/HatePolitics/index.html,HatePolitics,3349
/bbs/NBA/index.html,NBA,2996
/bbs/C_Chat/index.html,C_Chat,2906
/bbs/movie/index.html,movie,1643
/bbs/Stock/index.html,Stock,1520
/bbs/LoL/index.html,LoL,1236
/bbs/Lifeismoney/index.html,Lifeismoney,1164
/bbs/MobileComm/index.html,MobileComm,1136
/bbs/Elephants/index.html,Elephants,1050
/bbs/sex/index.html,sex,916
/bbs/KR_Entertain/index.html,KR_Entertain,811
/bbs/WomenTalk/index.html,WomenTalk,759
/bbs/ToS/index.html,ToS,748
/bbs/car/index.html,car,729
/bbs/Tech_Job/index.html,Tech_Job,674
/bbs/Beauty/index.html,Beauty,665
/bbs/KoreaStar/index.html,KoreaStar,660
/bbs/joke/index.html,joke,602
/bbs/Boy-Girl/index.html,Boy-Girl,596
/bbs/BabyMother/index.html,BabyMother,565
/bbs/PC_Shopping/index.html,PC_Shopping,531
/bbs/e-shopping/index.html,e-shopping,513
/bbs/Tennis/index.html,Tennis,497
/bbs/marvel/index.html,marvel,493
/bbs/Japan_Travel/index.html,Japan_Travel,485
/bbs/StupidClown/index.html,StupidClown,475
/bbs/Kaohsiung/index.html,Kaohsiung,468
/bbs/Hearthstone/index.html,Hearthstone,452
/bbs/Guardians/index.html,Guardians,446
/bbs/PlayStation/index.html,PlayStation,434
/bbs/Lions/index.html,Lions,390
/bbs/MakeUp/index.html,MakeUp,387
/bbs/marriage/index.html,marriage,382
/bbs/KoreaDrama/index.html,KoreaDrama,379
/bbs/Steam/index.html,Steam,379
/bbs/AllTogether/index.html,AllTogether,369
/bbs/KanColle/index.html,KanColle,364
/bbs/creditcard/index.html,creditcard,343
/bbs/Tainan/index.html,Tainan,334
/bbs/Monkeys/index.html,Monkeys,327
/bbs/SportLottery/index.html,SportLottery,308
/bbs/home-sale/index.html,home-sale,307
/bbs/NSwitch/index.html,NSwitch,274
/bbs/TaichungBun/index.html,TaichungBun,274
/bbs/EAseries/index.html,EAseries,274
/bbs/japanavgirls/index.html,japanavgirls,266
/bbs/CFantasy/index.html,CFantasy,263
/bbs/FATE_GO/index.html,FATE_GO,252
/bbs/iOS/index.html,iOS,235
/bbs/ONE_PIECE/index.html,ONE_PIECE,230
/bbs/PCReDive/index.html,PCReDive,226
/bbs/BeautySalon/index.html,BeautySalon,222
/bbs/HardwareSale/index.html,HardwareSale,212
/bbs/CVS/index.html,CVS,211
/bbs/studyteacher/index.html,studyteacher,208
/bbs/basketballTW/index.html,basketballTW,203
/bbs/Japandrama/index.html,Japandrama,201
/bbs/BuyTogether/index.html,BuyTogether,199
/bbs/PokemonGO/index.html,PokemonGO,198
/bbs/AC_In/index.html,AC_In,194
/bbs/NBA_Film/index.html,NBA_Film,180
/bbs/Hsinchu/index.html,Hsinchu,174
/bbs/Salary/index.html,Salary,173
/bbs/KoreanPop/index.html,KoreanPop,167
/bbs/PuzzleDragon/index.html,PuzzleDragon,165
/bbs/YuanChuang/index.html,YuanChuang,164
/bbs/Food/index.html,Food,164
/bbs/WOW/index.html,WOW,156
/bbs/mobilesales/index.html,mobilesales,155
/bbs/biker/index.html,biker,153
/bbs/Examination/index.html,Examination,147
/bbs/MuscleBeach/index.html,MuscleBeach,139
/bbs/TWICE/index.html,TWICE,139
/bbs/Aviation/index.html,Aviation,135
/bbs/Palmar_Drama/index.html,Palmar_Drama,135
/bbs/MH/index.html,MH,132
/bbs/tabletennis/index.html,tabletennis,132
/bbs/Headphone/index.html,Headphone,129
/bbs/GetMarry/index.html,GetMarry,129
/bbs/Gamesale/index.html,Gamesale,127
/bbs/China-Drama/index.html,China-Drama,127
/bbs/GBF/index.html,GBF,127
/bbs/part-time/index.html,part-time,123
/bbs/MLB/index.html,MLB,122
/bbs/Soft_Job/index.html,Soft_Job,120
/bbs/MayDay/index.html,MayDay,120
/bbs/IZONE/index.html,IZONE,112
/bbs/TaiwanDrama/index.html,TaiwanDrama,112
/bbs/Finance/index.html,Finance,109
/bbs/BTS/index.html,BTS,108
/bbs/TypeMoon/index.html,TypeMoon,107
/bbs/CarShop/index.html,CarShop,103
/bbs/Nogizaka46/index.html,Nogizaka46,102
/bbs/MobilePay/index.html,MobilePay,102
/bbs/cat/index.html,cat,101
/bbs/DSLR/index.html,DSLR,98
/bbs/watch/index.html,watch,94
/bbs/fastfood/index.html,fastfood,93
/bbs/cookclub/index.html,cookclub,93
/bbs/forsale/index.html,forsale,93
/bbs/PublicServan/index.html,PublicServan,89
/bbs/medstudent/index.html,medstudent,89
/bbs/DMM_GAMES/index.html,DMM_GAMES,89
/bbs/gay/index.html,gay,89
/bbs/Military/index.html,Military,89
/bbs/Wanted/index.html,Wanted,87
/bbs/Mobile-game/index.html,Mobile-game,85
/bbs/lesbian/index.html,lesbian,85
/bbs/AKB48/index.html,AKB48,81
/bbs/Key_Mou_Pad/index.html,Key_Mou_Pad,80
/bbs/HelpBuy/index.html,HelpBuy,80
/bbs/MacShop/index.html,MacShop,79
/bbs/Gov_owned/index.html,Gov_owned,78
/bbs/StarCraft/index.html,StarCraft,78
/bbs/nb-shopping/index.html,nb-shopping,77
/bbs/hypermall/index.html,hypermall,77
/bbs/Drama-Ticket/index.html,Drama-Ticket,75
/bbs/RealmOfValor/index.html,RealmOfValor,75
/bbs/FITNESS/index.html,FITNESS,74
/bbs/TW_Entertain/index.html,TW_Entertain,73
/bbs/EXO/index.html,EXO,68
/bbs/ChungLi/index.html,ChungLi,68
/bbs/SuperJunior/index.html,SuperJunior,65
/bbs/BB-Love/index.html,BB-Love,64
/bbs/give/index.html,give,63
/bbs/Teacher/index.html,Teacher,63
