﻿/bbs/Gossiping/index.html,Gossiping,17305
/bbs/Baseball/index.html,Baseball,5396
/bbs/C_Chat/index.html,C_Chat,3152
/bbs/NBA/index.html,NBA,2868
/bbs/HatePolitics/index.html,HatePolitics,2831
/bbs/Stock/index.html,Stock,1495
/bbs/movie/index.html,movie,1429
/bbs/MobileComm/index.html,MobileComm,1125
/bbs/Lifeismoney/index.html,Lifeismoney,1070
/bbs/sex/index.html,sex,1064
/bbs/LoL/index.html,LoL,922
/bbs/KR_Entertain/index.html,KR_Entertain,859
/bbs/car/index.html,car,833
/bbs/Tech_Job/index.html,Tech_Job,824
/bbs/Beauty/index.html,Beauty,780
/bbs/WomenTalk/index.html,WomenTalk,745
/bbs/ToS/index.html,ToS,744
/bbs/BabyMother/index.html,BabyMother,693
/bbs/Boy-Girl/index.html,Boy-Girl,645
/bbs/PC_Shopping/index.html,PC_Shopping,633
/bbs/e-shopping/index.html,e-shopping,560
/bbs/marvel/index.html,marvel,549
/bbs/KoreaStar/index.html,KoreaStar,522
/bbs/Japan_Travel/index.html,Japan_Travel,502
/bbs/marriage/index.html,marriage,478
/bbs/joke/index.html,joke,420
/bbs/KoreaDrama/index.html,KoreaDrama,417
/bbs/SportLottery/index.html,SportLottery,410
/bbs/creditcard/index.html,creditcard,406
/bbs/AllTogether/index.html,AllTogether,404
/bbs/PlayStation/index.html,PlayStation,393
/bbs/KanColle/index.html,KanColle,378
/bbs/MakeUp/index.html,MakeUp,363
/bbs/Steam/index.html,Steam,363
/bbs/Kaohsiung/index.html,Kaohsiung,363
/bbs/Tainan/index.html,Tainan,350
/bbs/StupidClown/index.html,StupidClown,348
/bbs/japanavgirls/index.html,japanavgirls,340
/bbs/home-sale/index.html,home-sale,330
/bbs/basketballTW/index.html,basketballTW,321
/bbs/CFantasy/index.html,CFantasy,303
/bbs/Hearthstone/index.html,Hearthstone,299
/bbs/ONE_PIECE/index.html,ONE_PIECE,287
/bbs/NSwitch/index.html,NSwitch,284
/bbs/FATE_GO/index.html,FATE_GO,281
/bbs/EAseries/index.html,EAseries,271
/bbs/PokemonGO/index.html,PokemonGO,247
/bbs/Tennis/index.html,Tennis,242
/bbs/iOS/index.html,iOS,240
/bbs/PCReDive/index.html,PCReDive,235
/bbs/TaichungBun/index.html,TaichungBun,233
/bbs/Japandrama/index.html,Japandrama,216
/bbs/HardwareSale/index.html,HardwareSale,209
/bbs/BeautySalon/index.html,BeautySalon,201
/bbs/AC_In/index.html,AC_In,198
/bbs/Elephants/index.html,Elephants,189
/bbs/BuyTogether/index.html,BuyTogether,185
/bbs/CVS/index.html,CVS,180
/bbs/studyteacher/index.html,studyteacher,174
/bbs/Salary/index.html,Salary,171
/bbs/NBA_Film/index.html,NBA_Film,171
/bbs/Examination/index.html,Examination,168
/bbs/Food/index.html,Food,161
/bbs/WOW/index.html,WOW,158
/bbs/Hsinchu/index.html,Hsinchu,157
/bbs/Monkeys/index.html,Monkeys,154
/bbs/MuscleBeach/index.html,MuscleBeach,151
/bbs/Aviation/index.html,Aviation,145
/bbs/biker/index.html,biker,145
/bbs/YuanChuang/index.html,YuanChuang,144
/bbs/PuzzleDragon/index.html,PuzzleDragon,141
/bbs/TWICE/index.html,TWICE,141
/bbs/KoreanPop/index.html,KoreanPop,139
/bbs/MobilePay/index.html,MobilePay,139
/bbs/Soft_Job/index.html,Soft_Job,137
/bbs/MLB/index.html,MLB,137
/bbs/TaiwanDrama/index.html,TaiwanDrama,136
/bbs/MayDay/index.html,MayDay,129
/bbs/Headphone/index.html,Headphone,126
/bbs/mobilesales/index.html,mobilesales,123
/bbs/Palmar_Drama/index.html,Palmar_Drama,121
/bbs/Gamesale/index.html,Gamesale,117
/bbs/cat/index.html,cat,117
/bbs/BTS/index.html,BTS,117
/bbs/GetMarry/index.html,GetMarry,111
/bbs/GBF/index.html,GBF,110
/bbs/part-time/index.html,part-time,109
/bbs/China-Drama/index.html,China-Drama,108
/bbs/Drama-Ticket/index.html,Drama-Ticket,107
/bbs/Finance/index.html,Finance,105
/bbs/Key_Mou_Pad/index.html,Key_Mou_Pad,99
/bbs/Gov_owned/index.html,Gov_owned,97
/bbs/PublicServan/index.html,PublicServan,96
/bbs/DMM_GAMES/index.html,DMM_GAMES,96
/bbs/medstudent/index.html,medstudent,91
/bbs/CarShop/index.html,CarShop,89
/bbs/Mobile-game/index.html,Mobile-game,88
/bbs/Guardians/index.html,Guardians,88
/bbs/gay/index.html,gay,88
/bbs/fastfood/index.html,fastfood,87
/bbs/StarCraft/index.html,StarCraft,87
/bbs/cookclub/index.html,cookclub,86
/bbs/AKB48/index.html,AKB48,83
/bbs/FITNESS/index.html,FITNESS,83
/bbs/Wanted/index.html,Wanted,82
/bbs/forsale/index.html,forsale,81
/bbs/Military/index.html,Military,80
/bbs/HelpBuy/index.html,HelpBuy,79
/bbs/DSLR/index.html,DSLR,78
/bbs/Brand/index.html,Brand,78
/bbs/nb-shopping/index.html,nb-shopping,76
/bbs/graduate/index.html,graduate,74
/bbs/DIABLO/index.html,DIABLO,74
/bbs/IZONE/index.html,IZONE,73
/bbs/MacShop/index.html,MacShop,73
/bbs/watch/index.html,watch,73
/bbs/TW_Entertain/index.html,TW_Entertain,73
/bbs/ChangHua/index.html,ChangHua,72
/bbs/E-appliance/index.html,E-appliance,71
/bbs/Lakers/index.html,Lakers,70
/bbs/give/index.html,give,69
/bbs/hypermall/index.html,hypermall,69
/bbs/feminine_sex/index.html,feminine_sex,69
/bbs/tabletennis/index.html,tabletennis,68
/bbs/DC_SALE/index.html,DC_SALE,67
/bbs/SuperJunior/index.html,SuperJunior,66
/bbs/lesbian/index.html,lesbian,66
/bbs/Nogizaka46/index.html,Nogizaka46,65
