﻿/bbs/Gossiping/index.html,Gossiping,18710
/bbs/Baseball/index.html,Baseball,4854
/bbs/HatePolitics/index.html,HatePolitics,3185
/bbs/NBA/index.html,NBA,3020
/bbs/C_Chat/index.html,C_Chat,2956
/bbs/movie/index.html,movie,1663
/bbs/Stock/index.html,Stock,1477
/bbs/LoL/index.html,LoL,1334
/bbs/Elephants/index.html,Elephants,1310
/bbs/Lifeismoney/index.html,Lifeismoney,1238
/bbs/MobileComm/index.html,MobileComm,1188
/bbs/KR_Entertain/index.html,KR_Entertain,895
/bbs/sex/index.html,sex,872
/bbs/car/index.html,car,787
/bbs/WomenTalk/index.html,WomenTalk,757
/bbs/ToS/index.html,ToS,755
/bbs/Beauty/index.html,Beauty,710
/bbs/Tech_Job/index.html,Tech_Job,699
/bbs/joke/index.html,joke,646
/bbs/Boy-Girl/index.html,Boy-Girl,623
/bbs/KoreaStar/index.html,KoreaStar,613
/bbs/BabyMother/index.html,BabyMother,590
/bbs/Tennis/index.html,Tennis,585
/bbs/PC_Shopping/index.html,PC_Shopping,556
/bbs/e-shopping/index.html,e-shopping,538
/bbs/Monkeys/index.html,Monkeys,515
/bbs/Hearthstone/index.html,Hearthstone,514
/bbs/marvel/index.html,marvel,499
/bbs/Guardians/index.html,Guardians,475
/bbs/Japan_Travel/index.html,Japan_Travel,474
/bbs/Kaohsiung/index.html,Kaohsiung,467
/bbs/StupidClown/index.html,StupidClown,462
/bbs/marriage/index.html,marriage,429
/bbs/MakeUp/index.html,MakeUp,407
/bbs/KoreaDrama/index.html,KoreaDrama,395
/bbs/PlayStation/index.html,PlayStation,388
/bbs/AllTogether/index.html,AllTogether,380
/bbs/Steam/index.html,Steam,377
/bbs/Lions/index.html,Lions,372
/bbs/KanColle/index.html,KanColle,360
/bbs/creditcard/index.html,creditcard,357
/bbs/Tainan/index.html,Tainan,335
/bbs/home-sale/index.html,home-sale,306
/bbs/SportLottery/index.html,SportLottery,305
/bbs/TaichungBun/index.html,TaichungBun,272
/bbs/CFantasy/index.html,CFantasy,268
/bbs/NSwitch/index.html,NSwitch,263
/bbs/EAseries/index.html,EAseries,260
/bbs/japanavgirls/index.html,japanavgirls,254
/bbs/iOS/index.html,iOS,246
/bbs/FATE_GO/index.html,FATE_GO,235
/bbs/ONE_PIECE/index.html,ONE_PIECE,235
/bbs/BeautySalon/index.html,BeautySalon,231
/bbs/CVS/index.html,CVS,225
/bbs/PCReDive/index.html,PCReDive,221
/bbs/Japandrama/index.html,Japandrama,218
/bbs/studyteacher/index.html,studyteacher,216
/bbs/HardwareSale/index.html,HardwareSale,207
/bbs/BuyTogether/index.html,BuyTogether,204
/bbs/PokemonGO/index.html,PokemonGO,197
/bbs/Hsinchu/index.html,Hsinchu,188
/bbs/AC_In/index.html,AC_In,185
/bbs/KoreanPop/index.html,KoreanPop,180
/bbs/basketballTW/index.html,basketballTW,175
/bbs/NBA_Film/index.html,NBA_Film,170
/bbs/Examination/index.html,Examination,168
/bbs/Food/index.html,Food,163
/bbs/YuanChuang/index.html,YuanChuang,162
/bbs/WOW/index.html,WOW,159
/bbs/Salary/index.html,Salary,157
/bbs/PuzzleDragon/index.html,PuzzleDragon,156
/bbs/MuscleBeach/index.html,MuscleBeach,146
/bbs/Palmar_Drama/index.html,Palmar_Drama,144
/bbs/Aviation/index.html,Aviation,142
/bbs/GBF/index.html,GBF,142
/bbs/TWICE/index.html,TWICE,139
/bbs/biker/index.html,biker,138
/bbs/Gamesale/index.html,Gamesale,136
/bbs/mobilesales/index.html,mobilesales,136
/bbs/MH/index.html,MH,130
/bbs/China-Drama/index.html,China-Drama,130
/bbs/IZONE/index.html,IZONE,130
/bbs/cat/index.html,cat,130
/bbs/Soft_Job/index.html,Soft_Job,129
/bbs/Headphone/index.html,Headphone,128
/bbs/TaiwanDrama/index.html,TaiwanDrama,128
/bbs/GetMarry/index.html,GetMarry,125
/bbs/MLB/index.html,MLB,122
/bbs/part-time/index.html,part-time,115
/bbs/MayDay/index.html,MayDay,115
/bbs/PublicServan/index.html,PublicServan,110
/bbs/MobilePay/index.html,MobilePay,108
/bbs/Finance/index.html,Finance,107
/bbs/gay/index.html,gay,107
/bbs/TypeMoon/index.html,TypeMoon,106
/bbs/tabletennis/index.html,tabletennis,104
/bbs/DSLR/index.html,DSLR,102
/bbs/BTS/index.html,BTS,101
/bbs/forsale/index.html,forsale,101
/bbs/Mobile-game/index.html,Mobile-game,99
/bbs/Wanted/index.html,Wanted,95
/bbs/Key_Mou_Pad/index.html,Key_Mou_Pad,92
/bbs/Gov_owned/index.html,Gov_owned,92
/bbs/DMM_GAMES/index.html,DMM_GAMES,91
/bbs/cookclub/index.html,cookclub,90
/bbs/CarShop/index.html,CarShop,89
/bbs/Nogizaka46/index.html,Nogizaka46,89
/bbs/EXO/index.html,EXO,88
/bbs/lesbian/index.html,lesbian,88
/bbs/Military/index.html,Military,88
/bbs/medstudent/index.html,medstudent,87
/bbs/MacShop/index.html,MacShop,86
/bbs/StarCraft/index.html,StarCraft,83
/bbs/watch/index.html,watch,82
/bbs/AKB48/index.html,AKB48,80
/bbs/TW_Entertain/index.html,TW_Entertain,80
/bbs/give/index.html,give,78
/bbs/fastfood/index.html,fastfood,78
/bbs/hypermall/index.html,hypermall,78
/bbs/graduate/index.html,graduate,76
/bbs/FITNESS/index.html,FITNESS,74
/bbs/HelpBuy/index.html,HelpBuy,73
/bbs/RealmOfValor/index.html,RealmOfValor,70
/bbs/Drama-Ticket/index.html,Drama-Ticket,69
/bbs/job/index.html,job,69
/bbs/ChungLi/index.html,ChungLi,67
/bbs/IdolMaster/index.html,IdolMaster,65
/bbs/nb-shopping/index.html,nb-shopping,63
