﻿/bbs/Gossiping/index.html,Gossiping,16510
/bbs/NBA/index.html,NBA,4005
/bbs/C_Chat/index.html,C_Chat,3181
/bbs/Baseball/index.html,Baseball,3023
/bbs/HatePolitics/index.html,HatePolitics,2028
/bbs/Stock/index.html,Stock,1646
/bbs/movie/index.html,movie,1351
/bbs/MobileComm/index.html,MobileComm,1235
/bbs/sex/index.html,sex,1119
/bbs/car/index.html,car,1029
/bbs/Lifeismoney/index.html,Lifeismoney,1009
/bbs/KR_Entertain/index.html,KR_Entertain,911
/bbs/LoL/index.html,LoL,909
/bbs/Beauty/index.html,Beauty,846
/bbs/WomenTalk/index.html,WomenTalk,792
/bbs/ToS/index.html,ToS,779
/bbs/Tech_Job/index.html,Tech_Job,778
/bbs/Boy-Girl/index.html,Boy-Girl,702
/bbs/BabyMother/index.html,BabyMother,607
/bbs/marvel/index.html,marvel,586
/bbs/PC_Shopping/index.html,PC_Shopping,548
/bbs/KoreaStar/index.html,KoreaStar,541
/bbs/e-shopping/index.html,e-shopping,523
/bbs/creditcard/index.html,creditcard,505
/bbs/joke/index.html,joke,488
/bbs/Japan_Travel/index.html,Japan_Travel,446
/bbs/AllTogether/index.html,AllTogether,435
/bbs/PlayStation/index.html,PlayStation,431
/bbs/SportLottery/index.html,SportLottery,427
/bbs/marriage/index.html,marriage,391
/bbs/KoreaDrama/index.html,KoreaDrama,373
/bbs/Kaohsiung/index.html,Kaohsiung,369
/bbs/Tainan/index.html,Tainan,363
/bbs/MakeUp/index.html,MakeUp,357
/bbs/Steam/index.html,Steam,355
/bbs/japanavgirls/index.html,japanavgirls,346
/bbs/StupidClown/index.html,StupidClown,332
/bbs/Tennis/index.html,Tennis,317
/bbs/KanColle/index.html,KanColle,311
/bbs/FATE_GO/index.html,FATE_GO,306
/bbs/Hearthstone/index.html,Hearthstone,295
/bbs/ONE_PIECE/index.html,ONE_PIECE,294
/bbs/EAseries/index.html,EAseries,284
/bbs/PokemonGO/index.html,PokemonGO,280
/bbs/TaichungBun/index.html,TaichungBun,279
/bbs/home-sale/index.html,home-sale,278
/bbs/CFantasy/index.html,CFantasy,261
/bbs/NSwitch/index.html,NSwitch,254
/bbs/PCReDive/index.html,PCReDive,247
/bbs/iOS/index.html,iOS,233
/bbs/BeautySalon/index.html,BeautySalon,213
/bbs/HardwareSale/index.html,HardwareSale,193
/bbs/CVS/index.html,CVS,185
/bbs/Salary/index.html,Salary,182
/bbs/Elephants/index.html,Elephants,182
/bbs/AC_In/index.html,AC_In,178
/bbs/Japandrama/index.html,Japandrama,174
/bbs/PuzzleDragon/index.html,PuzzleDragon,172
/bbs/basketballTW/index.html,basketballTW,172
/bbs/WOW/index.html,WOW,167
/bbs/MuscleBeach/index.html,MuscleBeach,164
/bbs/BuyTogether/index.html,BuyTogether,163
/bbs/NBA_Film/index.html,NBA_Film,161
/bbs/Examination/index.html,Examination,154
/bbs/Food/index.html,Food,148
/bbs/GBF/index.html,GBF,146
/bbs/Hsinchu/index.html,Hsinchu,145
/bbs/Soft_Job/index.html,Soft_Job,143
/bbs/Palmar_Drama/index.html,Palmar_Drama,143
/bbs/YuanChuang/index.html,YuanChuang,142
/bbs/MobilePay/index.html,MobilePay,140
/bbs/mobilesales/index.html,mobilesales,134
/bbs/studyteacher/index.html,studyteacher,134
/bbs/cat/index.html,cat,134
/bbs/Headphone/index.html,Headphone,133
/bbs/Aviation/index.html,Aviation,132
/bbs/China-Drama/index.html,China-Drama,127
/bbs/MayDay/index.html,MayDay,127
/bbs/KoreanPop/index.html,KoreanPop,126
/bbs/biker/index.html,biker,124
/bbs/Monkeys/index.html,Monkeys,122
/bbs/Gamesale/index.html,Gamesale,120
/bbs/MLB/index.html,MLB,117
/bbs/TaiwanDrama/index.html,TaiwanDrama,114
/bbs/part-time/index.html,part-time,113
/bbs/DSLR/index.html,DSLR,111
/bbs/StarCraft/index.html,StarCraft,111
/bbs/TWICE/index.html,TWICE,107
/bbs/CarShop/index.html,CarShop,102
/bbs/GetMarry/index.html,GetMarry,102
/bbs/DMM_GAMES/index.html,DMM_GAMES,102
/bbs/lesbian/index.html,lesbian,98
/bbs/BTS/index.html,BTS,96
/bbs/Finance/index.html,Finance,95
/bbs/forsale/index.html,forsale,95
/bbs/graduate/index.html,graduate,92
/bbs/medstudent/index.html,medstudent,90
/bbs/gay/index.html,gay,90
/bbs/TW_Entertain/index.html,TW_Entertain,90
/bbs/tabletennis/index.html,tabletennis,88
/bbs/Military/index.html,Military,87
/bbs/FITNESS/index.html,FITNESS,86
/bbs/fastfood/index.html,fastfood,83
/bbs/watch/index.html,watch,80
/bbs/PublicServan/index.html,PublicServan,78
/bbs/IZONE/index.html,IZONE,77
/bbs/Brand/index.html,Brand,77
/bbs/Wanted/index.html,Wanted,77
/bbs/Mobile-game/index.html,Mobile-game,76
/bbs/Drama-Ticket/index.html,Drama-Ticket,76
/bbs/Gov_owned/index.html,Gov_owned,76
/bbs/HelpBuy/index.html,HelpBuy,74
/bbs/feminine_sex/index.html,feminine_sex,74
/bbs/DIABLO/index.html,DIABLO,74
/bbs/give/index.html,give,72
/bbs/DC_SALE/index.html,DC_SALE,71
/bbs/RealmOfValor/index.html,RealmOfValor,71
/bbs/nb-shopping/index.html,nb-shopping,70
/bbs/Taoyuan/index.html,Taoyuan,70
/bbs/Key_Mou_Pad/index.html,Key_Mou_Pad,67
/bbs/PathofExile/index.html,PathofExile,67
/bbs/AKB48/index.html,AKB48,66
/bbs/MH/index.html,MH,66
/bbs/SuperJunior/index.html,SuperJunior,66
/bbs/Guardians/index.html,Guardians,64
/bbs/TypeMoon/index.html,TypeMoon,62
/bbs/MacShop/index.html,MacShop,62
/bbs/LGBT_SEX/index.html,LGBT_SEX,61
