﻿/bbs/Gossiping/index.html,Gossiping,19514
/bbs/Baseball/index.html,Baseball,4252
/bbs/HatePolitics/index.html,HatePolitics,3277
/bbs/NBA/index.html,NBA,3012
/bbs/C_Chat/index.html,C_Chat,2922
/bbs/movie/index.html,movie,1647
/bbs/Stock/index.html,Stock,1488
/bbs/LoL/index.html,LoL,1254
/bbs/MobileComm/index.html,MobileComm,1209
/bbs/Lifeismoney/index.html,Lifeismoney,1174
/bbs/Elephants/index.html,Elephants,981
/bbs/sex/index.html,sex,945
/bbs/KR_Entertain/index.html,KR_Entertain,837
/bbs/car/index.html,car,758
/bbs/Tech_Job/index.html,Tech_Job,738
/bbs/WomenTalk/index.html,WomenTalk,729
/bbs/ToS/index.html,ToS,722
/bbs/Beauty/index.html,Beauty,675
/bbs/KoreaStar/index.html,KoreaStar,641
/bbs/Boy-Girl/index.html,Boy-Girl,634
/bbs/PC_Shopping/index.html,PC_Shopping,587
/bbs/BabyMother/index.html,BabyMother,556
/bbs/e-shopping/index.html,e-shopping,539
/bbs/joke/index.html,joke,516
/bbs/marvel/index.html,marvel,513
/bbs/Japan_Travel/index.html,Japan_Travel,493
/bbs/Hearthstone/index.html,Hearthstone,490
/bbs/StupidClown/index.html,StupidClown,471
/bbs/Kaohsiung/index.html,Kaohsiung,471
/bbs/Tennis/index.html,Tennis,468
/bbs/Guardians/index.html,Guardians,447
/bbs/PlayStation/index.html,PlayStation,398
/bbs/marriage/index.html,marriage,390
/bbs/KoreaDrama/index.html,KoreaDrama,389
/bbs/Steam/index.html,Steam,383
/bbs/AllTogether/index.html,AllTogether,378
/bbs/MakeUp/index.html,MakeUp,377
/bbs/Monkeys/index.html,Monkeys,371
/bbs/KanColle/index.html,KanColle,369
/bbs/creditcard/index.html,creditcard,356
/bbs/Tainan/index.html,Tainan,353
/bbs/SportLottery/index.html,SportLottery,305
/bbs/Lions/index.html,Lions,297
/bbs/home-sale/index.html,home-sale,296
/bbs/japanavgirls/index.html,japanavgirls,291
/bbs/TaichungBun/index.html,TaichungBun,288
/bbs/FATE_GO/index.html,FATE_GO,278
/bbs/CFantasy/index.html,CFantasy,264
/bbs/EAseries/index.html,EAseries,263
/bbs/NSwitch/index.html,NSwitch,258
/bbs/iOS/index.html,iOS,251
/bbs/ONE_PIECE/index.html,ONE_PIECE,240
/bbs/PCReDive/index.html,PCReDive,239
/bbs/basketballTW/index.html,basketballTW,231
/bbs/studyteacher/index.html,studyteacher,217
/bbs/HardwareSale/index.html,HardwareSale,216
/bbs/Japandrama/index.html,Japandrama,216
/bbs/BeautySalon/index.html,BeautySalon,201
/bbs/BuyTogether/index.html,BuyTogether,200
/bbs/CVS/index.html,CVS,195
/bbs/PokemonGO/index.html,PokemonGO,185
/bbs/AC_In/index.html,AC_In,181
/bbs/Food/index.html,Food,179
/bbs/Hsinchu/index.html,Hsinchu,178
/bbs/Salary/index.html,Salary,175
/bbs/NBA_Film/index.html,NBA_Film,175
/bbs/KoreanPop/index.html,KoreanPop,171
/bbs/biker/index.html,biker,166
/bbs/PuzzleDragon/index.html,PuzzleDragon,157
/bbs/Examination/index.html,Examination,156
/bbs/MuscleBeach/index.html,MuscleBeach,154
/bbs/TWICE/index.html,TWICE,151
/bbs/YuanChuang/index.html,YuanChuang,148
/bbs/WOW/index.html,WOW,146
/bbs/Aviation/index.html,Aviation,145
/bbs/Gamesale/index.html,Gamesale,141
/bbs/Soft_Job/index.html,Soft_Job,132
/bbs/Palmar_Drama/index.html,Palmar_Drama,132
/bbs/mobilesales/index.html,mobilesales,130
/bbs/MayDay/index.html,MayDay,129
/bbs/China-Drama/index.html,China-Drama,125
/bbs/MH/index.html,MH,122
/bbs/GetMarry/index.html,GetMarry,122
/bbs/MLB/index.html,MLB,121
/bbs/BTS/index.html,BTS,119
/bbs/Headphone/index.html,Headphone,118
/bbs/MobilePay/index.html,MobilePay,116
/bbs/IZONE/index.html,IZONE,116
/bbs/GBF/index.html,GBF,116
/bbs/DSLR/index.html,DSLR,114
/bbs/part-time/index.html,part-time,112
/bbs/Finance/index.html,Finance,110
/bbs/cat/index.html,cat,109
/bbs/TaiwanDrama/index.html,TaiwanDrama,109
/bbs/CarShop/index.html,CarShop,106
/bbs/tabletennis/index.html,tabletennis,102
/bbs/PublicServan/index.html,PublicServan,97
/bbs/Nogizaka46/index.html,Nogizaka46,95
/bbs/cookclub/index.html,cookclub,95
/bbs/watch/index.html,watch,93
/bbs/TypeMoon/index.html,TypeMoon,90
/bbs/HelpBuy/index.html,HelpBuy,89
/bbs/fastfood/index.html,fastfood,89
/bbs/Mobile-game/index.html,Mobile-game,86
/bbs/AKB48/index.html,AKB48,85
/bbs/DMM_GAMES/index.html,DMM_GAMES,85
/bbs/lesbian/index.html,lesbian,85
/bbs/forsale/index.html,forsale,85
/bbs/Key_Mou_Pad/index.html,Key_Mou_Pad,84
/bbs/MacShop/index.html,MacShop,84
/bbs/Military/index.html,Military,83
/bbs/Wanted/index.html,Wanted,81
/bbs/medstudent/index.html,medstudent,81
/bbs/SuperJunior/index.html,SuperJunior,80
/bbs/StarCraft/index.html,StarCraft,80
/bbs/TW_Entertain/index.html,TW_Entertain,80
/bbs/give/index.html,give,76
/bbs/Drama-Ticket/index.html,Drama-Ticket,74
/bbs/Gov_owned/index.html,Gov_owned,74
/bbs/gay/index.html,gay,71
/bbs/nb-shopping/index.html,nb-shopping,70
/bbs/FITNESS/index.html,FITNESS,68
/bbs/DC_SALE/index.html,DC_SALE,67
/bbs/IdolMaster/index.html,IdolMaster,67
/bbs/PathofExile/index.html,PathofExile,67
/bbs/hypermall/index.html,hypermall,67
/bbs/E-appliance/index.html,E-appliance,64
/bbs/RealmOfValor/index.html,RealmOfValor,64
