﻿/bbs/Gossiping/index.html,Gossiping,12062
/bbs/NBA/index.html,NBA,3195
/bbs/C_Chat/index.html,C_Chat,2333
/bbs/Baseball/index.html,Baseball,1827
/bbs/Stock/index.html,Stock,1654
/bbs/sex/index.html,sex,1471
/bbs/creditcard/index.html,creditcard,1463
/bbs/HatePolitics/index.html,HatePolitics,1253
/bbs/movie/index.html,movie,1028
/bbs/MobileComm/index.html,MobileComm,907
/bbs/Beauty/index.html,Beauty,877
/bbs/car/index.html,car,780
/bbs/Tech_Job/index.html,Tech_Job,748
/bbs/Boy-Girl/index.html,Boy-Girl,727
/bbs/Lifeismoney/index.html,Lifeismoney,712
/bbs/ToS/index.html,ToS,660
/bbs/BabyMother/index.html,BabyMother,627
/bbs/LoL/index.html,LoL,624
/bbs/KR_Entertain/index.html,KR_Entertain,600
/bbs/WomenTalk/index.html,WomenTalk,566
/bbs/PC_Shopping/index.html,PC_Shopping,487
/bbs/marvel/index.html,marvel,484
/bbs/e-shopping/index.html,e-shopping,449
/bbs/joke/index.html,joke,426
/bbs/KoreaStar/index.html,KoreaStar,397
/bbs/Japan_Travel/index.html,Japan_Travel,396
/bbs/AllTogether/index.html,AllTogether,383
/bbs/PlayStation/index.html,PlayStation,361
/bbs/marriage/index.html,marriage,346
/bbs/Tennis/index.html,Tennis,335
/bbs/Tainan/index.html,Tainan,311
/bbs/Steam/index.html,Steam,297
/bbs/Kaohsiung/index.html,Kaohsiung,291
/bbs/japanavgirls/index.html,japanavgirls,283
/bbs/SportLottery/index.html,SportLottery,282
/bbs/FATE_GO/index.html,FATE_GO,257
/bbs/home-sale/index.html,home-sale,257
/bbs/Hearthstone/index.html,Hearthstone,255
/bbs/ONE_PIECE/index.html,ONE_PIECE,254
/bbs/TaichungBun/index.html,TaichungBun,239
/bbs/KanColle/index.html,KanColle,236
/bbs/MakeUp/index.html,MakeUp,231
/bbs/NSwitch/index.html,NSwitch,225
/bbs/KoreaDrama/index.html,KoreaDrama,222
/bbs/PCReDive/index.html,PCReDive,221
/bbs/StupidClown/index.html,StupidClown,205
/bbs/PokemonGO/index.html,PokemonGO,204
/bbs/CFantasy/index.html,CFantasy,199
/bbs/EAseries/index.html,EAseries,199
/bbs/iOS/index.html,iOS,196
/bbs/Salary/index.html,Salary,187
/bbs/AC_In/index.html,AC_In,177
/bbs/Elephants/index.html,Elephants,174
/bbs/BuyTogether/index.html,BuyTogether,173
/bbs/BeautySalon/index.html,BeautySalon,166
/bbs/NBA_Film/index.html,NBA_Film,164
/bbs/HardwareSale/index.html,HardwareSale,161
/bbs/CVS/index.html,CVS,154
/bbs/NY-Yankees/index.html,NY-Yankees,148
/bbs/WOW/index.html,WOW,132
/bbs/Japandrama/index.html,Japandrama,132
/bbs/Hsinchu/index.html,Hsinchu,124
/bbs/Aviation/index.html,Aviation,124
/bbs/Palmar_Drama/index.html,Palmar_Drama,122
/bbs/YuanChuang/index.html,YuanChuang,119
/bbs/PuzzleDragon/index.html,PuzzleDragon,119
/bbs/mobilesales/index.html,mobilesales,118
/bbs/MuscleBeach/index.html,MuscleBeach,117
/bbs/MLB/index.html,MLB,117
/bbs/basketballTW/index.html,basketballTW,116
/bbs/TaiwanDrama/index.html,TaiwanDrama,115
/bbs/biker/index.html,biker,114
/bbs/Food/index.html,Food,111
/bbs/MobilePay/index.html,MobilePay,110
/bbs/Soft_Job/index.html,Soft_Job,108
/bbs/feminine_sex/index.html,feminine_sex,101
/bbs/Gamesale/index.html,Gamesale,97
/bbs/MayDay/index.html,MayDay,93
/bbs/studyteacher/index.html,studyteacher,91
/bbs/TWICE/index.html,TWICE,89
/bbs/gay/index.html,gay,87
/bbs/KoreanPop/index.html,KoreanPop,85
/bbs/Headphone/index.html,Headphone,85
/bbs/Examination/index.html,Examination,85
/bbs/cat/index.html,cat,84
/bbs/part-time/index.html,part-time,84
/bbs/DSLR/index.html,DSLR,81
/bbs/Military/index.html,Military,81
/bbs/forsale/index.html,forsale,80
/bbs/Finance/index.html,Finance,79
/bbs/CarShop/index.html,CarShop,78
/bbs/lesbian/index.html,lesbian,78
/bbs/China-Drama/index.html,China-Drama,76
/bbs/Option/index.html,Option,76
/bbs/watch/index.html,watch,75
/bbs/LGBT_SEX/index.html,LGBT_SEX,73
/bbs/PublicServan/index.html,PublicServan,71
/bbs/GetMarry/index.html,GetMarry,70
/bbs/FITNESS/index.html,FITNESS,69
/bbs/Key_Mou_Pad/index.html,Key_Mou_Pad,68
/bbs/IZONE/index.html,IZONE,68
/bbs/Wanted/index.html,Wanted,68
/bbs/Monkeys/index.html,Monkeys,67
/bbs/medstudent/index.html,medstudent,67
/bbs/Gov_owned/index.html,Gov_owned,66
/bbs/GBF/index.html,GBF,65
/bbs/AKB48/index.html,AKB48,64
/bbs/cookclub/index.html,cookclub,62
/bbs/TW_Entertain/index.html,TW_Entertain,61
/bbs/MH/index.html,MH,60
/bbs/DMM_GAMES/index.html,DMM_GAMES,60
/bbs/hypermall/index.html,hypermall,59
/bbs/Bank_Service/index.html,Bank_Service,58
/bbs/nb-shopping/index.html,nb-shopping,57
/bbs/MacShop/index.html,MacShop,57
/bbs/RealmOfValor/index.html,RealmOfValor,56
/bbs/job/index.html,job,56
/bbs/Mobile-game/index.html,Mobile-game,55
/bbs/points/index.html,points,55
/bbs/graduate/index.html,graduate,55
/bbs/PathofExile/index.html,PathofExile,54
/bbs/BTS/index.html,BTS,54
/bbs/TypeMoon/index.html,TypeMoon,52
/bbs/Taoyuan/index.html,Taoyuan,52
/bbs/DIABLO/index.html,DIABLO,52
/bbs/Guardians/index.html,Guardians,52
/bbs/SuperJunior/index.html,SuperJunior,50
/bbs/Chiayi/index.html,Chiayi,50
