﻿/bbs/Gossiping/index.html,Gossiping,17947
/bbs/Baseball/index.html,Baseball,6024
/bbs/NBA/index.html,NBA,3128
/bbs/C_Chat/index.html,C_Chat,2971
/bbs/HatePolitics/index.html,HatePolitics,2775
/bbs/Stock/index.html,Stock,1513
/bbs/movie/index.html,movie,1399
/bbs/MobileComm/index.html,MobileComm,1081
/bbs/sex/index.html,sex,1070
/bbs/Lifeismoney/index.html,Lifeismoney,1032
/bbs/LoL/index.html,LoL,905
/bbs/KR_Entertain/index.html,KR_Entertain,865
/bbs/car/index.html,car,817
/bbs/Tech_Job/index.html,Tech_Job,769
/bbs/ToS/index.html,ToS,755
/bbs/WomenTalk/index.html,WomenTalk,732
/bbs/Beauty/index.html,Beauty,700
/bbs/BabyMother/index.html,BabyMother,681
/bbs/PC_Shopping/index.html,PC_Shopping,626
/bbs/e-shopping/index.html,e-shopping,613
/bbs/Boy-Girl/index.html,Boy-Girl,602
/bbs/marvel/index.html,marvel,572
/bbs/KoreaStar/index.html,KoreaStar,548
/bbs/Japan_Travel/index.html,Japan_Travel,471
/bbs/basketballTW/index.html,basketballTW,468
/bbs/joke/index.html,joke,443
/bbs/marriage/index.html,marriage,438
/bbs/creditcard/index.html,creditcard,430
/bbs/SportLottery/index.html,SportLottery,414
/bbs/PlayStation/index.html,PlayStation,405
/bbs/AllTogether/index.html,AllTogether,403
/bbs/KoreaDrama/index.html,KoreaDrama,382
/bbs/MakeUp/index.html,MakeUp,382
/bbs/StupidClown/index.html,StupidClown,374
/bbs/Steam/index.html,Steam,364
/bbs/Kaohsiung/index.html,Kaohsiung,357
/bbs/KanColle/index.html,KanColle,347
/bbs/Hearthstone/index.html,Hearthstone,331
/bbs/Tainan/index.html,Tainan,325
/bbs/CFantasy/index.html,CFantasy,315
/bbs/japanavgirls/index.html,japanavgirls,307
/bbs/home-sale/index.html,home-sale,304
/bbs/NSwitch/index.html,NSwitch,269
/bbs/FATE_GO/index.html,FATE_GO,266
/bbs/Tennis/index.html,Tennis,265
/bbs/TaichungBun/index.html,TaichungBun,263
/bbs/PokemonGO/index.html,PokemonGO,262
/bbs/iOS/index.html,iOS,261
/bbs/EAseries/index.html,EAseries,253
/bbs/ONE_PIECE/index.html,ONE_PIECE,252
/bbs/Japandrama/index.html,Japandrama,218
/bbs/PCReDive/index.html,PCReDive,214
/bbs/HardwareSale/index.html,HardwareSale,204
/bbs/BeautySalon/index.html,BeautySalon,204
/bbs/BuyTogether/index.html,BuyTogether,197
/bbs/Elephants/index.html,Elephants,195
/bbs/CVS/index.html,CVS,192
/bbs/AC_In/index.html,AC_In,170
/bbs/studyteacher/index.html,studyteacher,169
/bbs/NBA_Film/index.html,NBA_Film,168
/bbs/Monkeys/index.html,Monkeys,159
/bbs/Salary/index.html,Salary,158
/bbs/MuscleBeach/index.html,MuscleBeach,157
/bbs/mobilesales/index.html,mobilesales,155
/bbs/TWICE/index.html,TWICE,152
/bbs/WOW/index.html,WOW,150
/bbs/PuzzleDragon/index.html,PuzzleDragon,149
/bbs/MayDay/index.html,MayDay,144
/bbs/Drama-Ticket/index.html,Drama-Ticket,143
/bbs/Examination/index.html,Examination,141
/bbs/biker/index.html,biker,139
/bbs/TaiwanDrama/index.html,TaiwanDrama,138
/bbs/YuanChuang/index.html,YuanChuang,137
/bbs/Food/index.html,Food,133
/bbs/Hsinchu/index.html,Hsinchu,131
/bbs/Palmar_Drama/index.html,Palmar_Drama,126
/bbs/Soft_Job/index.html,Soft_Job,125
/bbs/Gamesale/index.html,Gamesale,124
/bbs/GBF/index.html,GBF,124
/bbs/Aviation/index.html,Aviation,123
/bbs/MobilePay/index.html,MobilePay,120
/bbs/Headphone/index.html,Headphone,120
/bbs/MLB/index.html,MLB,118
/bbs/China-Drama/index.html,China-Drama,117
/bbs/KoreanPop/index.html,KoreanPop,116
/bbs/BTS/index.html,BTS,113
/bbs/StarCraft/index.html,StarCraft,112
/bbs/GetMarry/index.html,GetMarry,111
/bbs/cat/index.html,cat,110
/bbs/tabletennis/index.html,tabletennis,110
/bbs/Wanted/index.html,Wanted,102
/bbs/HelpBuy/index.html,HelpBuy,99
/bbs/part-time/index.html,part-time,99
/bbs/DMM_GAMES/index.html,DMM_GAMES,98
/bbs/gay/index.html,gay,97
/bbs/CarShop/index.html,CarShop,95
/bbs/forsale/index.html,forsale,94
/bbs/lesbian/index.html,lesbian,93
/bbs/Finance/index.html,Finance,91
/bbs/Gov_owned/index.html,Gov_owned,90
/bbs/medstudent/index.html,medstudent,89
/bbs/Mobile-game/index.html,Mobile-game,88
/bbs/Key_Mou_Pad/index.html,Key_Mou_Pad,88
/bbs/graduate/index.html,graduate,87
/bbs/fastfood/index.html,fastfood,84
/bbs/hypermall/index.html,hypermall,83
/bbs/SuperJunior/index.html,SuperJunior,82
/bbs/watch/index.html,watch,82
/bbs/E-appliance/index.html,E-appliance,81
/bbs/PathofExile/index.html,PathofExile,81
/bbs/feminine_sex/index.html,feminine_sex,81
/bbs/nb-shopping/index.html,nb-shopping,80
/bbs/DSLR/index.html,DSLR,79
/bbs/TW_Entertain/index.html,TW_Entertain,78
/bbs/AKB48/index.html,AKB48,77
/bbs/Lakers/index.html,Lakers,77
/bbs/Guardians/index.html,Guardians,74
/bbs/Military/index.html,Military,74
/bbs/IZONE/index.html,IZONE,73
/bbs/FITNESS/index.html,FITNESS,73
/bbs/give/index.html,give,70
/bbs/TypeMoon/index.html,TypeMoon,69
/bbs/MacShop/index.html,MacShop,69
/bbs/PublicServan/index.html,PublicServan,68
/bbs/DIABLO/index.html,DIABLO,68
/bbs/LGBT_SEX/index.html,LGBT_SEX,67
/bbs/DC_SALE/index.html,DC_SALE,66
/bbs/SuperBike/index.html,SuperBike,65
