﻿/bbs/Gossiping/index.html,Gossiping,17796
/bbs/Baseball/index.html,Baseball,5832
/bbs/C_Chat/index.html,C_Chat,3008
/bbs/NBA/index.html,NBA,2825
/bbs/HatePolitics/index.html,HatePolitics,2787
/bbs/movie/index.html,movie,1517
/bbs/Stock/index.html,Stock,1453
/bbs/MobileComm/index.html,MobileComm,1120
/bbs/sex/index.html,sex,1025
/bbs/Lifeismoney/index.html,Lifeismoney,1019
/bbs/LoL/index.html,LoL,987
/bbs/car/index.html,car,852
/bbs/Tech_Job/index.html,Tech_Job,820
/bbs/KR_Entertain/index.html,KR_Entertain,815
/bbs/Beauty/index.html,Beauty,729
/bbs/ToS/index.html,ToS,706
/bbs/WomenTalk/index.html,WomenTalk,692
/bbs/BabyMother/index.html,BabyMother,679
/bbs/KoreaStar/index.html,KoreaStar,632
/bbs/Boy-Girl/index.html,Boy-Girl,617
/bbs/PC_Shopping/index.html,PC_Shopping,606
/bbs/marvel/index.html,marvel,589
/bbs/e-shopping/index.html,e-shopping,578
/bbs/Japan_Travel/index.html,Japan_Travel,489
/bbs/creditcard/index.html,creditcard,438
/bbs/marriage/index.html,marriage,422
/bbs/joke/index.html,joke,420
/bbs/PlayStation/index.html,PlayStation,410
/bbs/KoreaDrama/index.html,KoreaDrama,408
/bbs/SportLottery/index.html,SportLottery,386
/bbs/AllTogether/index.html,AllTogether,380
/bbs/MakeUp/index.html,MakeUp,374
/bbs/KanColle/index.html,KanColle,373
/bbs/Steam/index.html,Steam,370
/bbs/Tainan/index.html,Tainan,353
/bbs/Kaohsiung/index.html,Kaohsiung,346
/bbs/StupidClown/index.html,StupidClown,342
/bbs/japanavgirls/index.html,japanavgirls,310
/bbs/basketballTW/index.html,basketballTW,308
/bbs/home-sale/index.html,home-sale,300
/bbs/CFantasy/index.html,CFantasy,293
/bbs/NSwitch/index.html,NSwitch,287
/bbs/EAseries/index.html,EAseries,285
/bbs/Hearthstone/index.html,Hearthstone,283
/bbs/Elephants/index.html,Elephants,280
/bbs/iOS/index.html,iOS,266
/bbs/ONE_PIECE/index.html,ONE_PIECE,256
/bbs/FATE_GO/index.html,FATE_GO,253
/bbs/TaichungBun/index.html,TaichungBun,244
/bbs/PCReDive/index.html,PCReDive,233
/bbs/Tennis/index.html,Tennis,233
/bbs/PokemonGO/index.html,PokemonGO,222
/bbs/BeautySalon/index.html,BeautySalon,222
/bbs/HardwareSale/index.html,HardwareSale,215
/bbs/Japandrama/index.html,Japandrama,211
/bbs/BuyTogether/index.html,BuyTogether,208
/bbs/AC_In/index.html,AC_In,188
/bbs/CVS/index.html,CVS,187
/bbs/Salary/index.html,Salary,184
/bbs/studyteacher/index.html,studyteacher,178
/bbs/Examination/index.html,Examination,167
/bbs/TWICE/index.html,TWICE,167
/bbs/NBA_Film/index.html,NBA_Film,165
/bbs/MuscleBeach/index.html,MuscleBeach,165
/bbs/YuanChuang/index.html,YuanChuang,161
/bbs/WOW/index.html,WOW,157
/bbs/biker/index.html,biker,155
/bbs/PuzzleDragon/index.html,PuzzleDragon,153
/bbs/Food/index.html,Food,153
/bbs/Hsinchu/index.html,Hsinchu,152
/bbs/Soft_Job/index.html,Soft_Job,146
/bbs/Monkeys/index.html,Monkeys,144
/bbs/Aviation/index.html,Aviation,137
/bbs/MayDay/index.html,MayDay,134
/bbs/MobilePay/index.html,MobilePay,132
/bbs/Palmar_Drama/index.html,Palmar_Drama,131
/bbs/mobilesales/index.html,mobilesales,128
/bbs/KoreanPop/index.html,KoreanPop,127
/bbs/Headphone/index.html,Headphone,126
/bbs/MH/index.html,MH,123
/bbs/BTS/index.html,BTS,122
/bbs/GetMarry/index.html,GetMarry,122
/bbs/TaiwanDrama/index.html,TaiwanDrama,119
/bbs/cat/index.html,cat,115
/bbs/Gamesale/index.html,Gamesale,113
/bbs/Gov_owned/index.html,Gov_owned,112
/bbs/China-Drama/index.html,China-Drama,111
/bbs/MLB/index.html,MLB,111
/bbs/GBF/index.html,GBF,109
/bbs/part-time/index.html,part-time,108
/bbs/Drama-Ticket/index.html,Drama-Ticket,107
/bbs/Guardians/index.html,Guardians,104
/bbs/PublicServan/index.html,PublicServan,97
/bbs/Wanted/index.html,Wanted,97
/bbs/gay/index.html,gay,96
/bbs/Key_Mou_Pad/index.html,Key_Mou_Pad,95
/bbs/DSLR/index.html,DSLR,94
/bbs/CarShop/index.html,CarShop,94
/bbs/forsale/index.html,forsale,94
/bbs/medstudent/index.html,medstudent,92
/bbs/DMM_GAMES/index.html,DMM_GAMES,90
/bbs/AKB48/index.html,AKB48,89
/bbs/Finance/index.html,Finance,88
/bbs/Military/index.html,Military,88
/bbs/HelpBuy/index.html,HelpBuy,86
/bbs/StarCraft/index.html,StarCraft,81
/bbs/watch/index.html,watch,81
/bbs/FITNESS/index.html,FITNESS,80
/bbs/tabletennis/index.html,tabletennis,80
/bbs/cookclub/index.html,cookclub,78
/bbs/Lions/index.html,Lions,76
/bbs/Mobile-game/index.html,Mobile-game,75
/bbs/ChangHua/index.html,ChangHua,75
/bbs/feminine_sex/index.html,feminine_sex,75
/bbs/give/index.html,give,73
/bbs/MacShop/index.html,MacShop,73
/bbs/hypermall/index.html,hypermall,73
/bbs/DIABLO/index.html,DIABLO,73
/bbs/fastfood/index.html,fastfood,72
/bbs/IZONE/index.html,IZONE,71
/bbs/graduate/index.html,graduate,71
/bbs/nb-shopping/index.html,nb-shopping,70
/bbs/Chiayi/index.html,Chiayi,70
/bbs/lesbian/index.html,lesbian,66
/bbs/job/index.html,job,66
/bbs/DC_SALE/index.html,DC_SALE,65
/bbs/Nogizaka46/index.html,Nogizaka46,65
/bbs/TypeMoon/index.html,TypeMoon,64
