﻿/bbs/Gossiping/index.html,Gossiping,11518
/bbs/NBA/index.html,NBA,3108
/bbs/C_Chat/index.html,C_Chat,2826
/bbs/Baseball/index.html,Baseball,1891
/bbs/Stock/index.html,Stock,1651
/bbs/sex/index.html,sex,1618
/bbs/movie/index.html,movie,1506
/bbs/HatePolitics/index.html,HatePolitics,1286
/bbs/MobileComm/index.html,MobileComm,1003
/bbs/LoL/index.html,LoL,908
/bbs/Lifeismoney/index.html,Lifeismoney,894
/bbs/Beauty/index.html,Beauty,868
/bbs/ToS/index.html,ToS,805
/bbs/KR_Entertain/index.html,KR_Entertain,774
/bbs/Tech_Job/index.html,Tech_Job,749
/bbs/car/index.html,car,697
/bbs/Boy-Girl/index.html,Boy-Girl,695
/bbs/Tennis/index.html,Tennis,594
/bbs/marvel/index.html,marvel,593
/bbs/joke/index.html,joke,589
/bbs/BabyMother/index.html,BabyMother,581
/bbs/WomenTalk/index.html,WomenTalk,567
/bbs/PC_Shopping/index.html,PC_Shopping,529
/bbs/e-shopping/index.html,e-shopping,511
/bbs/KoreaStar/index.html,KoreaStar,506
/bbs/AllTogether/index.html,AllTogether,444
/bbs/Kaohsiung/index.html,Kaohsiung,440
/bbs/FATE_GO/index.html,FATE_GO,435
/bbs/PlayStation/index.html,PlayStation,403
/bbs/Tainan/index.html,Tainan,398
/bbs/Japan_Travel/index.html,Japan_Travel,390
/bbs/KoreaDrama/index.html,KoreaDrama,389
/bbs/marriage/index.html,marriage,378
/bbs/creditcard/index.html,creditcard,377
/bbs/Steam/index.html,Steam,358
/bbs/japanavgirls/index.html,japanavgirls,349
/bbs/Hearthstone/index.html,Hearthstone,335
/bbs/KanColle/index.html,KanColle,328
/bbs/MakeUp/index.html,MakeUp,324
/bbs/ONE_PIECE/index.html,ONE_PIECE,318
/bbs/SportLottery/index.html,SportLottery,312
/bbs/EAseries/index.html,EAseries,307
/bbs/PCReDive/index.html,PCReDive,302
/bbs/CFantasy/index.html,CFantasy,292
/bbs/home-sale/index.html,home-sale,268
/bbs/NSwitch/index.html,NSwitch,260
/bbs/Elephants/index.html,Elephants,239
/bbs/TaichungBun/index.html,TaichungBun,236
/bbs/iOS/index.html,iOS,232
/bbs/AC_In/index.html,AC_In,222
/bbs/StupidClown/index.html,StupidClown,213
/bbs/BeautySalon/index.html,BeautySalon,210
/bbs/Salary/index.html,Salary,209
/bbs/NBA_Film/index.html,NBA_Film,207
/bbs/CVS/index.html,CVS,194
/bbs/PokemonGO/index.html,PokemonGO,191
/bbs/HardwareSale/index.html,HardwareSale,190
/bbs/PuzzleDragon/index.html,PuzzleDragon,178
/bbs/Japandrama/index.html,Japandrama,173
/bbs/BuyTogether/index.html,BuyTogether,172
/bbs/YuanChuang/index.html,YuanChuang,165
/bbs/MuscleBeach/index.html,MuscleBeach,162
/bbs/TaiwanDrama/index.html,TaiwanDrama,156
/bbs/Hsinchu/index.html,Hsinchu,153
/bbs/Palmar_Drama/index.html,Palmar_Drama,153
/bbs/biker/index.html,biker,152
/bbs/MayDay/index.html,MayDay,141
/bbs/WOW/index.html,WOW,139
/bbs/MLB/index.html,MLB,137
/bbs/Soft_Job/index.html,Soft_Job,136
/bbs/Option/index.html,Option,134
/bbs/Aviation/index.html,Aviation,134
/bbs/KoreanPop/index.html,KoreanPop,131
/bbs/China-Drama/index.html,China-Drama,130
/bbs/basketballTW/index.html,basketballTW,130
/bbs/lesbian/index.html,lesbian,124
/bbs/Food/index.html,Food,123
/bbs/gay/index.html,gay,121
/bbs/Wanted/index.html,Wanted,118
/bbs/Headphone/index.html,Headphone,117
/bbs/TWICE/index.html,TWICE,114
/bbs/part-time/index.html,part-time,110
/bbs/Military/index.html,Military,110
/bbs/cat/index.html,cat,109
/bbs/GetMarry/index.html,GetMarry,106
/bbs/Gamesale/index.html,Gamesale,103
/bbs/mobilesales/index.html,mobilesales,100
/bbs/DSLR/index.html,DSLR,100
/bbs/SuperJunior/index.html,SuperJunior,99
/bbs/LGBT_SEX/index.html,LGBT_SEX,99
/bbs/MobilePay/index.html,MobilePay,92
/bbs/graduate/index.html,graduate,91
/bbs/TW_Entertain/index.html,TW_Entertain,91
/bbs/Key_Mou_Pad/index.html,Key_Mou_Pad,86
/bbs/HelpBuy/index.html,HelpBuy,86
/bbs/cookclub/index.html,cookclub,86
/bbs/Monkeys/index.html,Monkeys,84
/bbs/studyteacher/index.html,studyteacher,83
/bbs/feminine_sex/index.html,feminine_sex,83
/bbs/FITNESS/index.html,FITNESS,83
/bbs/watch/index.html,watch,82
/bbs/Mobile-game/index.html,Mobile-game,80
/bbs/MH/index.html,MH,79
/bbs/FTV/index.html,FTV,79
/bbs/nb-shopping/index.html,nb-shopping,78
/bbs/Examination/index.html,Examination,77
/bbs/DMM_GAMES/index.html,DMM_GAMES,77
/bbs/MacShop/index.html,MacShop,76
/bbs/Guardians/index.html,Guardians,74
/bbs/Finance/index.html,Finance,73
/bbs/DIABLO/index.html,DIABLO,73
/bbs/AKB48/index.html,AKB48,72
/bbs/IZONE/index.html,IZONE,72
/bbs/CarShop/index.html,CarShop,71
/bbs/medstudent/index.html,medstudent,71
/bbs/forsale/index.html,forsale,71
/bbs/TypeMoon/index.html,TypeMoon,69
/bbs/SuperBike/index.html,SuperBike,69
/bbs/Lions/index.html,Lions,68
/bbs/GBF/index.html,GBF,68
/bbs/BB-Love/index.html,BB-Love,67
/bbs/job/index.html,job,67
/bbs/points/index.html,points,66
/bbs/RealmOfValor/index.html,RealmOfValor,65
/bbs/BTS/index.html,BTS,64
/bbs/PublicServan/index.html,PublicServan,63
/bbs/IdolMaster/index.html,IdolMaster,62
/bbs/Nogizaka46/index.html,Nogizaka46,62
