﻿/bbs/Gossiping/index.html,Gossiping,12429
/bbs/NBA/index.html,NBA,3248
/bbs/C_Chat/index.html,C_Chat,2394
/bbs/Baseball/index.html,Baseball,1894
/bbs/Stock/index.html,Stock,1673
/bbs/sex/index.html,sex,1395
/bbs/HatePolitics/index.html,HatePolitics,1333
/bbs/creditcard/index.html,creditcard,1084
/bbs/movie/index.html,movie,1039
/bbs/Beauty/index.html,Beauty,941
/bbs/MobileComm/index.html,MobileComm,937
/bbs/car/index.html,car,799
/bbs/Lifeismoney/index.html,Lifeismoney,775
/bbs/Tech_Job/index.html,Tech_Job,739
/bbs/ToS/index.html,ToS,709
/bbs/Boy-Girl/index.html,Boy-Girl,705
/bbs/LoL/index.html,LoL,664
/bbs/BabyMother/index.html,BabyMother,645
/bbs/KR_Entertain/index.html,KR_Entertain,636
/bbs/WomenTalk/index.html,WomenTalk,560
/bbs/PC_Shopping/index.html,PC_Shopping,513
/bbs/marvel/index.html,marvel,503
/bbs/e-shopping/index.html,e-shopping,451
/bbs/KoreaStar/index.html,KoreaStar,436
/bbs/joke/index.html,joke,432
/bbs/Japan_Travel/index.html,Japan_Travel,414
/bbs/AllTogether/index.html,AllTogether,407
/bbs/PlayStation/index.html,PlayStation,377
/bbs/Tennis/index.html,Tennis,356
/bbs/marriage/index.html,marriage,352
/bbs/Tainan/index.html,Tainan,335
/bbs/Steam/index.html,Steam,320
/bbs/Kaohsiung/index.html,Kaohsiung,299
/bbs/japanavgirls/index.html,japanavgirls,297
/bbs/SportLottery/index.html,SportLottery,294
/bbs/MakeUp/index.html,MakeUp,293
/bbs/ONE_PIECE/index.html,ONE_PIECE,269
/bbs/FATE_GO/index.html,FATE_GO,262
/bbs/home-sale/index.html,home-sale,257
/bbs/Hearthstone/index.html,Hearthstone,255
/bbs/TaichungBun/index.html,TaichungBun,240
/bbs/KoreaDrama/index.html,KoreaDrama,231
/bbs/PCReDive/index.html,PCReDive,229
/bbs/NSwitch/index.html,NSwitch,224
/bbs/KanColle/index.html,KanColle,221
/bbs/StupidClown/index.html,StupidClown,220
/bbs/PokemonGO/index.html,PokemonGO,200
/bbs/EAseries/index.html,EAseries,193
/bbs/iOS/index.html,iOS,190
/bbs/CFantasy/index.html,CFantasy,190
/bbs/Elephants/index.html,Elephants,190
/bbs/AC_In/index.html,AC_In,185
/bbs/Salary/index.html,Salary,177
/bbs/NBA_Film/index.html,NBA_Film,167
/bbs/HardwareSale/index.html,HardwareSale,166
/bbs/BeautySalon/index.html,BeautySalon,162
/bbs/BuyTogether/index.html,BuyTogether,160
/bbs/CVS/index.html,CVS,159
/bbs/Japandrama/index.html,Japandrama,155
/bbs/MobilePay/index.html,MobilePay,145
/bbs/NY-Yankees/index.html,NY-Yankees,140
/bbs/PuzzleDragon/index.html,PuzzleDragon,137
/bbs/WOW/index.html,WOW,137
/bbs/MuscleBeach/index.html,MuscleBeach,131
/bbs/Palmar_Drama/index.html,Palmar_Drama,127
/bbs/Hsinchu/index.html,Hsinchu,124
/bbs/TaiwanDrama/index.html,TaiwanDrama,119
/bbs/biker/index.html,biker,117
/bbs/YuanChuang/index.html,YuanChuang,114
/bbs/Aviation/index.html,Aviation,112
/bbs/basketballTW/index.html,basketballTW,112
/bbs/Food/index.html,Food,110
/bbs/MLB/index.html,MLB,108
/bbs/Gamesale/index.html,Gamesale,103
/bbs/studyteacher/index.html,studyteacher,103
/bbs/Headphone/index.html,Headphone,103
/bbs/Soft_Job/index.html,Soft_Job,100
/bbs/cat/index.html,cat,99
/bbs/mobilesales/index.html,mobilesales,97
/bbs/KoreanPop/index.html,KoreanPop,97
/bbs/MayDay/index.html,MayDay,96
/bbs/Examination/index.html,Examination,88
/bbs/Military/index.html,Military,87
/bbs/DSLR/index.html,DSLR,86
/bbs/Option/index.html,Option,85
/bbs/feminine_sex/index.html,feminine_sex,85
/bbs/GetMarry/index.html,GetMarry,85
/bbs/part-time/index.html,part-time,85
/bbs/gay/index.html,gay,85
/bbs/CarShop/index.html,CarShop,83
/bbs/lesbian/index.html,lesbian,81
/bbs/TWICE/index.html,TWICE,80
/bbs/China-Drama/index.html,China-Drama,79
/bbs/Wanted/index.html,Wanted,79
/bbs/forsale/index.html,forsale,79
/bbs/Finance/index.html,Finance,77
/bbs/watch/index.html,watch,77
/bbs/PublicServan/index.html,PublicServan,75
/bbs/FITNESS/index.html,FITNESS,74
/bbs/GBF/index.html,GBF,72
/bbs/TW_Entertain/index.html,TW_Entertain,72
/bbs/medstudent/index.html,medstudent,69
/bbs/Monkeys/index.html,Monkeys,68
/bbs/Gov_owned/index.html,Gov_owned,68
/bbs/Bank_Service/index.html,Bank_Service,67
/bbs/job/index.html,job,67
/bbs/LGBT_SEX/index.html,LGBT_SEX,66
/bbs/Taoyuan/index.html,Taoyuan,66
/bbs/DMM_GAMES/index.html,DMM_GAMES,66
/bbs/Key_Mou_Pad/index.html,Key_Mou_Pad,64
/bbs/BTS/index.html,BTS,63
/bbs/AKB48/index.html,AKB48,61
/bbs/RealmOfValor/index.html,RealmOfValor,61
/bbs/Mobile-game/index.html,Mobile-game,59
/bbs/MacShop/index.html,MacShop,59
/bbs/graduate/index.html,graduate,59
/bbs/hypermall/index.html,hypermall,58
/bbs/IZONE/index.html,IZONE,57
/bbs/nb-shopping/index.html,nb-shopping,56
/bbs/give/index.html,give,56
/bbs/BB-Love/index.html,BB-Love,56
/bbs/SuperJunior/index.html,SuperJunior,54
/bbs/TypeMoon/index.html,TypeMoon,54
/bbs/Chiayi/index.html,Chiayi,54
/bbs/points/index.html,points,54
/bbs/DIABLO/index.html,DIABLO,54
/bbs/Korea_Travel/index.html,Korea_Travel,53
/bbs/MH/index.html,MH,53
