﻿/bbs/Gossiping/index.html,Gossiping,16453
/bbs/NBA/index.html,NBA,4064
/bbs/C_Chat/index.html,C_Chat,3102
/bbs/Baseball/index.html,Baseball,2849
/bbs/HatePolitics/index.html,HatePolitics,1874
/bbs/Stock/index.html,Stock,1667
/bbs/movie/index.html,movie,1318
/bbs/MobileComm/index.html,MobileComm,1232
/bbs/sex/index.html,sex,1080
/bbs/Lifeismoney/index.html,Lifeismoney,997
/bbs/car/index.html,car,956
/bbs/LoL/index.html,LoL,905
/bbs/KR_Entertain/index.html,KR_Entertain,893
/bbs/Beauty/index.html,Beauty,858
/bbs/WomenTalk/index.html,WomenTalk,808
/bbs/Tech_Job/index.html,Tech_Job,777
/bbs/Boy-Girl/index.html,Boy-Girl,734
/bbs/ToS/index.html,ToS,715
/bbs/KoreaStar/index.html,KoreaStar,604
/bbs/BabyMother/index.html,BabyMother,596
/bbs/marvel/index.html,marvel,584
/bbs/PC_Shopping/index.html,PC_Shopping,553
/bbs/creditcard/index.html,creditcard,520
/bbs/e-shopping/index.html,e-shopping,510
/bbs/joke/index.html,joke,484
/bbs/Japan_Travel/index.html,Japan_Travel,462
/bbs/SportLottery/index.html,SportLottery,430
/bbs/AllTogether/index.html,AllTogether,423
/bbs/PlayStation/index.html,PlayStation,410
/bbs/marriage/index.html,marriage,397
/bbs/KoreaDrama/index.html,KoreaDrama,372
/bbs/Steam/index.html,Steam,367
/bbs/MakeUp/index.html,MakeUp,355
/bbs/Tainan/index.html,Tainan,353
/bbs/Kaohsiung/index.html,Kaohsiung,351
/bbs/japanavgirls/index.html,japanavgirls,341
/bbs/Hearthstone/index.html,Hearthstone,312
/bbs/KanColle/index.html,KanColle,305
/bbs/Tennis/index.html,Tennis,302
/bbs/StupidClown/index.html,StupidClown,298
/bbs/FATE_GO/index.html,FATE_GO,296
/bbs/TaichungBun/index.html,TaichungBun,286
/bbs/PokemonGO/index.html,PokemonGO,279
/bbs/home-sale/index.html,home-sale,272
/bbs/ONE_PIECE/index.html,ONE_PIECE,272
/bbs/PCReDive/index.html,PCReDive,267
/bbs/EAseries/index.html,EAseries,266
/bbs/NSwitch/index.html,NSwitch,262
/bbs/iOS/index.html,iOS,235
/bbs/CFantasy/index.html,CFantasy,220
/bbs/Elephants/index.html,Elephants,198
/bbs/HardwareSale/index.html,HardwareSale,197
/bbs/BeautySalon/index.html,BeautySalon,193
/bbs/AC_In/index.html,AC_In,183
/bbs/Salary/index.html,Salary,179
/bbs/CVS/index.html,CVS,178
/bbs/BuyTogether/index.html,BuyTogether,177
/bbs/basketballTW/index.html,basketballTW,173
/bbs/WOW/index.html,WOW,167
/bbs/Japandrama/index.html,Japandrama,166
/bbs/NBA_Film/index.html,NBA_Film,165
/bbs/MuscleBeach/index.html,MuscleBeach,165
/bbs/PuzzleDragon/index.html,PuzzleDragon,155
/bbs/Examination/index.html,Examination,153
/bbs/Food/index.html,Food,152
/bbs/studyteacher/index.html,studyteacher,151
/bbs/biker/index.html,biker,151
/bbs/YuanChuang/index.html,YuanChuang,148
/bbs/Hsinchu/index.html,Hsinchu,144
/bbs/Aviation/index.html,Aviation,138
/bbs/Palmar_Drama/index.html,Palmar_Drama,138
/bbs/MobilePay/index.html,MobilePay,133
/bbs/Headphone/index.html,Headphone,128
/bbs/Soft_Job/index.html,Soft_Job,127
/bbs/GBF/index.html,GBF,127
/bbs/MLB/index.html,MLB,124
/bbs/mobilesales/index.html,mobilesales,123
/bbs/MayDay/index.html,MayDay,119
/bbs/KoreanPop/index.html,KoreanPop,117
/bbs/medstudent/index.html,medstudent,116
/bbs/TaiwanDrama/index.html,TaiwanDrama,116
/bbs/cat/index.html,cat,114
/bbs/China-Drama/index.html,China-Drama,112
/bbs/Gamesale/index.html,Gamesale,110
/bbs/TWICE/index.html,TWICE,110
/bbs/part-time/index.html,part-time,107
/bbs/GetMarry/index.html,GetMarry,104
/bbs/Monkeys/index.html,Monkeys,102
/bbs/TW_Entertain/index.html,TW_Entertain,97
/bbs/lesbian/index.html,lesbian,96
/bbs/DMM_GAMES/index.html,DMM_GAMES,95
/bbs/CarShop/index.html,CarShop,94
/bbs/gay/index.html,gay,94
/bbs/DSLR/index.html,DSLR,93
/bbs/forsale/index.html,forsale,93
/bbs/Finance/index.html,Finance,90
/bbs/graduate/index.html,graduate,90
/bbs/BTS/index.html,BTS,90
/bbs/Military/index.html,Military,89
/bbs/fastfood/index.html,fastfood,88
/bbs/FITNESS/index.html,FITNESS,86
/bbs/PublicServan/index.html,PublicServan,85
/bbs/IZONE/index.html,IZONE,82
/bbs/Drama-Ticket/index.html,Drama-Ticket,81
/bbs/StarCraft/index.html,StarCraft,80
/bbs/Gov_owned/index.html,Gov_owned,79
/bbs/feminine_sex/index.html,feminine_sex,78
/bbs/watch/index.html,watch,77
/bbs/Mobile-game/index.html,Mobile-game,76
/bbs/tabletennis/index.html,tabletennis,75
/bbs/Key_Mou_Pad/index.html,Key_Mou_Pad,74
/bbs/Option/index.html,Option,74
/bbs/Wanted/index.html,Wanted,73
/bbs/SuperJunior/index.html,SuperJunior,68
/bbs/cookclub/index.html,cookclub,66
/bbs/Guardians/index.html,Guardians,66
/bbs/Korea_Travel/index.html,Korea_Travel,65
/bbs/give/index.html,give,65
/bbs/HelpBuy/index.html,HelpBuy,65
/bbs/MaiKuraki/index.html,MaiKuraki,65
/bbs/nb-shopping/index.html,nb-shopping,64
/bbs/MacShop/index.html,MacShop,64
/bbs/Taoyuan/index.html,Taoyuan,64
/bbs/DIABLO/index.html,DIABLO,64
/bbs/AKB48/index.html,AKB48,63
/bbs/PathofExile/index.html,PathofExile,63
/bbs/points/index.html,points,62
/bbs/Teacher/index.html,Teacher,62
