﻿/bbs/Gossiping/index.html,Gossiping,11060
/bbs/NBA/index.html,NBA,2751
/bbs/C_Chat/index.html,C_Chat,2088
/bbs/Baseball/index.html,Baseball,1636
/bbs/Stock/index.html,Stock,1492
/bbs/sex/index.html,sex,1402
/bbs/HatePolitics/index.html,HatePolitics,1195
/bbs/movie/index.html,movie,951
/bbs/MobileComm/index.html,MobileComm,824
/bbs/Beauty/index.html,Beauty,765
/bbs/car/index.html,car,719
/bbs/Lifeismoney/index.html,Lifeismoney,661
/bbs/Tech_Job/index.html,Tech_Job,606
/bbs/ToS/index.html,ToS,605
/bbs/LoL/index.html,LoL,604
/bbs/Boy-Girl/index.html,Boy-Girl,587
/bbs/BabyMother/index.html,BabyMother,575
/bbs/WomenTalk/index.html,WomenTalk,515
/bbs/KR_Entertain/index.html,KR_Entertain,468
/bbs/PC_Shopping/index.html,PC_Shopping,456
/bbs/marvel/index.html,marvel,424
/bbs/joke/index.html,joke,411
/bbs/e-shopping/index.html,e-shopping,381
/bbs/Tennis/index.html,Tennis,374
/bbs/KoreaStar/index.html,KoreaStar,352
/bbs/Japan_Travel/index.html,Japan_Travel,348
/bbs/creditcard/index.html,creditcard,340
/bbs/marriage/index.html,marriage,333
/bbs/Tainan/index.html,Tainan,327
/bbs/AllTogether/index.html,AllTogether,327
/bbs/PlayStation/index.html,PlayStation,322
/bbs/Kaohsiung/index.html,Kaohsiung,296
/bbs/Steam/index.html,Steam,291
/bbs/japanavgirls/index.html,japanavgirls,289
/bbs/FATE_GO/index.html,FATE_GO,273
/bbs/SportLottery/index.html,SportLottery,246
/bbs/KoreaDrama/index.html,KoreaDrama,240
/bbs/ONE_PIECE/index.html,ONE_PIECE,239
/bbs/Hearthstone/index.html,Hearthstone,236
/bbs/home-sale/index.html,home-sale,222
/bbs/KanColle/index.html,KanColle,219
/bbs/PCReDive/index.html,PCReDive,209
/bbs/NSwitch/index.html,NSwitch,205
/bbs/MakeUp/index.html,MakeUp,199
/bbs/CFantasy/index.html,CFantasy,197
/bbs/TaichungBun/index.html,TaichungBun,196
/bbs/PokemonGO/index.html,PokemonGO,186
/bbs/StupidClown/index.html,StupidClown,184
/bbs/iOS/index.html,iOS,182
/bbs/EAseries/index.html,EAseries,181
/bbs/Elephants/index.html,Elephants,181
/bbs/Salary/index.html,Salary,168
/bbs/BeautySalon/index.html,BeautySalon,164
/bbs/AC_In/index.html,AC_In,154
/bbs/HardwareSale/index.html,HardwareSale,153
/bbs/NBA_Film/index.html,NBA_Film,143
/bbs/MuscleBeach/index.html,MuscleBeach,137
/bbs/BuyTogether/index.html,BuyTogether,135
/bbs/CVS/index.html,CVS,130
/bbs/WOW/index.html,WOW,127
/bbs/Japandrama/index.html,Japandrama,123
/bbs/PuzzleDragon/index.html,PuzzleDragon,121
/bbs/Aviation/index.html,Aviation,121
/bbs/NY-Yankees/index.html,NY-Yankees,119
/bbs/Hsinchu/index.html,Hsinchu,117
/bbs/biker/index.html,biker,112
/bbs/MLB/index.html,MLB,110
/bbs/studyteacher/index.html,studyteacher,109
/bbs/Palmar_Drama/index.html,Palmar_Drama,109
/bbs/basketballTW/index.html,basketballTW,107
/bbs/YuanChuang/index.html,YuanChuang,106
/bbs/part-time/index.html,part-time,103
/bbs/TaiwanDrama/index.html,TaiwanDrama,101
/bbs/gay/index.html,gay,97
/bbs/Soft_Job/index.html,Soft_Job,95
/bbs/MayDay/index.html,MayDay,90
/bbs/mobilesales/index.html,mobilesales,87
/bbs/MobilePay/index.html,MobilePay,87
/bbs/GetMarry/index.html,GetMarry,87
/bbs/DSLR/index.html,DSLR,86
/bbs/KoreanPop/index.html,KoreanPop,86
/bbs/Food/index.html,Food,86
/bbs/lesbian/index.html,lesbian,83
/bbs/Examination/index.html,Examination,82
/bbs/watch/index.html,watch,81
/bbs/cat/index.html,cat,79
/bbs/Headphone/index.html,Headphone,78
/bbs/Military/index.html,Military,78
/bbs/forsale/index.html,forsale,77
/bbs/CarShop/index.html,CarShop,76
/bbs/Gamesale/index.html,Gamesale,75
/bbs/Option/index.html,Option,72
/bbs/PublicServan/index.html,PublicServan,71
/bbs/LGBT_SEX/index.html,LGBT_SEX,71
/bbs/feminine_sex/index.html,feminine_sex,71
/bbs/TWICE/index.html,TWICE,71
/bbs/medstudent/index.html,medstudent,68
/bbs/FITNESS/index.html,FITNESS,68
/bbs/China-Drama/index.html,China-Drama,67
/bbs/Finance/index.html,Finance,65
/bbs/GBF/index.html,GBF,65
/bbs/Wanted/index.html,Wanted,64
/bbs/Monkeys/index.html,Monkeys,61
/bbs/Mobile-game/index.html,Mobile-game,59
/bbs/Guardians/index.html,Guardians,59
/bbs/MacShop/index.html,MacShop,57
/bbs/hypermall/index.html,hypermall,57
/bbs/AKB48/index.html,AKB48,56
/bbs/TW_Entertain/index.html,TW_Entertain,56
/bbs/Key_Mou_Pad/index.html,Key_Mou_Pad,55
/bbs/BTS/index.html,BTS,55
/bbs/DMM_GAMES/index.html,DMM_GAMES,55
/bbs/MH/index.html,MH,52
/bbs/Gov_owned/index.html,Gov_owned,52
/bbs/nb-shopping/index.html,nb-shopping,51
/bbs/BB-Love/index.html,BB-Love,51
/bbs/DIABLO/index.html,DIABLO,51
/bbs/TypeMoon/index.html,TypeMoon,50
/bbs/HelpBuy/index.html,HelpBuy,50
/bbs/points/index.html,points,50
/bbs/graduate/index.html,graduate,49
/bbs/SuperJunior/index.html,SuperJunior,48
/bbs/cookclub/index.html,cookclub,48
/bbs/DC_SALE/index.html,DC_SALE,47
/bbs/FTV/index.html,FTV,47
/bbs/IZONE/index.html,IZONE,47
/bbs/PathofExile/index.html,PathofExile,44
/bbs/BabyProducts/index.html,BabyProducts,43
