﻿/bbs/Gossiping/index.html,Gossiping,15123
/bbs/NBA/index.html,NBA,3601
/bbs/C_Chat/index.html,C_Chat,2910
/bbs/Baseball/index.html,Baseball,2240
/bbs/Stock/index.html,Stock,1754
/bbs/HatePolitics/index.html,HatePolitics,1572
/bbs/sex/index.html,sex,1248
/bbs/movie/index.html,movie,1242
/bbs/MobileComm/index.html,MobileComm,1178
/bbs/Lifeismoney/index.html,Lifeismoney,955
/bbs/car/index.html,car,914
/bbs/Beauty/index.html,Beauty,908
/bbs/KR_Entertain/index.html,KR_Entertain,833
/bbs/LoL/index.html,LoL,810
/bbs/Tech_Job/index.html,Tech_Job,751
/bbs/Boy-Girl/index.html,Boy-Girl,731
/bbs/ToS/index.html,ToS,720
/bbs/BabyMother/index.html,BabyMother,682
/bbs/WomenTalk/index.html,WomenTalk,668
/bbs/KoreaStar/index.html,KoreaStar,580
/bbs/PC_Shopping/index.html,PC_Shopping,560
/bbs/creditcard/index.html,creditcard,559
/bbs/marvel/index.html,marvel,539
/bbs/e-shopping/index.html,e-shopping,500
/bbs/joke/index.html,joke,497
/bbs/Japan_Travel/index.html,Japan_Travel,477
/bbs/AllTogether/index.html,AllTogether,446
/bbs/PlayStation/index.html,PlayStation,388
/bbs/Kaohsiung/index.html,Kaohsiung,356
/bbs/KoreaDrama/index.html,KoreaDrama,348
/bbs/SportLottery/index.html,SportLottery,343
/bbs/marriage/index.html,marriage,341
/bbs/Steam/index.html,Steam,341
/bbs/Tainan/index.html,Tainan,327
/bbs/MakeUp/index.html,MakeUp,324
/bbs/Tennis/index.html,Tennis,313
/bbs/Hearthstone/index.html,Hearthstone,307
/bbs/japanavgirls/index.html,japanavgirls,306
/bbs/home-sale/index.html,home-sale,301
/bbs/PokemonGO/index.html,PokemonGO,299
/bbs/FATE_GO/index.html,FATE_GO,281
/bbs/KanColle/index.html,KanColle,279
/bbs/ONE_PIECE/index.html,ONE_PIECE,275
/bbs/TaichungBun/index.html,TaichungBun,260
/bbs/PCReDive/index.html,PCReDive,258
/bbs/iOS/index.html,iOS,247
/bbs/EAseries/index.html,EAseries,237
/bbs/StupidClown/index.html,StupidClown,229
/bbs/NSwitch/index.html,NSwitch,228
/bbs/CFantasy/index.html,CFantasy,220
/bbs/Salary/index.html,Salary,207
/bbs/AC_In/index.html,AC_In,196
/bbs/NBA_Film/index.html,NBA_Film,194
/bbs/Elephants/index.html,Elephants,194
/bbs/BeautySalon/index.html,BeautySalon,194
/bbs/HardwareSale/index.html,HardwareSale,183
/bbs/BuyTogether/index.html,BuyTogether,175
/bbs/Japandrama/index.html,Japandrama,172
/bbs/WOW/index.html,WOW,166
/bbs/MobilePay/index.html,MobilePay,161
/bbs/MuscleBeach/index.html,MuscleBeach,160
/bbs/CVS/index.html,CVS,156
/bbs/Soft_Job/index.html,Soft_Job,150
/bbs/mobilesales/index.html,mobilesales,149
/bbs/Food/index.html,Food,147
/bbs/PuzzleDragon/index.html,PuzzleDragon,144
/bbs/YuanChuang/index.html,YuanChuang,141
/bbs/basketballTW/index.html,basketballTW,141
/bbs/Hsinchu/index.html,Hsinchu,140
/bbs/GBF/index.html,GBF,135
/bbs/MLB/index.html,MLB,135
/bbs/Aviation/index.html,Aviation,134
/bbs/biker/index.html,biker,133
/bbs/MayDay/index.html,MayDay,132
/bbs/Examination/index.html,Examination,129
/bbs/Gamesale/index.html,Gamesale,123
/bbs/TaiwanDrama/index.html,TaiwanDrama,123
/bbs/cat/index.html,cat,122
/bbs/China-Drama/index.html,China-Drama,121
/bbs/KoreanPop/index.html,KoreanPop,116
/bbs/part-time/index.html,part-time,114
/bbs/Palmar_Drama/index.html,Palmar_Drama,113
/bbs/GetMarry/index.html,GetMarry,109
/bbs/lesbian/index.html,lesbian,109
/bbs/TWICE/index.html,TWICE,105
/bbs/Headphone/index.html,Headphone,102
/bbs/Finance/index.html,Finance,101
/bbs/forsale/index.html,forsale,101
/bbs/DSLR/index.html,DSLR,100
/bbs/Monkeys/index.html,Monkeys,97
/bbs/gay/index.html,gay,97
/bbs/CarShop/index.html,CarShop,96
/bbs/studyteacher/index.html,studyteacher,95
/bbs/BTS/index.html,BTS,95
/bbs/medstudent/index.html,medstudent,90
/bbs/Military/index.html,Military,90
/bbs/IZONE/index.html,IZONE,86
/bbs/fastfood/index.html,fastfood,85
/bbs/Gov_owned/index.html,Gov_owned,85
/bbs/DMM_GAMES/index.html,DMM_GAMES,85
/bbs/watch/index.html,watch,84
/bbs/PublicServan/index.html,PublicServan,83
/bbs/SuperJunior/index.html,SuperJunior,83
/bbs/tabletennis/index.html,tabletennis,81
/bbs/LGBT_SEX/index.html,LGBT_SEX,80
/bbs/FITNESS/index.html,FITNESS,80
/bbs/Mobile-game/index.html,Mobile-game,79
/bbs/Wanted/index.html,Wanted,79
/bbs/PathofExile/index.html,PathofExile,76
/bbs/Zastrology/index.html,Zastrology,76
/bbs/give/index.html,give,75
/bbs/Brand/index.html,Brand,74
/bbs/MacShop/index.html,MacShop,74
/bbs/job/index.html,job,74
/bbs/HelpBuy/index.html,HelpBuy,73
/bbs/nb-shopping/index.html,nb-shopping,72
/bbs/graduate/index.html,graduate,72
/bbs/feminine_sex/index.html,feminine_sex,72
/bbs/NY-Yankees/index.html,NY-Yankees,71
/bbs/RealmOfValor/index.html,RealmOfValor,69
/bbs/TypeMoon/index.html,TypeMoon,68
/bbs/hypermall/index.html,hypermall,68
/bbs/Key_Mou_Pad/index.html,Key_Mou_Pad,67
/bbs/TW_Entertain/index.html,TW_Entertain,66
/bbs/DIABLO/index.html,DIABLO,65
/bbs/IdolMaster/index.html,IdolMaster,63
/bbs/BabyProducts/index.html,BabyProducts,62
/bbs/Drama-Ticket/index.html,Drama-Ticket,62
