﻿/bbs/Gossiping/index.html,Gossiping,14086
/bbs/NBA/index.html,NBA,3777
/bbs/C_Chat/index.html,C_Chat,2793
/bbs/Baseball/index.html,Baseball,2193
/bbs/Stock/index.html,Stock,1769
/bbs/HatePolitics/index.html,HatePolitics,1472
/bbs/sex/index.html,sex,1429
/bbs/movie/index.html,movie,1164
/bbs/MobileComm/index.html,MobileComm,1089
/bbs/Beauty/index.html,Beauty,971
/bbs/car/index.html,car,943
/bbs/Lifeismoney/index.html,Lifeismoney,928
/bbs/KR_Entertain/index.html,KR_Entertain,800
/bbs/ToS/index.html,ToS,767
/bbs/Tech_Job/index.html,Tech_Job,742
/bbs/LoL/index.html,LoL,732
/bbs/Boy-Girl/index.html,Boy-Girl,706
/bbs/BabyMother/index.html,BabyMother,688
/bbs/creditcard/index.html,creditcard,649
/bbs/WomenTalk/index.html,WomenTalk,587
/bbs/PC_Shopping/index.html,PC_Shopping,545
/bbs/e-shopping/index.html,e-shopping,538
/bbs/KoreaStar/index.html,KoreaStar,530
/bbs/marvel/index.html,marvel,526
/bbs/joke/index.html,joke,478
/bbs/AllTogether/index.html,AllTogether,458
/bbs/Japan_Travel/index.html,Japan_Travel,458
/bbs/PlayStation/index.html,PlayStation,396
/bbs/Kaohsiung/index.html,Kaohsiung,382
/bbs/Tainan/index.html,Tainan,368
/bbs/Steam/index.html,Steam,358
/bbs/marriage/index.html,marriage,352
/bbs/Tennis/index.html,Tennis,336
/bbs/MakeUp/index.html,MakeUp,327
/bbs/japanavgirls/index.html,japanavgirls,325
/bbs/KoreaDrama/index.html,KoreaDrama,321
/bbs/SportLottery/index.html,SportLottery,292
/bbs/FATE_GO/index.html,FATE_GO,287
/bbs/ONE_PIECE/index.html,ONE_PIECE,283
/bbs/home-sale/index.html,home-sale,282
/bbs/KanColle/index.html,KanColle,276
/bbs/Hearthstone/index.html,Hearthstone,268
/bbs/PokemonGO/index.html,PokemonGO,264
/bbs/iOS/index.html,iOS,257
/bbs/PCReDive/index.html,PCReDive,249
/bbs/TaichungBun/index.html,TaichungBun,239
/bbs/NSwitch/index.html,NSwitch,237
/bbs/StupidClown/index.html,StupidClown,231
/bbs/CFantasy/index.html,CFantasy,223
/bbs/EAseries/index.html,EAseries,209
/bbs/Salary/index.html,Salary,199
/bbs/BeautySalon/index.html,BeautySalon,198
/bbs/NBA_Film/index.html,NBA_Film,194
/bbs/HardwareSale/index.html,HardwareSale,191
/bbs/AC_In/index.html,AC_In,189
/bbs/CVS/index.html,CVS,186
/bbs/Elephants/index.html,Elephants,175
/bbs/BuyTogether/index.html,BuyTogether,173
/bbs/Japandrama/index.html,Japandrama,164
/bbs/basketballTW/index.html,basketballTW,144
/bbs/PuzzleDragon/index.html,PuzzleDragon,142
/bbs/MobilePay/index.html,MobilePay,142
/bbs/WOW/index.html,WOW,142
/bbs/MuscleBeach/index.html,MuscleBeach,142
/bbs/Gamesale/index.html,Gamesale,135
/bbs/mobilesales/index.html,mobilesales,135
/bbs/Aviation/index.html,Aviation,133
/bbs/Hsinchu/index.html,Hsinchu,132
/bbs/biker/index.html,biker,129
/bbs/MLB/index.html,MLB,124
/bbs/KoreanPop/index.html,KoreanPop,123
/bbs/Palmar_Drama/index.html,Palmar_Drama,122
/bbs/Soft_Job/index.html,Soft_Job,119
/bbs/Food/index.html,Food,119
/bbs/studyteacher/index.html,studyteacher,116
/bbs/YuanChuang/index.html,YuanChuang,113
/bbs/forsale/index.html,forsale,113
/bbs/part-time/index.html,part-time,112
/bbs/Headphone/index.html,Headphone,109
/bbs/TaiwanDrama/index.html,TaiwanDrama,109
/bbs/Examination/index.html,Examination,108
/bbs/NY-Yankees/index.html,NY-Yankees,104
/bbs/GetMarry/index.html,GetMarry,103
/bbs/DSLR/index.html,DSLR,102
/bbs/cat/index.html,cat,100
/bbs/China-Drama/index.html,China-Drama,99
/bbs/MayDay/index.html,MayDay,95
/bbs/medstudent/index.html,medstudent,93
/bbs/gay/index.html,gay,92
/bbs/Finance/index.html,Finance,91
/bbs/TWICE/index.html,TWICE,90
/bbs/Military/index.html,Military,90
/bbs/IZONE/index.html,IZONE,87
/bbs/Monkeys/index.html,Monkeys,87
/bbs/feminine_sex/index.html,feminine_sex,86
/bbs/GBF/index.html,GBF,84
/bbs/lesbian/index.html,lesbian,83
/bbs/CarShop/index.html,CarShop,81
/bbs/LGBT_SEX/index.html,LGBT_SEX,81
/bbs/BTS/index.html,BTS,81
/bbs/Mobile-game/index.html,Mobile-game,80
/bbs/Gov_owned/index.html,Gov_owned,80
/bbs/DMM_GAMES/index.html,DMM_GAMES,80
/bbs/tabletennis/index.html,tabletennis,79
/bbs/FITNESS/index.html,FITNESS,77
/bbs/job/index.html,job,77
/bbs/MacShop/index.html,MacShop,76
/bbs/nb-shopping/index.html,nb-shopping,75
/bbs/watch/index.html,watch,74
/bbs/TypeMoon/index.html,TypeMoon,73
/bbs/Wanted/index.html,Wanted,73
/bbs/RealmOfValor/index.html,RealmOfValor,72
/bbs/HelpBuy/index.html,HelpBuy,70
/bbs/give/index.html,give,69
/bbs/SuperJunior/index.html,SuperJunior,68
/bbs/AKB48/index.html,AKB48,67
/bbs/BB-Love/index.html,BB-Love,67
/bbs/hypermall/index.html,hypermall,67
/bbs/TW_Entertain/index.html,TW_Entertain,67
/bbs/BabyProducts/index.html,BabyProducts,66
/bbs/Key_Mou_Pad/index.html,Key_Mou_Pad,66
/bbs/Option/index.html,Option,66
/bbs/graduate/index.html,graduate,66
/bbs/cookclub/index.html,cookclub,65
/bbs/Bank_Service/index.html,Bank_Service,64
/bbs/Guardians/index.html,Guardians,63
/bbs/PublicServan/index.html,PublicServan,62
/bbs/Taoyuan/index.html,Taoyuan,62
