﻿/bbs/Gossiping/index.html,Gossiping,15121
/bbs/Baseball/index.html,Baseball,4027
/bbs/NBA/index.html,NBA,3798
/bbs/C_Chat/index.html,C_Chat,3097
/bbs/Stock/index.html,Stock,2737
/bbs/Lifeismoney/index.html,Lifeismoney,1400
/bbs/MobileComm/index.html,MobileComm,1368
/bbs/LoL/index.html,LoL,1355
/bbs/HatePolitics/index.html,HatePolitics,1231
/bbs/Tech_Job/index.html,Tech_Job,1063
/bbs/WomenTalk/index.html,WomenTalk,941
/bbs/sex/index.html,sex,893
/bbs/movie/index.html,movie,887
/bbs/car/index.html,car,849
/bbs/Elephants/index.html,Elephants,829
/bbs/joke/index.html,joke,777
/bbs/KoreaStar/index.html,KoreaStar,750
/bbs/BabyMother/index.html,BabyMother,698
/bbs/Beauty/index.html,Beauty,662
/bbs/ToS/index.html,ToS,621
/bbs/Boy-Girl/index.html,Boy-Girl,577
/bbs/PC_Shopping/index.html,PC_Shopping,566
/bbs/Japan_Travel/index.html,Japan_Travel,549
/bbs/Hearthstone/index.html,Hearthstone,506
/bbs/marvel/index.html,marvel,488
/bbs/marriage/index.html,marriage,485
/bbs/EAseries/index.html,EAseries,454
/bbs/e-shopping/index.html,e-shopping,445
/bbs/PlayStation/index.html,PlayStation,426
/bbs/Kaohsiung/index.html,Kaohsiung,369
/bbs/SportLottery/index.html,SportLottery,360
/bbs/MakeUp/index.html,MakeUp,356
/bbs/Steam/index.html,Steam,351
/bbs/StupidClown/index.html,StupidClown,350
/bbs/AllTogether/index.html,AllTogether,347
/bbs/KR_Entertain/index.html,KR_Entertain,340
/bbs/KoreaDrama/index.html,KoreaDrama,340
/bbs/home-sale/index.html,home-sale,334
/bbs/TaichungBun/index.html,TaichungBun,327
/bbs/Tainan/index.html,Tainan,325
/bbs/PCReDive/index.html,PCReDive,325
/bbs/Badminton/index.html,Badminton,304
/bbs/creditcard/index.html,creditcard,297
/bbs/CVS/index.html,CVS,258
/bbs/Monkeys/index.html,Monkeys,258
/bbs/CFantasy/index.html,CFantasy,256
/bbs/NSwitch/index.html,NSwitch,253
/bbs/Salary/index.html,Salary,237
/bbs/PokemonGO/index.html,PokemonGO,234
/bbs/Japandrama/index.html,Japandrama,226
/bbs/ONE_PIECE/index.html,ONE_PIECE,221
/bbs/BuyTogether/index.html,BuyTogether,218
/bbs/iOS/index.html,iOS,212
/bbs/KanColle/index.html,KanColle,207
/bbs/japanavgirls/index.html,japanavgirls,207
/bbs/HardwareSale/index.html,HardwareSale,205
/bbs/studyteacher/index.html,studyteacher,204
/bbs/MuscleBeach/index.html,MuscleBeach,193
/bbs/Option/index.html,Option,191
/bbs/WOW/index.html,WOW,185
/bbs/basketballTW/index.html,basketballTW,183
/bbs/YuanChuang/index.html,YuanChuang,177
/bbs/TWICE/index.html,TWICE,175
/bbs/BeautySalon/index.html,BeautySalon,173
/bbs/FATE_GO/index.html,FATE_GO,160
/bbs/BTS/index.html,BTS,154
/bbs/Food/index.html,Food,154
/bbs/mobilesales/index.html,mobilesales,151
/bbs/Aviation/index.html,Aviation,151
/bbs/Teacher/index.html,Teacher,150
/bbs/PuzzleDragon/index.html,PuzzleDragon,143
/bbs/Soft_Job/index.html,Soft_Job,140
/bbs/KoreanPop/index.html,KoreanPop,139
/bbs/MobilePay/index.html,MobilePay,136
/bbs/Lakers/index.html,Lakers,133
/bbs/gay/index.html,gay,133
/bbs/Hsinchu/index.html,Hsinchu,131
/bbs/MLB/index.html,MLB,131
/bbs/AC_In/index.html,AC_In,129
/bbs/cat/index.html,cat,129
/bbs/GetMarry/index.html,GetMarry,128
/bbs/TypeMoon/index.html,TypeMoon,126
/bbs/Headphone/index.html,Headphone,123
/bbs/China-Drama/index.html,China-Drama,122
/bbs/part-time/index.html,part-time,122
/bbs/NBA_Film/index.html,NBA_Film,121
/bbs/CarShop/index.html,CarShop,115
/bbs/biker/index.html,biker,115
/bbs/Gov_owned/index.html,Gov_owned,114
/bbs/Examination/index.html,Examination,112
/bbs/MayDay/index.html,MayDay,112
/bbs/DSLR/index.html,DSLR,110
/bbs/job/index.html,job,107
/bbs/Gamesale/index.html,Gamesale,105
/bbs/TaiwanDrama/index.html,TaiwanDrama,102
/bbs/DMM_GAMES/index.html,DMM_GAMES,102
/bbs/forsale/index.html,forsale,99
/bbs/cookclub/index.html,cookclub,94
/bbs/MacShop/index.html,MacShop,92
/bbs/AKB48/index.html,AKB48,91
/bbs/fastfood/index.html,fastfood,90
/bbs/IZONE/index.html,IZONE,87
/bbs/MH/index.html,MH,85
/bbs/SENIORHIGH/index.html,SENIORHIGH,83
/bbs/Guardians/index.html,Guardians,83
/bbs/watch/index.html,watch,79
/bbs/Wanted/index.html,Wanted,78
/bbs/GBF/index.html,GBF,78
/bbs/PublicServan/index.html,PublicServan,77
/bbs/Key_Mou_Pad/index.html,Key_Mou_Pad,77
/bbs/feminine_sex/index.html,feminine_sex,77
/bbs/Finance/index.html,Finance,75
/bbs/nb-shopping/index.html,nb-shopping,73
/bbs/HelpBuy/index.html,HelpBuy,73
/bbs/hypermall/index.html,hypermall,73
/bbs/Palmar_Drama/index.html,Palmar_Drama,72
/bbs/Tennis/index.html,Tennis,71
/bbs/Military/index.html,Military,71
/bbs/TW_Entertain/index.html,TW_Entertain,71
/bbs/Lions/index.html,Lions,70
/bbs/Chiayi/index.html,Chiayi,69
/bbs/lesbian/index.html,lesbian,69
/bbs/AzurLane/index.html,AzurLane,67
/bbs/BB-Love/index.html,BB-Love,66
/bbs/FITNESS/index.html,FITNESS,64
/bbs/give/index.html,give,63
/bbs/Railway/index.html,Railway,63
/bbs/LGBT_SEX/index.html,LGBT_SEX,63
