﻿/bbs/Gossiping/index.html,Gossiping,16142
/bbs/NBA/index.html,NBA,3681
/bbs/Stock/index.html,Stock,3146
/bbs/C_Chat/index.html,C_Chat,2797
/bbs/Baseball/index.html,Baseball,2162
/bbs/MobileComm/index.html,MobileComm,1428
/bbs/Lifeismoney/index.html,Lifeismoney,1389
/bbs/LoL/index.html,LoL,1313
/bbs/HatePolitics/index.html,HatePolitics,1174
/bbs/Tech_Job/index.html,Tech_Job,989
/bbs/sex/index.html,sex,982
/bbs/car/index.html,car,902
/bbs/BabyMother/index.html,BabyMother,891
/bbs/movie/index.html,movie,822
/bbs/joke/index.html,joke,793
/bbs/WomenTalk/index.html,WomenTalk,766
/bbs/marvel/index.html,marvel,713
/bbs/Beauty/index.html,Beauty,684
/bbs/Japan_Travel/index.html,Japan_Travel,648
/bbs/KoreaStar/index.html,KoreaStar,626
/bbs/PC_Shopping/index.html,PC_Shopping,589
/bbs/ToS/index.html,ToS,580
/bbs/marriage/index.html,marriage,573
/bbs/Boy-Girl/index.html,Boy-Girl,527
/bbs/EAseries/index.html,EAseries,516
/bbs/Hearthstone/index.html,Hearthstone,472
/bbs/PlayStation/index.html,PlayStation,470
/bbs/e-shopping/index.html,e-shopping,384
/bbs/Kaohsiung/index.html,Kaohsiung,374
/bbs/AllTogether/index.html,AllTogether,373
/bbs/creditcard/index.html,creditcard,369
/bbs/TaichungBun/index.html,TaichungBun,362
/bbs/PCReDive/index.html,PCReDive,354
/bbs/Tainan/index.html,Tainan,348
/bbs/KoreaDrama/index.html,KoreaDrama,346
/bbs/home-sale/index.html,home-sale,341
/bbs/StupidClown/index.html,StupidClown,329
/bbs/Steam/index.html,Steam,328
/bbs/MakeUp/index.html,MakeUp,305
/bbs/NSwitch/index.html,NSwitch,288
/bbs/CFantasy/index.html,CFantasy,281
/bbs/KR_Entertain/index.html,KR_Entertain,277
/bbs/SportLottery/index.html,SportLottery,269
/bbs/BuyTogether/index.html,BuyTogether,264
/bbs/PokemonGO/index.html,PokemonGO,263
/bbs/CVS/index.html,CVS,252
/bbs/Salary/index.html,Salary,242
/bbs/WOW/index.html,WOW,239
/bbs/iOS/index.html,iOS,235
/bbs/Option/index.html,Option,234
/bbs/MuscleBeach/index.html,MuscleBeach,222
/bbs/japanavgirls/index.html,japanavgirls,222
/bbs/HardwareSale/index.html,HardwareSale,205
/bbs/Japandrama/index.html,Japandrama,205
/bbs/Elephants/index.html,Elephants,199
/bbs/BeautySalon/index.html,BeautySalon,194
/bbs/KanColle/index.html,KanColle,192
/bbs/basketballTW/index.html,basketballTW,186
/bbs/studyteacher/index.html,studyteacher,168
/bbs/Badminton/index.html,Badminton,168
/bbs/Teacher/index.html,Teacher,162
/bbs/biker/index.html,biker,162
/bbs/PuzzleDragon/index.html,PuzzleDragon,160
/bbs/mobilesales/index.html,mobilesales,158
/bbs/Aviation/index.html,Aviation,158
/bbs/FATE_GO/index.html,FATE_GO,152
/bbs/Soft_Job/index.html,Soft_Job,148
/bbs/part-time/index.html,part-time,148
/bbs/ONE_PIECE/index.html,ONE_PIECE,148
/bbs/AC_In/index.html,AC_In,142
/bbs/Gov_owned/index.html,Gov_owned,141
/bbs/MLB/index.html,MLB,141
/bbs/YuanChuang/index.html,YuanChuang,137
/bbs/cat/index.html,cat,136
/bbs/BTS/index.html,BTS,134
/bbs/Hsinchu/index.html,Hsinchu,133
/bbs/forsale/index.html,forsale,133
/bbs/NBA_Film/index.html,NBA_Film,131
/bbs/TWICE/index.html,TWICE,129
/bbs/Headphone/index.html,Headphone,128
/bbs/MobilePay/index.html,MobilePay,125
/bbs/GetMarry/index.html,GetMarry,125
/bbs/DMM_GAMES/index.html,DMM_GAMES,122
/bbs/DSLR/index.html,DSLR,120
/bbs/Gamesale/index.html,Gamesale,118
/bbs/MacShop/index.html,MacShop,117
/bbs/Examination/index.html,Examination,117
/bbs/Food/index.html,Food,116
/bbs/China-Drama/index.html,China-Drama,114
/bbs/gay/index.html,gay,114
/bbs/job/index.html,job,113
/bbs/MayDay/index.html,MayDay,107
/bbs/KoreanPop/index.html,KoreanPop,105
/bbs/Lakers/index.html,Lakers,103
/bbs/TaiwanDrama/index.html,TaiwanDrama,97
/bbs/watch/index.html,watch,94
/bbs/CarShop/index.html,CarShop,92
/bbs/HelpBuy/index.html,HelpBuy,88
/bbs/Monkeys/index.html,Monkeys,88
/bbs/BabyProducts/index.html,BabyProducts,84
/bbs/Wanted/index.html,Wanted,84
/bbs/GBF/index.html,GBF,84
/bbs/Nogizaka46/index.html,Nogizaka46,81
/bbs/TW_Entertain/index.html,TW_Entertain,80
/bbs/FITNESS/index.html,FITNESS,78
/bbs/IZONE/index.html,IZONE,77
/bbs/SuperBike/index.html,SuperBike,77
/bbs/cookclub/index.html,cookclub,77
/bbs/PublicServan/index.html,PublicServan,76
/bbs/Tennis/index.html,Tennis,76
/bbs/AzurLane/index.html,AzurLane,74
/bbs/give/index.html,give,72
/bbs/MH/index.html,MH,71
/bbs/TypeMoon/index.html,TypeMoon,71
/bbs/fastfood/index.html,fastfood,71
/bbs/Finance/index.html,Finance,70
/bbs/feminine_sex/index.html,feminine_sex,70
/bbs/Palmar_Drama/index.html,Palmar_Drama,70
/bbs/SENIORHIGH/index.html,SENIORHIGH,69
/bbs/Military/index.html,Military,69
/bbs/E-appliance/index.html,E-appliance,66
/bbs/Key_Mou_Pad/index.html,Key_Mou_Pad,66
/bbs/IdolMaster/index.html,IdolMaster,65
/bbs/Taoyuan/index.html,Taoyuan,65
/bbs/medstudent/index.html,medstudent,65
/bbs/LGBT_SEX/index.html,LGBT_SEX,64
/bbs/DIABLO/index.html,DIABLO,64
/bbs/Guardians/index.html,Guardians,64
