﻿/bbs/Gossiping/index.html,Gossiping,15101
/bbs/Baseball/index.html,Baseball,4212
/bbs/NBA/index.html,NBA,3715
/bbs/C_Chat/index.html,C_Chat,3167
/bbs/Stock/index.html,Stock,2728
/bbs/Lifeismoney/index.html,Lifeismoney,1402
/bbs/MobileComm/index.html,MobileComm,1376
/bbs/LoL/index.html,LoL,1365
/bbs/Elephants/index.html,Elephants,1260
/bbs/HatePolitics/index.html,HatePolitics,1247
/bbs/Tech_Job/index.html,Tech_Job,1016
/bbs/WomenTalk/index.html,WomenTalk,937
/bbs/sex/index.html,sex,912
/bbs/movie/index.html,movie,900
/bbs/car/index.html,car,841
/bbs/joke/index.html,joke,791
/bbs/KoreaStar/index.html,KoreaStar,770
/bbs/Beauty/index.html,Beauty,683
/bbs/BabyMother/index.html,BabyMother,681
/bbs/ToS/index.html,ToS,636
/bbs/Boy-Girl/index.html,Boy-Girl,581
/bbs/PC_Shopping/index.html,PC_Shopping,561
/bbs/Japan_Travel/index.html,Japan_Travel,551
/bbs/marriage/index.html,marriage,516
/bbs/Hearthstone/index.html,Hearthstone,508
/bbs/marvel/index.html,marvel,483
/bbs/EAseries/index.html,EAseries,462
/bbs/e-shopping/index.html,e-shopping,444
/bbs/PlayStation/index.html,PlayStation,436
/bbs/AllTogether/index.html,AllTogether,381
/bbs/Kaohsiung/index.html,Kaohsiung,364
/bbs/Steam/index.html,Steam,359
/bbs/SportLottery/index.html,SportLottery,358
/bbs/StupidClown/index.html,StupidClown,355
/bbs/KR_Entertain/index.html,KR_Entertain,352
/bbs/MakeUp/index.html,MakeUp,344
/bbs/Tainan/index.html,Tainan,341
/bbs/home-sale/index.html,home-sale,337
/bbs/KoreaDrama/index.html,KoreaDrama,335
/bbs/Badminton/index.html,Badminton,333
/bbs/PCReDive/index.html,PCReDive,326
/bbs/TaichungBun/index.html,TaichungBun,326
/bbs/Monkeys/index.html,Monkeys,298
/bbs/creditcard/index.html,creditcard,292
/bbs/NSwitch/index.html,NSwitch,268
/bbs/CVS/index.html,CVS,258
/bbs/CFantasy/index.html,CFantasy,252
/bbs/Salary/index.html,Salary,245
/bbs/Japandrama/index.html,Japandrama,245
/bbs/iOS/index.html,iOS,234
/bbs/PokemonGO/index.html,PokemonGO,223
/bbs/BuyTogether/index.html,BuyTogether,222
/bbs/ONE_PIECE/index.html,ONE_PIECE,213
/bbs/KanColle/index.html,KanColle,206
/bbs/Option/index.html,Option,201
/bbs/studyteacher/index.html,studyteacher,199
/bbs/MuscleBeach/index.html,MuscleBeach,198
/bbs/japanavgirls/index.html,japanavgirls,195
/bbs/basketballTW/index.html,basketballTW,190
/bbs/HardwareSale/index.html,HardwareSale,184
/bbs/BeautySalon/index.html,BeautySalon,178
/bbs/TWICE/index.html,TWICE,175
/bbs/WOW/index.html,WOW,169
/bbs/YuanChuang/index.html,YuanChuang,160
/bbs/Soft_Job/index.html,Soft_Job,158
/bbs/Aviation/index.html,Aviation,156
/bbs/BTS/index.html,BTS,156
/bbs/mobilesales/index.html,mobilesales,155
/bbs/FATE_GO/index.html,FATE_GO,154
/bbs/KoreanPop/index.html,KoreanPop,154
/bbs/Teacher/index.html,Teacher,152
/bbs/China-Drama/index.html,China-Drama,145
/bbs/cat/index.html,cat,145
/bbs/Food/index.html,Food,145
/bbs/PuzzleDragon/index.html,PuzzleDragon,141
/bbs/Hsinchu/index.html,Hsinchu,141
/bbs/MobilePay/index.html,MobilePay,138
/bbs/part-time/index.html,part-time,128
/bbs/biker/index.html,biker,125
/bbs/AC_In/index.html,AC_In,124
/bbs/GetMarry/index.html,GetMarry,123
/bbs/gay/index.html,gay,122
/bbs/NBA_Film/index.html,NBA_Film,119
/bbs/TypeMoon/index.html,TypeMoon,116
/bbs/Examination/index.html,Examination,116
/bbs/Headphone/index.html,Headphone,115
/bbs/MLB/index.html,MLB,115
/bbs/DMM_GAMES/index.html,DMM_GAMES,113
/bbs/Lakers/index.html,Lakers,112
/bbs/Gov_owned/index.html,Gov_owned,112
/bbs/TaiwanDrama/index.html,TaiwanDrama,110
/bbs/MayDay/index.html,MayDay,110
/bbs/CarShop/index.html,CarShop,105
/bbs/job/index.html,job,105
/bbs/Gamesale/index.html,Gamesale,103
/bbs/DSLR/index.html,DSLR,103
/bbs/AKB48/index.html,AKB48,96
/bbs/MacShop/index.html,MacShop,95
/bbs/cookclub/index.html,cookclub,92
/bbs/fastfood/index.html,fastfood,90
/bbs/PublicServan/index.html,PublicServan,89
/bbs/SENIORHIGH/index.html,SENIORHIGH,89
/bbs/forsale/index.html,forsale,89
/bbs/AzurLane/index.html,AzurLane,85
/bbs/IZONE/index.html,IZONE,84
/bbs/feminine_sex/index.html,feminine_sex,84
/bbs/Palmar_Drama/index.html,Palmar_Drama,83
/bbs/Guardians/index.html,Guardians,82
/bbs/Wanted/index.html,Wanted,81
/bbs/TW_Entertain/index.html,TW_Entertain,81
/bbs/Tennis/index.html,Tennis,79
/bbs/Finance/index.html,Finance,73
/bbs/Key_Mou_Pad/index.html,Key_Mou_Pad,73
/bbs/MH/index.html,MH,72
/bbs/GBF/index.html,GBF,72
/bbs/nb-shopping/index.html,nb-shopping,71
/bbs/HelpBuy/index.html,HelpBuy,71
/bbs/Chiayi/index.html,Chiayi,70
/bbs/Lions/index.html,Lions,69
/bbs/Military/index.html,Military,69
/bbs/hypermall/index.html,hypermall,67
/bbs/lesbian/index.html,lesbian,67
/bbs/BabyProducts/index.html,BabyProducts,65
/bbs/Nogizaka46/index.html,Nogizaka46,65
/bbs/watch/index.html,watch,65
/bbs/FITNESS/index.html,FITNESS,65
/bbs/PathofExile/index.html,PathofExile,64
/bbs/DIABLO/index.html,DIABLO,64
