﻿/bbs/Gossiping/index.html,Gossiping,15140
/bbs/NBA/index.html,NBA,3818
/bbs/Baseball/index.html,Baseball,3707
/bbs/C_Chat/index.html,C_Chat,3108
/bbs/Stock/index.html,Stock,2759
/bbs/Lifeismoney/index.html,Lifeismoney,1395
/bbs/LoL/index.html,LoL,1364
/bbs/MobileComm/index.html,MobileComm,1359
/bbs/HatePolitics/index.html,HatePolitics,1233
/bbs/Tech_Job/index.html,Tech_Job,1049
/bbs/WomenTalk/index.html,WomenTalk,935
/bbs/movie/index.html,movie,906
/bbs/sex/index.html,sex,874
/bbs/car/index.html,car,832
/bbs/KoreaStar/index.html,KoreaStar,783
/bbs/joke/index.html,joke,748
/bbs/Elephants/index.html,Elephants,735
/bbs/BabyMother/index.html,BabyMother,718
/bbs/Beauty/index.html,Beauty,662
/bbs/ToS/index.html,ToS,633
/bbs/Boy-Girl/index.html,Boy-Girl,564
/bbs/PC_Shopping/index.html,PC_Shopping,559
/bbs/Japan_Travel/index.html,Japan_Travel,536
/bbs/marvel/index.html,marvel,499
/bbs/Hearthstone/index.html,Hearthstone,492
/bbs/marriage/index.html,marriage,469
/bbs/EAseries/index.html,EAseries,456
/bbs/PlayStation/index.html,PlayStation,442
/bbs/e-shopping/index.html,e-shopping,428
/bbs/MakeUp/index.html,MakeUp,367
/bbs/AllTogether/index.html,AllTogether,365
/bbs/SportLottery/index.html,SportLottery,358
/bbs/StupidClown/index.html,StupidClown,353
/bbs/TaichungBun/index.html,TaichungBun,348
/bbs/KoreaDrama/index.html,KoreaDrama,348
/bbs/Steam/index.html,Steam,348
/bbs/Kaohsiung/index.html,Kaohsiung,338
/bbs/KR_Entertain/index.html,KR_Entertain,337
/bbs/PCReDive/index.html,PCReDive,336
/bbs/home-sale/index.html,home-sale,335
/bbs/Tainan/index.html,Tainan,323
/bbs/Badminton/index.html,Badminton,306
/bbs/creditcard/index.html,creditcard,293
/bbs/NSwitch/index.html,NSwitch,265
/bbs/Salary/index.html,Salary,252
/bbs/CFantasy/index.html,CFantasy,250
/bbs/CVS/index.html,CVS,244
/bbs/Monkeys/index.html,Monkeys,236
/bbs/Japandrama/index.html,Japandrama,233
/bbs/PokemonGO/index.html,PokemonGO,228
/bbs/ONE_PIECE/index.html,ONE_PIECE,226
/bbs/studyteacher/index.html,studyteacher,209
/bbs/KanColle/index.html,KanColle,207
/bbs/BuyTogether/index.html,BuyTogether,206
/bbs/iOS/index.html,iOS,205
/bbs/HardwareSale/index.html,HardwareSale,199
/bbs/MuscleBeach/index.html,MuscleBeach,199
/bbs/WOW/index.html,WOW,192
/bbs/basketballTW/index.html,basketballTW,189
/bbs/japanavgirls/index.html,japanavgirls,189
/bbs/Option/index.html,Option,188
/bbs/BeautySalon/index.html,BeautySalon,183
/bbs/TWICE/index.html,TWICE,178
/bbs/YuanChuang/index.html,YuanChuang,172
/bbs/BTS/index.html,BTS,157
/bbs/mobilesales/index.html,mobilesales,154
/bbs/Teacher/index.html,Teacher,154
/bbs/Aviation/index.html,Aviation,153
/bbs/Food/index.html,Food,151
/bbs/FATE_GO/index.html,FATE_GO,148
/bbs/MobilePay/index.html,MobilePay,147
/bbs/KoreanPop/index.html,KoreanPop,144
/bbs/PuzzleDragon/index.html,PuzzleDragon,143
/bbs/Soft_Job/index.html,Soft_Job,140
/bbs/Lakers/index.html,Lakers,138
/bbs/TypeMoon/index.html,TypeMoon,133
/bbs/biker/index.html,biker,133
/bbs/gay/index.html,gay,133
/bbs/cat/index.html,cat,131
/bbs/GetMarry/index.html,GetMarry,131
/bbs/Headphone/index.html,Headphone,129
/bbs/part-time/index.html,part-time,129
/bbs/AC_In/index.html,AC_In,126
/bbs/MLB/index.html,MLB,124
/bbs/Examination/index.html,Examination,122
/bbs/China-Drama/index.html,China-Drama,121
/bbs/CarShop/index.html,CarShop,118
/bbs/Hsinchu/index.html,Hsinchu,114
/bbs/NBA_Film/index.html,NBA_Film,114
/bbs/Gov_owned/index.html,Gov_owned,113
/bbs/Gamesale/index.html,Gamesale,108
/bbs/job/index.html,job,108
/bbs/DSLR/index.html,DSLR,107
/bbs/MayDay/index.html,MayDay,102
/bbs/forsale/index.html,forsale,102
/bbs/TaiwanDrama/index.html,TaiwanDrama,100
/bbs/SENIORHIGH/index.html,SENIORHIGH,99
/bbs/MacShop/index.html,MacShop,97
/bbs/DMM_GAMES/index.html,DMM_GAMES,97
/bbs/AKB48/index.html,AKB48,94
/bbs/PublicServan/index.html,PublicServan,94
/bbs/fastfood/index.html,fastfood,91
/bbs/cookclub/index.html,cookclub,89
/bbs/Tennis/index.html,Tennis,85
/bbs/MH/index.html,MH,84
/bbs/Finance/index.html,Finance,82
/bbs/IZONE/index.html,IZONE,79
/bbs/feminine_sex/index.html,feminine_sex,78
/bbs/Key_Mou_Pad/index.html,Key_Mou_Pad,77
/bbs/GBF/index.html,GBF,77
/bbs/Guardians/index.html,Guardians,76
/bbs/Palmar_Drama/index.html,Palmar_Drama,75
/bbs/lesbian/index.html,lesbian,73
/bbs/LGBT_SEX/index.html,LGBT_SEX,72
/bbs/Military/index.html,Military,72
/bbs/hypermall/index.html,hypermall,71
/bbs/nb-shopping/index.html,nb-shopping,70
/bbs/Wanted/index.html,Wanted,70
/bbs/give/index.html,give,69
/bbs/Nogizaka46/index.html,Nogizaka46,69
/bbs/HelpBuy/index.html,HelpBuy,69
/bbs/TW_Entertain/index.html,TW_Entertain,69
/bbs/AzurLane/index.html,AzurLane,68
/bbs/watch/index.html,watch,68
/bbs/IdolMaster/index.html,IdolMaster,67
/bbs/BB-Love/index.html,BB-Love,65
/bbs/medstudent/index.html,medstudent,65
/bbs/Lions/index.html,Lions,64
