﻿/bbs/Gossiping/index.html,Gossiping,15161
/bbs/Baseball/index.html,Baseball,4142
/bbs/NBA/index.html,NBA,3699
/bbs/C_Chat/index.html,C_Chat,3171
/bbs/Stock/index.html,Stock,2697
/bbs/Lifeismoney/index.html,Lifeismoney,1370
/bbs/MobileComm/index.html,MobileComm,1353
/bbs/LoL/index.html,LoL,1328
/bbs/Elephants/index.html,Elephants,1270
/bbs/HatePolitics/index.html,HatePolitics,1196
/bbs/Tech_Job/index.html,Tech_Job,1030
/bbs/WomenTalk/index.html,WomenTalk,934
/bbs/sex/index.html,sex,912
/bbs/car/index.html,car,864
/bbs/movie/index.html,movie,839
/bbs/joke/index.html,joke,771
/bbs/KoreaStar/index.html,KoreaStar,761
/bbs/BabyMother/index.html,BabyMother,666
/bbs/Beauty/index.html,Beauty,665
/bbs/ToS/index.html,ToS,651
/bbs/Boy-Girl/index.html,Boy-Girl,585
/bbs/PC_Shopping/index.html,PC_Shopping,564
/bbs/Japan_Travel/index.html,Japan_Travel,556
/bbs/marriage/index.html,marriage,516
/bbs/Hearthstone/index.html,Hearthstone,503
/bbs/marvel/index.html,marvel,474
/bbs/EAseries/index.html,EAseries,471
/bbs/e-shopping/index.html,e-shopping,455
/bbs/PlayStation/index.html,PlayStation,434
/bbs/Tainan/index.html,Tainan,385
/bbs/SportLottery/index.html,SportLottery,383
/bbs/AllTogether/index.html,AllTogether,368
/bbs/KR_Entertain/index.html,KR_Entertain,365
/bbs/MakeUp/index.html,MakeUp,356
/bbs/StupidClown/index.html,StupidClown,356
/bbs/KoreaDrama/index.html,KoreaDrama,351
/bbs/Steam/index.html,Steam,348
/bbs/Kaohsiung/index.html,Kaohsiung,345
/bbs/PCReDive/index.html,PCReDive,343
/bbs/home-sale/index.html,home-sale,338
/bbs/Monkeys/index.html,Monkeys,337
/bbs/TaichungBun/index.html,TaichungBun,330
/bbs/Badminton/index.html,Badminton,321
/bbs/creditcard/index.html,creditcard,316
/bbs/NSwitch/index.html,NSwitch,283
/bbs/CVS/index.html,CVS,269
/bbs/Japandrama/index.html,Japandrama,251
/bbs/CFantasy/index.html,CFantasy,246
/bbs/PokemonGO/index.html,PokemonGO,238
/bbs/Salary/index.html,Salary,236
/bbs/ONE_PIECE/index.html,ONE_PIECE,227
/bbs/iOS/index.html,iOS,217
/bbs/MuscleBeach/index.html,MuscleBeach,215
/bbs/KanColle/index.html,KanColle,214
/bbs/japanavgirls/index.html,japanavgirls,210
/bbs/basketballTW/index.html,basketballTW,206
/bbs/BuyTogether/index.html,BuyTogether,202
/bbs/studyteacher/index.html,studyteacher,197
/bbs/BeautySalon/index.html,BeautySalon,194
/bbs/KoreanPop/index.html,KoreanPop,191
/bbs/HardwareSale/index.html,HardwareSale,190
/bbs/Option/index.html,Option,190
/bbs/WOW/index.html,WOW,178
/bbs/YuanChuang/index.html,YuanChuang,165
/bbs/TWICE/index.html,TWICE,165
/bbs/Aviation/index.html,Aviation,160
/bbs/BTS/index.html,BTS,156
/bbs/FATE_GO/index.html,FATE_GO,153
/bbs/cat/index.html,cat,152
/bbs/Hsinchu/index.html,Hsinchu,149
/bbs/Soft_Job/index.html,Soft_Job,144
/bbs/Teacher/index.html,Teacher,143
/bbs/MobilePay/index.html,MobilePay,142
/bbs/part-time/index.html,part-time,142
/bbs/PuzzleDragon/index.html,PuzzleDragon,141
/bbs/mobilesales/index.html,mobilesales,138
/bbs/TypeMoon/index.html,TypeMoon,135
/bbs/biker/index.html,biker,135
/bbs/AC_In/index.html,AC_In,133
/bbs/China-Drama/index.html,China-Drama,133
/bbs/Food/index.html,Food,132
/bbs/Lakers/index.html,Lakers,125
/bbs/MLB/index.html,MLB,120
/bbs/GetMarry/index.html,GetMarry,118
/bbs/Headphone/index.html,Headphone,117
/bbs/gay/index.html,gay,116
/bbs/DSLR/index.html,DSLR,115
/bbs/Gov_owned/index.html,Gov_owned,114
/bbs/Gamesale/index.html,Gamesale,113
/bbs/Examination/index.html,Examination,113
/bbs/MayDay/index.html,MayDay,113
/bbs/CarShop/index.html,CarShop,107
/bbs/NBA_Film/index.html,NBA_Film,107
/bbs/TaiwanDrama/index.html,TaiwanDrama,106
/bbs/DMM_GAMES/index.html,DMM_GAMES,103
/bbs/Guardians/index.html,Guardians,102
/bbs/forsale/index.html,forsale,100
/bbs/SENIORHIGH/index.html,SENIORHIGH,98
/bbs/AzurLane/index.html,AzurLane,97
/bbs/IZONE/index.html,IZONE,97
/bbs/job/index.html,job,94
/bbs/AKB48/index.html,AKB48,93
/bbs/PublicServan/index.html,PublicServan,88
/bbs/MacShop/index.html,MacShop,88
/bbs/fastfood/index.html,fastfood,87
/bbs/Finance/index.html,Finance,80
/bbs/cookclub/index.html,cookclub,80
/bbs/HelpBuy/index.html,HelpBuy,77
/bbs/GBF/index.html,GBF,76
/bbs/FITNESS/index.html,FITNESS,76
/bbs/Palmar_Drama/index.html,Palmar_Drama,76
/bbs/Tennis/index.html,Tennis,76
/bbs/hypermall/index.html,hypermall,75
/bbs/LGBT_SEX/index.html,LGBT_SEX,73
/bbs/Lions/index.html,Lions,73
/bbs/Wanted/index.html,Wanted,72
/bbs/MH/index.html,MH,70
/bbs/give/index.html,give,69
/bbs/Nogizaka46/index.html,Nogizaka46,69
/bbs/feminine_sex/index.html,feminine_sex,69
/bbs/TW_Entertain/index.html,TW_Entertain,69
/bbs/Key_Mou_Pad/index.html,Key_Mou_Pad,67
/bbs/DIABLO/index.html,DIABLO,66
/bbs/SuperBike/index.html,SuperBike,65
/bbs/watch/index.html,watch,65
/bbs/DC_SALE/index.html,DC_SALE,64
/bbs/Chiayi/index.html,Chiayi,64
/bbs/BB-Love/index.html,BB-Love,64
