﻿/bbs/Gossiping/index.html,Gossiping,15246
/bbs/NBA/index.html,NBA,3516
/bbs/Baseball/index.html,Baseball,2873
/bbs/Stock/index.html,Stock,2832
/bbs/C_Chat/index.html,C_Chat,2659
/bbs/LoL/index.html,LoL,1426
/bbs/Lifeismoney/index.html,Lifeismoney,1397
/bbs/HatePolitics/index.html,HatePolitics,1368
/bbs/MobileComm/index.html,MobileComm,1345
/bbs/Tech_Job/index.html,Tech_Job,1019
/bbs/sex/index.html,sex,950
/bbs/WomenTalk/index.html,WomenTalk,835
/bbs/movie/index.html,movie,824
/bbs/car/index.html,car,803
/bbs/BabyMother/index.html,BabyMother,790
/bbs/joke/index.html,joke,768
/bbs/ToS/index.html,ToS,722
/bbs/KoreaStar/index.html,KoreaStar,715
/bbs/Beauty/index.html,Beauty,642
/bbs/marvel/index.html,marvel,594
/bbs/Japan_Travel/index.html,Japan_Travel,575
/bbs/PC_Shopping/index.html,PC_Shopping,561
/bbs/marriage/index.html,marriage,547
/bbs/Boy-Girl/index.html,Boy-Girl,507
/bbs/Hearthstone/index.html,Hearthstone,494
/bbs/PlayStation/index.html,PlayStation,477
/bbs/EAseries/index.html,EAseries,462
/bbs/AllTogether/index.html,AllTogether,388
/bbs/Steam/index.html,Steam,366
/bbs/SportLottery/index.html,SportLottery,356
/bbs/Kaohsiung/index.html,Kaohsiung,355
/bbs/PCReDive/index.html,PCReDive,346
/bbs/MakeUp/index.html,MakeUp,345
/bbs/StupidClown/index.html,StupidClown,345
/bbs/e-shopping/index.html,e-shopping,339
/bbs/TaichungBun/index.html,TaichungBun,335
/bbs/Tainan/index.html,Tainan,327
/bbs/creditcard/index.html,creditcard,323
/bbs/KoreaDrama/index.html,KoreaDrama,317
/bbs/home-sale/index.html,home-sale,302
/bbs/KR_Entertain/index.html,KR_Entertain,269
/bbs/CFantasy/index.html,CFantasy,267
/bbs/NSwitch/index.html,NSwitch,257
/bbs/CVS/index.html,CVS,255
/bbs/PokemonGO/index.html,PokemonGO,234
/bbs/BuyTogether/index.html,BuyTogether,228
/bbs/MuscleBeach/index.html,MuscleBeach,228
/bbs/Japandrama/index.html,Japandrama,228
/bbs/ONE_PIECE/index.html,ONE_PIECE,227
/bbs/HardwareSale/index.html,HardwareSale,224
/bbs/Salary/index.html,Salary,222
/bbs/Elephants/index.html,Elephants,221
/bbs/japanavgirls/index.html,japanavgirls,219
/bbs/WOW/index.html,WOW,217
/bbs/Option/index.html,Option,207
/bbs/iOS/index.html,iOS,200
/bbs/BeautySalon/index.html,BeautySalon,194
/bbs/basketballTW/index.html,basketballTW,184
/bbs/PuzzleDragon/index.html,PuzzleDragon,178
/bbs/studyteacher/index.html,studyteacher,177
/bbs/KanColle/index.html,KanColle,173
/bbs/Soft_Job/index.html,Soft_Job,161
/bbs/mobilesales/index.html,mobilesales,158
/bbs/MobilePay/index.html,MobilePay,153
/bbs/Teacher/index.html,Teacher,152
/bbs/Badminton/index.html,Badminton,149
/bbs/Aviation/index.html,Aviation,144
/bbs/biker/index.html,biker,144
/bbs/YuanChuang/index.html,YuanChuang,143
/bbs/AC_In/index.html,AC_In,143
/bbs/Food/index.html,Food,139
/bbs/part-time/index.html,part-time,136
/bbs/BTS/index.html,BTS,135
/bbs/TWICE/index.html,TWICE,133
/bbs/KoreanPop/index.html,KoreanPop,131
/bbs/FATE_GO/index.html,FATE_GO,130
/bbs/DSLR/index.html,DSLR,128
/bbs/MLB/index.html,MLB,128
/bbs/cat/index.html,cat,127
/bbs/Hsinchu/index.html,Hsinchu,126
/bbs/NBA_Film/index.html,NBA_Film,126
/bbs/Lakers/index.html,Lakers,123
/bbs/Gamesale/index.html,Gamesale,122
/bbs/forsale/index.html,forsale,121
/bbs/TypeMoon/index.html,TypeMoon,119
/bbs/China-Drama/index.html,China-Drama,117
/bbs/GetMarry/index.html,GetMarry,117
/bbs/Headphone/index.html,Headphone,111
/bbs/job/index.html,job,108
/bbs/Examination/index.html,Examination,106
/bbs/Gov_owned/index.html,Gov_owned,103
/bbs/TaiwanDrama/index.html,TaiwanDrama,100
/bbs/fastfood/index.html,fastfood,99
/bbs/DMM_GAMES/index.html,DMM_GAMES,96
/bbs/cookclub/index.html,cookclub,95
/bbs/MacShop/index.html,MacShop,93
/bbs/SENIORHIGH/index.html,SENIORHIGH,93
/bbs/MayDay/index.html,MayDay,92
/bbs/gay/index.html,gay,89
/bbs/Wanted/index.html,Wanted,86
/bbs/GBF/index.html,GBF,84
/bbs/Palmar_Drama/index.html,Palmar_Drama,84
/bbs/Nogizaka46/index.html,Nogizaka46,81
/bbs/Monkeys/index.html,Monkeys,81
/bbs/CarShop/index.html,CarShop,80
/bbs/Tennis/index.html,Tennis,79
/bbs/BabyProducts/index.html,BabyProducts,78
/bbs/AzurLane/index.html,AzurLane,77
/bbs/watch/index.html,watch,77
/bbs/IdolMaster/index.html,IdolMaster,76
/bbs/Military/index.html,Military,76
/bbs/LGBT_SEX/index.html,LGBT_SEX,75
/bbs/FORMULA1/index.html,FORMULA1,75
/bbs/nb-shopping/index.html,nb-shopping,74
/bbs/TW_Entertain/index.html,TW_Entertain,74
/bbs/give/index.html,give,73
/bbs/HelpBuy/index.html,HelpBuy,73
/bbs/AKB48/index.html,AKB48,70
/bbs/MH/index.html,MH,70
/bbs/PublicServan/index.html,PublicServan,70
/bbs/Guardians/index.html,Guardians,70
/bbs/E-appliance/index.html,E-appliance,69
/bbs/hypermall/index.html,hypermall,68
/bbs/PathofExile/index.html,PathofExile,67
/bbs/FITNESS/index.html,FITNESS,67
/bbs/lesbian/index.html,lesbian,67
/bbs/DC_SALE/index.html,DC_SALE,66
/bbs/IZONE/index.html,IZONE,65
