﻿/bbs/Gossiping/index.html,Gossiping,15159
/bbs/Baseball/index.html,Baseball,3631
/bbs/NBA/index.html,NBA,3324
/bbs/C_Chat/index.html,C_Chat,3165
/bbs/Stock/index.html,Stock,3135
/bbs/Lifeismoney/index.html,Lifeismoney,1624
/bbs/MobileComm/index.html,MobileComm,1436
/bbs/LoL/index.html,LoL,1354
/bbs/KoreaDrama/index.html,KoreaDrama,1253
/bbs/sex/index.html,sex,1221
/bbs/Elephants/index.html,Elephants,1211
/bbs/HatePolitics/index.html,HatePolitics,1198
/bbs/Tech_Job/index.html,Tech_Job,1179
/bbs/movie/index.html,movie,1130
/bbs/car/index.html,car,1020
/bbs/WomenTalk/index.html,WomenTalk,934
/bbs/BabyMother/index.html,BabyMother,797
/bbs/ToS/index.html,ToS,783
/bbs/joke/index.html,joke,747
/bbs/Beauty/index.html,Beauty,728
/bbs/Japan_Travel/index.html,Japan_Travel,714
/bbs/KoreaStar/index.html,KoreaStar,700
/bbs/Boy-Girl/index.html,Boy-Girl,620
/bbs/PC_Shopping/index.html,PC_Shopping,614
/bbs/e-shopping/index.html,e-shopping,612
/bbs/EAseries/index.html,EAseries,569
/bbs/KR_Entertain/index.html,KR_Entertain,555
/bbs/Hearthstone/index.html,Hearthstone,543
/bbs/marvel/index.html,marvel,496
/bbs/Monkeys/index.html,Monkeys,495
/bbs/marriage/index.html,marriage,481
/bbs/PlayStation/index.html,PlayStation,475
/bbs/AllTogether/index.html,AllTogether,474
/bbs/MakeUp/index.html,MakeUp,472
/bbs/Tainan/index.html,Tainan,464
/bbs/Badminton/index.html,Badminton,448
/bbs/Steam/index.html,Steam,434
/bbs/home-sale/index.html,home-sale,419
/bbs/PCReDive/index.html,PCReDive,397
/bbs/Kaohsiung/index.html,Kaohsiung,396
/bbs/creditcard/index.html,creditcard,392
/bbs/TaichungBun/index.html,TaichungBun,355
/bbs/SportLottery/index.html,SportLottery,350
/bbs/StupidClown/index.html,StupidClown,342
/bbs/japanavgirls/index.html,japanavgirls,338
/bbs/iOS/index.html,iOS,325
/bbs/CVS/index.html,CVS,315
/bbs/Japandrama/index.html,Japandrama,308
/bbs/ONE_PIECE/index.html,ONE_PIECE,304
/bbs/NSwitch/index.html,NSwitch,299
/bbs/CFantasy/index.html,CFantasy,297
/bbs/Salary/index.html,Salary,282
/bbs/YuanChuang/index.html,YuanChuang,277
/bbs/KanColle/index.html,KanColle,267
/bbs/BeautySalon/index.html,BeautySalon,251
/bbs/studyteacher/index.html,studyteacher,245
/bbs/KoreanPop/index.html,KoreanPop,243
/bbs/BuyTogether/index.html,BuyTogether,230
/bbs/MuscleBeach/index.html,MuscleBeach,229
/bbs/basketballTW/index.html,basketballTW,229
/bbs/PokemonGO/index.html,PokemonGO,228
/bbs/WOW/index.html,WOW,213
/bbs/Hsinchu/index.html,Hsinchu,203
/bbs/HardwareSale/index.html,HardwareSale,200
/bbs/TW_Entertain/index.html,TW_Entertain,197
/bbs/Option/index.html,Option,195
/bbs/NBA_Film/index.html,NBA_Film,193
/bbs/AC_In/index.html,AC_In,177
/bbs/Lakers/index.html,Lakers,173
/bbs/TWICE/index.html,TWICE,170
/bbs/BTS/index.html,BTS,168
/bbs/FATE_GO/index.html,FATE_GO,165
/bbs/Teacher/index.html,Teacher,165
/bbs/MLB/index.html,MLB,163
/bbs/mobilesales/index.html,mobilesales,162
/bbs/MayDay/index.html,MayDay,162
/bbs/Food/index.html,Food,162
/bbs/TaiwanDrama/index.html,TaiwanDrama,159
/bbs/China-Drama/index.html,China-Drama,154
/bbs/MobilePay/index.html,MobilePay,153
/bbs/cat/index.html,cat,149
/bbs/Gov_owned/index.html,Gov_owned,147
/bbs/Soft_Job/index.html,Soft_Job,146
/bbs/gay/index.html,gay,145
/bbs/GetMarry/index.html,GetMarry,140
/bbs/biker/index.html,biker,138
/bbs/part-time/index.html,part-time,138
/bbs/Examination/index.html,Examination,137
/bbs/Aviation/index.html,Aviation,131
/bbs/Finance/index.html,Finance,126
/bbs/Gamesale/index.html,Gamesale,122
/bbs/AKB48/index.html,AKB48,122
/bbs/PuzzleDragon/index.html,PuzzleDragon,122
/bbs/CarShop/index.html,CarShop,121
/bbs/lesbian/index.html,lesbian,121
/bbs/forsale/index.html,forsale,118
/bbs/DMM_GAMES/index.html,DMM_GAMES,114
/bbs/Headphone/index.html,Headphone,112
/bbs/DSLR/index.html,DSLR,111
/bbs/LGBT_SEX/index.html,LGBT_SEX,106
/bbs/Military/index.html,Military,106
/bbs/PublicServan/index.html,PublicServan,104
/bbs/TypeMoon/index.html,TypeMoon,104
/bbs/MacShop/index.html,MacShop,104
/bbs/Wanted/index.html,Wanted,102
/bbs/job/index.html,job,99
/bbs/watch/index.html,watch,97
/bbs/SET/index.html,SET,96
/bbs/HelpBuy/index.html,HelpBuy,95
/bbs/MH/index.html,MH,94
/bbs/BB-Love/index.html,BB-Love,93
/bbs/cookclub/index.html,cookclub,93
/bbs/Tennis/index.html,Tennis,93
/bbs/nb-shopping/index.html,nb-shopping,90
/bbs/DIABLO/index.html,DIABLO,90
/bbs/Nogizaka46/index.html,Nogizaka46,86
/bbs/AzurLane/index.html,AzurLane,85
/bbs/IZONE/index.html,IZONE,85
/bbs/SENIORHIGH/index.html,SENIORHIGH,85
/bbs/feminine_sex/index.html,feminine_sex,83
/bbs/give/index.html,give,82
/bbs/FTV/index.html,FTV,82
/bbs/hypermall/index.html,hypermall,82
/bbs/FORMULA1/index.html,FORMULA1,82
/bbs/Palmar_Drama/index.html,Palmar_Drama,81
/bbs/fastfood/index.html,fastfood,80
/bbs/Brand/index.html,Brand,80
/bbs/FITNESS/index.html,FITNESS,77
