﻿/bbs/Gossiping/index.html,Gossiping,15372
/bbs/Baseball/index.html,Baseball,3746
/bbs/NBA/index.html,NBA,3293
/bbs/C_Chat/index.html,C_Chat,3219
/bbs/Stock/index.html,Stock,3193
/bbs/Lifeismoney/index.html,Lifeismoney,1658
/bbs/MobileComm/index.html,MobileComm,1434
/bbs/KoreaDrama/index.html,KoreaDrama,1413
/bbs/LoL/index.html,LoL,1386
/bbs/movie/index.html,movie,1255
/bbs/sex/index.html,sex,1249
/bbs/Tech_Job/index.html,Tech_Job,1205
/bbs/HatePolitics/index.html,HatePolitics,1132
/bbs/car/index.html,car,1085
/bbs/Elephants/index.html,Elephants,1078
/bbs/WomenTalk/index.html,WomenTalk,947
/bbs/BabyMother/index.html,BabyMother,895
/bbs/ToS/index.html,ToS,806
/bbs/Beauty/index.html,Beauty,780
/bbs/joke/index.html,joke,757
/bbs/Japan_Travel/index.html,Japan_Travel,715
/bbs/e-shopping/index.html,e-shopping,684
/bbs/KoreaStar/index.html,KoreaStar,682
/bbs/Boy-Girl/index.html,Boy-Girl,622
/bbs/PC_Shopping/index.html,PC_Shopping,607
/bbs/EAseries/index.html,EAseries,580
/bbs/Hearthstone/index.html,Hearthstone,545
/bbs/Badminton/index.html,Badminton,544
/bbs/KR_Entertain/index.html,KR_Entertain,531
/bbs/marriage/index.html,marriage,513
/bbs/AllTogether/index.html,AllTogether,500
/bbs/marvel/index.html,marvel,495
/bbs/PlayStation/index.html,PlayStation,477
/bbs/Tainan/index.html,Tainan,465
/bbs/home-sale/index.html,home-sale,457
/bbs/MakeUp/index.html,MakeUp,441
/bbs/Steam/index.html,Steam,435
/bbs/creditcard/index.html,creditcard,431
/bbs/Monkeys/index.html,Monkeys,415
/bbs/Kaohsiung/index.html,Kaohsiung,415
/bbs/PCReDive/index.html,PCReDive,407
/bbs/SportLottery/index.html,SportLottery,388
/bbs/TaichungBun/index.html,TaichungBun,366
/bbs/StupidClown/index.html,StupidClown,357
/bbs/japanavgirls/index.html,japanavgirls,341
/bbs/NSwitch/index.html,NSwitch,334
/bbs/ONE_PIECE/index.html,ONE_PIECE,332
/bbs/Japandrama/index.html,Japandrama,322
/bbs/iOS/index.html,iOS,300
/bbs/CFantasy/index.html,CFantasy,298
/bbs/KanColle/index.html,KanColle,293
/bbs/CVS/index.html,CVS,292
/bbs/Salary/index.html,Salary,291
/bbs/YuanChuang/index.html,YuanChuang,275
/bbs/KoreanPop/index.html,KoreanPop,267
/bbs/BuyTogether/index.html,BuyTogether,256
/bbs/PokemonGO/index.html,PokemonGO,240
/bbs/studyteacher/index.html,studyteacher,234
/bbs/BeautySalon/index.html,BeautySalon,231
/bbs/WOW/index.html,WOW,224
/bbs/Hsinchu/index.html,Hsinchu,223
/bbs/basketballTW/index.html,basketballTW,222
/bbs/HardwareSale/index.html,HardwareSale,220
/bbs/MuscleBeach/index.html,MuscleBeach,218
/bbs/TWICE/index.html,TWICE,195
/bbs/Option/index.html,Option,192
/bbs/NBA_Film/index.html,NBA_Film,187
/bbs/TW_Entertain/index.html,TW_Entertain,183
/bbs/FATE_GO/index.html,FATE_GO,179
/bbs/AC_In/index.html,AC_In,177
/bbs/Lakers/index.html,Lakers,177
/bbs/BTS/index.html,BTS,176
/bbs/MayDay/index.html,MayDay,176
/bbs/Food/index.html,Food,175
/bbs/MLB/index.html,MLB,172
/bbs/mobilesales/index.html,mobilesales,167
/bbs/cat/index.html,cat,164
/bbs/China-Drama/index.html,China-Drama,163
/bbs/MobilePay/index.html,MobilePay,162
/bbs/Teacher/index.html,Teacher,156
/bbs/GetMarry/index.html,GetMarry,156
/bbs/TaiwanDrama/index.html,TaiwanDrama,155
/bbs/Gov_owned/index.html,Gov_owned,151
/bbs/Soft_Job/index.html,Soft_Job,149
/bbs/Finance/index.html,Finance,148
/bbs/Examination/index.html,Examination,147
/bbs/gay/index.html,gay,146
/bbs/biker/index.html,biker,144
/bbs/part-time/index.html,part-time,138
/bbs/PuzzleDragon/index.html,PuzzleDragon,134
/bbs/Headphone/index.html,Headphone,134
/bbs/DSLR/index.html,DSLR,133
/bbs/Aviation/index.html,Aviation,132
/bbs/lesbian/index.html,lesbian,131
/bbs/FTV/index.html,FTV,130
/bbs/forsale/index.html,forsale,128
/bbs/CarShop/index.html,CarShop,126
/bbs/Gamesale/index.html,Gamesale,124
/bbs/TypeMoon/index.html,TypeMoon,119
/bbs/DMM_GAMES/index.html,DMM_GAMES,118
/bbs/MacShop/index.html,MacShop,116
/bbs/LGBT_SEX/index.html,LGBT_SEX,114
/bbs/SET/index.html,SET,110
/bbs/AKB48/index.html,AKB48,109
/bbs/BB-Love/index.html,BB-Love,109
/bbs/PublicServan/index.html,PublicServan,108
/bbs/watch/index.html,watch,108
/bbs/Palmar_Drama/index.html,Palmar_Drama,106
/bbs/MH/index.html,MH,105
/bbs/cookclub/index.html,cookclub,100
/bbs/job/index.html,job,100
/bbs/GBF/index.html,GBF,96
/bbs/AzurLane/index.html,AzurLane,93
/bbs/BabyProducts/index.html,BabyProducts,93
/bbs/Wanted/index.html,Wanted,93
/bbs/SENIORHIGH/index.html,SENIORHIGH,93
/bbs/Guardians/index.html,Guardians,91
/bbs/Tennis/index.html,Tennis,91
/bbs/Brand/index.html,Brand,89
/bbs/DIABLO/index.html,DIABLO,89
/bbs/Military/index.html,Military,89
/bbs/hypermall/index.html,hypermall,88
/bbs/FORMULA1/index.html,FORMULA1,88
/bbs/Nogizaka46/index.html,Nogizaka46,86
/bbs/IZONE/index.html,IZONE,86
/bbs/nb-shopping/index.html,nb-shopping,79
/bbs/give/index.html,give,78
/bbs/feminine_sex/index.html,feminine_sex,78
