﻿/bbs/Gossiping/index.html,Gossiping,15154
/bbs/Baseball/index.html,Baseball,3815
/bbs/NBA/index.html,NBA,3285
/bbs/C_Chat/index.html,C_Chat,3210
/bbs/Stock/index.html,Stock,3170
/bbs/Lifeismoney/index.html,Lifeismoney,1624
/bbs/MobileComm/index.html,MobileComm,1407
/bbs/LoL/index.html,LoL,1387
/bbs/sex/index.html,sex,1202
/bbs/Tech_Job/index.html,Tech_Job,1183
/bbs/HatePolitics/index.html,HatePolitics,1148
/bbs/movie/index.html,movie,1074
/bbs/KoreaDrama/index.html,KoreaDrama,1073
/bbs/Elephants/index.html,Elephants,952
/bbs/car/index.html,car,939
/bbs/WomenTalk/index.html,WomenTalk,934
/bbs/BabyMother/index.html,BabyMother,786
/bbs/Beauty/index.html,Beauty,783
/bbs/ToS/index.html,ToS,756
/bbs/joke/index.html,joke,745
/bbs/KoreaStar/index.html,KoreaStar,742
/bbs/Japan_Travel/index.html,Japan_Travel,674
/bbs/Boy-Girl/index.html,Boy-Girl,618
/bbs/PC_Shopping/index.html,PC_Shopping,602
/bbs/e-shopping/index.html,e-shopping,580
/bbs/EAseries/index.html,EAseries,539
/bbs/Hearthstone/index.html,Hearthstone,534
/bbs/marvel/index.html,marvel,522
/bbs/KR_Entertain/index.html,KR_Entertain,519
/bbs/marriage/index.html,marriage,486
/bbs/Badminton/index.html,Badminton,475
/bbs/AllTogether/index.html,AllTogether,474
/bbs/MakeUp/index.html,MakeUp,467
/bbs/PlayStation/index.html,PlayStation,459
/bbs/Tainan/index.html,Tainan,449
/bbs/Steam/index.html,Steam,428
/bbs/home-sale/index.html,home-sale,414
/bbs/Kaohsiung/index.html,Kaohsiung,399
/bbs/PCReDive/index.html,PCReDive,392
/bbs/SportLottery/index.html,SportLottery,374
/bbs/creditcard/index.html,creditcard,353
/bbs/Monkeys/index.html,Monkeys,347
/bbs/StupidClown/index.html,StupidClown,344
/bbs/TaichungBun/index.html,TaichungBun,331
/bbs/CVS/index.html,CVS,311
/bbs/japanavgirls/index.html,japanavgirls,302
/bbs/iOS/index.html,iOS,299
/bbs/ONE_PIECE/index.html,ONE_PIECE,288
/bbs/NSwitch/index.html,NSwitch,285
/bbs/Japandrama/index.html,Japandrama,281
/bbs/CFantasy/index.html,CFantasy,275
/bbs/Salary/index.html,Salary,275
/bbs/KanColle/index.html,KanColle,266
/bbs/YuanChuang/index.html,YuanChuang,260
/bbs/basketballTW/index.html,basketballTW,256
/bbs/studyteacher/index.html,studyteacher,252
/bbs/PokemonGO/index.html,PokemonGO,251
/bbs/KoreanPop/index.html,KoreanPop,229
/bbs/BuyTogether/index.html,BuyTogether,226
/bbs/MuscleBeach/index.html,MuscleBeach,220
/bbs/HardwareSale/index.html,HardwareSale,215
/bbs/BeautySalon/index.html,BeautySalon,215
/bbs/Hsinchu/index.html,Hsinchu,205
/bbs/WOW/index.html,WOW,200
/bbs/TWICE/index.html,TWICE,189
/bbs/TaiwanDrama/index.html,TaiwanDrama,181
/bbs/Option/index.html,Option,175
/bbs/AC_In/index.html,AC_In,168
/bbs/MLB/index.html,MLB,165
/bbs/FATE_GO/index.html,FATE_GO,163
/bbs/NBA_Film/index.html,NBA_Film,161
/bbs/gay/index.html,gay,161
/bbs/MobilePay/index.html,MobilePay,158
/bbs/China-Drama/index.html,China-Drama,158
/bbs/BTS/index.html,BTS,158
/bbs/Teacher/index.html,Teacher,155
/bbs/Soft_Job/index.html,Soft_Job,151
/bbs/Food/index.html,Food,150
/bbs/MayDay/index.html,MayDay,147
/bbs/mobilesales/index.html,mobilesales,145
/bbs/Examination/index.html,Examination,144
/bbs/part-time/index.html,part-time,144
/bbs/GetMarry/index.html,GetMarry,141
/bbs/TW_Entertain/index.html,TW_Entertain,141
/bbs/Lakers/index.html,Lakers,139
/bbs/PuzzleDragon/index.html,PuzzleDragon,137
/bbs/Aviation/index.html,Aviation,137
/bbs/cat/index.html,cat,137
/bbs/Gov_owned/index.html,Gov_owned,132
/bbs/Headphone/index.html,Headphone,130
/bbs/SET/index.html,SET,128
/bbs/DMM_GAMES/index.html,DMM_GAMES,128
/bbs/DSLR/index.html,DSLR,126
/bbs/biker/index.html,biker,126
/bbs/Gamesale/index.html,Gamesale,123
/bbs/TypeMoon/index.html,TypeMoon,121
/bbs/AKB48/index.html,AKB48,118
/bbs/CarShop/index.html,CarShop,115
/bbs/Finance/index.html,Finance,114
/bbs/forsale/index.html,forsale,109
/bbs/job/index.html,job,109
/bbs/lesbian/index.html,lesbian,108
/bbs/MH/index.html,MH,107
/bbs/LGBT_SEX/index.html,LGBT_SEX,106
/bbs/AzurLane/index.html,AzurLane,103
/bbs/Guardians/index.html,Guardians,102
/bbs/MacShop/index.html,MacShop,100
/bbs/PublicServan/index.html,PublicServan,98
/bbs/Tennis/index.html,Tennis,98
/bbs/Military/index.html,Military,98
/bbs/Nogizaka46/index.html,Nogizaka46,95
/bbs/cookclub/index.html,cookclub,95
/bbs/watch/index.html,watch,95
/bbs/Palmar_Drama/index.html,Palmar_Drama,94
/bbs/HelpBuy/index.html,HelpBuy,92
/bbs/IZONE/index.html,IZONE,92
/bbs/SENIORHIGH/index.html,SENIORHIGH,88
/bbs/GBF/index.html,GBF,88
/bbs/Wanted/index.html,Wanted,84
/bbs/DIABLO/index.html,DIABLO,84
/bbs/nb-shopping/index.html,nb-shopping,83
/bbs/give/index.html,give,83
/bbs/FITNESS/index.html,FITNESS,83
/bbs/FTV/index.html,FTV,82
/bbs/Key_Mou_Pad/index.html,Key_Mou_Pad,79
/bbs/fastfood/index.html,fastfood,78
/bbs/BabyProducts/index.html,BabyProducts,77
/bbs/Railway/index.html,Railway,77
