﻿/bbs/Gossiping/index.html,Gossiping,14899
/bbs/NBA/index.html,NBA,3821
/bbs/Baseball/index.html,Baseball,3267
/bbs/C_Chat/index.html,C_Chat,2986
/bbs/Stock/index.html,Stock,2788
/bbs/MobileComm/index.html,MobileComm,1428
/bbs/Lifeismoney/index.html,Lifeismoney,1378
/bbs/LoL/index.html,LoL,1367
/bbs/HatePolitics/index.html,HatePolitics,1298
/bbs/Tech_Job/index.html,Tech_Job,1101
/bbs/WomenTalk/index.html,WomenTalk,920
/bbs/sex/index.html,sex,897
/bbs/movie/index.html,movie,860
/bbs/car/index.html,car,793
/bbs/joke/index.html,joke,770
/bbs/BabyMother/index.html,BabyMother,713
/bbs/KoreaStar/index.html,KoreaStar,699
/bbs/ToS/index.html,ToS,661
/bbs/Beauty/index.html,Beauty,642
/bbs/Boy-Girl/index.html,Boy-Girl,541
/bbs/PC_Shopping/index.html,PC_Shopping,535
/bbs/Japan_Travel/index.html,Japan_Travel,524
/bbs/marriage/index.html,marriage,506
/bbs/marvel/index.html,marvel,505
/bbs/EAseries/index.html,EAseries,464
/bbs/PlayStation/index.html,PlayStation,463
/bbs/Elephants/index.html,Elephants,450
/bbs/Hearthstone/index.html,Hearthstone,445
/bbs/e-shopping/index.html,e-shopping,418
/bbs/SportLottery/index.html,SportLottery,395
/bbs/Steam/index.html,Steam,381
/bbs/Kaohsiung/index.html,Kaohsiung,375
/bbs/StupidClown/index.html,StupidClown,348
/bbs/AllTogether/index.html,AllTogether,342
/bbs/MakeUp/index.html,MakeUp,338
/bbs/TaichungBun/index.html,TaichungBun,328
/bbs/PCReDive/index.html,PCReDive,324
/bbs/KoreaDrama/index.html,KoreaDrama,312
/bbs/KR_Entertain/index.html,KR_Entertain,308
/bbs/Tainan/index.html,Tainan,308
/bbs/home-sale/index.html,home-sale,304
/bbs/creditcard/index.html,creditcard,291
/bbs/NSwitch/index.html,NSwitch,273
/bbs/CVS/index.html,CVS,252
/bbs/CFantasy/index.html,CFantasy,250
/bbs/Salary/index.html,Salary,242
/bbs/PokemonGO/index.html,PokemonGO,240
/bbs/ONE_PIECE/index.html,ONE_PIECE,232
/bbs/BuyTogether/index.html,BuyTogether,229
/bbs/Badminton/index.html,Badminton,227
/bbs/Japandrama/index.html,Japandrama,216
/bbs/iOS/index.html,iOS,208
/bbs/HardwareSale/index.html,HardwareSale,205
/bbs/Option/index.html,Option,203
/bbs/MuscleBeach/index.html,MuscleBeach,203
/bbs/WOW/index.html,WOW,201
/bbs/basketballTW/index.html,basketballTW,197
/bbs/KanColle/index.html,KanColle,189
/bbs/japanavgirls/index.html,japanavgirls,187
/bbs/TWICE/index.html,TWICE,182
/bbs/studyteacher/index.html,studyteacher,173
/bbs/BeautySalon/index.html,BeautySalon,171
/bbs/mobilesales/index.html,mobilesales,163
/bbs/PuzzleDragon/index.html,PuzzleDragon,162
/bbs/YuanChuang/index.html,YuanChuang,160
/bbs/Aviation/index.html,Aviation,154
/bbs/TypeMoon/index.html,TypeMoon,149
/bbs/Lakers/index.html,Lakers,145
/bbs/AC_In/index.html,AC_In,144
/bbs/MobilePay/index.html,MobilePay,143
/bbs/BTS/index.html,BTS,141
/bbs/Food/index.html,Food,141
/bbs/KoreanPop/index.html,KoreanPop,139
/bbs/FATE_GO/index.html,FATE_GO,134
/bbs/Monkeys/index.html,Monkeys,134
/bbs/Soft_Job/index.html,Soft_Job,131
/bbs/Teacher/index.html,Teacher,130
/bbs/biker/index.html,biker,128
/bbs/MLB/index.html,MLB,128
/bbs/Hsinchu/index.html,Hsinchu,125
/bbs/job/index.html,job,125
/bbs/cat/index.html,cat,124
/bbs/part-time/index.html,part-time,124
/bbs/China-Drama/index.html,China-Drama,120
/bbs/NBA_Film/index.html,NBA_Film,116
/bbs/gay/index.html,gay,116
/bbs/Examination/index.html,Examination,114
/bbs/GetMarry/index.html,GetMarry,114
/bbs/MayDay/index.html,MayDay,111
/bbs/Gamesale/index.html,Gamesale,109
/bbs/Headphone/index.html,Headphone,108
/bbs/DSLR/index.html,DSLR,107
/bbs/Gov_owned/index.html,Gov_owned,107
/bbs/forsale/index.html,forsale,103
/bbs/CarShop/index.html,CarShop,101
/bbs/DMM_GAMES/index.html,DMM_GAMES,101
/bbs/fastfood/index.html,fastfood,97
/bbs/MacShop/index.html,MacShop,96
/bbs/cookclub/index.html,cookclub,92
/bbs/SENIORHIGH/index.html,SENIORHIGH,88
/bbs/TaiwanDrama/index.html,TaiwanDrama,87
/bbs/AKB48/index.html,AKB48,83
/bbs/IZONE/index.html,IZONE,82
/bbs/Tennis/index.html,Tennis,81
/bbs/Military/index.html,Military,81
/bbs/TW_Entertain/index.html,TW_Entertain,79
/bbs/Wanted/index.html,Wanted,78
/bbs/PublicServan/index.html,PublicServan,76
/bbs/MH/index.html,MH,75
/bbs/feminine_sex/index.html,feminine_sex,75
/bbs/lesbian/index.html,lesbian,75
/bbs/Palmar_Drama/index.html,Palmar_Drama,75
/bbs/Key_Mou_Pad/index.html,Key_Mou_Pad,74
/bbs/LGBT_SEX/index.html,LGBT_SEX,73
/bbs/Finance/index.html,Finance,72
/bbs/PathofExile/index.html,PathofExile,72
/bbs/hypermall/index.html,hypermall,69
/bbs/nb-shopping/index.html,nb-shopping,68
/bbs/Chiayi/index.html,Chiayi,68
/bbs/GBF/index.html,GBF,68
/bbs/RealmOfValor/index.html,RealmOfValor,68
/bbs/AzurLane/index.html,AzurLane,67
/bbs/watch/index.html,watch,67
/bbs/DIABLO/index.html,DIABLO,64
/bbs/Guardians/index.html,Guardians,64
/bbs/HelpBuy/index.html,HelpBuy,62
/bbs/give/index.html,give,61
/bbs/Nogizaka46/index.html,Nogizaka46,61
