﻿/bbs/Gossiping/index.html,Gossiping,14918
/bbs/NBA/index.html,NBA,3477
/bbs/Baseball/index.html,Baseball,2930
/bbs/Stock/index.html,Stock,2824
/bbs/C_Chat/index.html,C_Chat,2759
/bbs/LoL/index.html,LoL,1416
/bbs/Lifeismoney/index.html,Lifeismoney,1388
/bbs/MobileComm/index.html,MobileComm,1357
/bbs/HatePolitics/index.html,HatePolitics,1302
/bbs/Tech_Job/index.html,Tech_Job,1082
/bbs/sex/index.html,sex,936
/bbs/movie/index.html,movie,882
/bbs/WomenTalk/index.html,WomenTalk,861
/bbs/car/index.html,car,784
/bbs/BabyMother/index.html,BabyMother,774
/bbs/joke/index.html,joke,730
/bbs/ToS/index.html,ToS,683
/bbs/Beauty/index.html,Beauty,662
/bbs/KoreaStar/index.html,KoreaStar,628
/bbs/marriage/index.html,marriage,546
/bbs/Japan_Travel/index.html,Japan_Travel,543
/bbs/marvel/index.html,marvel,534
/bbs/Boy-Girl/index.html,Boy-Girl,517
/bbs/PC_Shopping/index.html,PC_Shopping,493
/bbs/Hearthstone/index.html,Hearthstone,462
/bbs/PlayStation/index.html,PlayStation,443
/bbs/EAseries/index.html,EAseries,438
/bbs/SportLottery/index.html,SportLottery,377
/bbs/Kaohsiung/index.html,Kaohsiung,374
/bbs/e-shopping/index.html,e-shopping,369
/bbs/Steam/index.html,Steam,360
/bbs/Elephants/index.html,Elephants,356
/bbs/MakeUp/index.html,MakeUp,355
/bbs/Tainan/index.html,Tainan,343
/bbs/StupidClown/index.html,StupidClown,343
/bbs/AllTogether/index.html,AllTogether,340
/bbs/home-sale/index.html,home-sale,318
/bbs/TaichungBun/index.html,TaichungBun,318
/bbs/creditcard/index.html,creditcard,306
/bbs/KoreaDrama/index.html,KoreaDrama,305
/bbs/PCReDive/index.html,PCReDive,303
/bbs/KR_Entertain/index.html,KR_Entertain,297
/bbs/NSwitch/index.html,NSwitch,272
/bbs/CFantasy/index.html,CFantasy,260
/bbs/CVS/index.html,CVS,258
/bbs/MuscleBeach/index.html,MuscleBeach,238
/bbs/Salary/index.html,Salary,233
/bbs/iOS/index.html,iOS,227
/bbs/ONE_PIECE/index.html,ONE_PIECE,223
/bbs/Japandrama/index.html,Japandrama,222
/bbs/WOW/index.html,WOW,220
/bbs/HardwareSale/index.html,HardwareSale,218
/bbs/PokemonGO/index.html,PokemonGO,215
/bbs/Option/index.html,Option,214
/bbs/BuyTogether/index.html,BuyTogether,213
/bbs/japanavgirls/index.html,japanavgirls,212
/bbs/studyteacher/index.html,studyteacher,210
/bbs/basketballTW/index.html,basketballTW,188
/bbs/BeautySalon/index.html,BeautySalon,185
/bbs/KanColle/index.html,KanColle,177
/bbs/PuzzleDragon/index.html,PuzzleDragon,172
/bbs/mobilesales/index.html,mobilesales,164
/bbs/TWICE/index.html,TWICE,159
/bbs/Badminton/index.html,Badminton,157
/bbs/TypeMoon/index.html,TypeMoon,153
/bbs/Aviation/index.html,Aviation,148
/bbs/YuanChuang/index.html,YuanChuang,147
/bbs/Teacher/index.html,Teacher,146
/bbs/Soft_Job/index.html,Soft_Job,144
/bbs/part-time/index.html,part-time,143
/bbs/AC_In/index.html,AC_In,139
/bbs/MobilePay/index.html,MobilePay,139
/bbs/biker/index.html,biker,139
/bbs/FATE_GO/index.html,FATE_GO,138
/bbs/Hsinchu/index.html,Hsinchu,137
/bbs/Lakers/index.html,Lakers,132
/bbs/BTS/index.html,BTS,129
/bbs/Food/index.html,Food,127
/bbs/DSLR/index.html,DSLR,125
/bbs/KoreanPop/index.html,KoreanPop,124
/bbs/MLB/index.html,MLB,123
/bbs/NBA_Film/index.html,NBA_Film,117
/bbs/Examination/index.html,Examination,117
/bbs/Gamesale/index.html,Gamesale,116
/bbs/cat/index.html,cat,113
/bbs/Gov_owned/index.html,Gov_owned,113
/bbs/Headphone/index.html,Headphone,111
/bbs/job/index.html,job,107
/bbs/GetMarry/index.html,GetMarry,104
/bbs/China-Drama/index.html,China-Drama,102
/bbs/MacShop/index.html,MacShop,101
/bbs/DMM_GAMES/index.html,DMM_GAMES,101
/bbs/forsale/index.html,forsale,100
/bbs/gay/index.html,gay,96
/bbs/Monkeys/index.html,Monkeys,95
/bbs/CarShop/index.html,CarShop,94
/bbs/SENIORHIGH/index.html,SENIORHIGH,93
/bbs/TaiwanDrama/index.html,TaiwanDrama,91
/bbs/MayDay/index.html,MayDay,90
/bbs/MH/index.html,MH,87
/bbs/AzurLane/index.html,AzurLane,83
/bbs/cookclub/index.html,cookclub,82
/bbs/fastfood/index.html,fastfood,81
/bbs/watch/index.html,watch,79
/bbs/Military/index.html,Military,79
/bbs/GBF/index.html,GBF,77
/bbs/PathofExile/index.html,PathofExile,76
/bbs/Key_Mou_Pad/index.html,Key_Mou_Pad,74
/bbs/feminine_sex/index.html,feminine_sex,74
/bbs/Tennis/index.html,Tennis,73
/bbs/Finance/index.html,Finance,72
/bbs/LGBT_SEX/index.html,LGBT_SEX,72
/bbs/Wanted/index.html,Wanted,72
/bbs/Palmar_Drama/index.html,Palmar_Drama,72
/bbs/Nogizaka46/index.html,Nogizaka46,71
/bbs/AKB48/index.html,AKB48,70
/bbs/BabyProducts/index.html,BabyProducts,69
/bbs/PublicServan/index.html,PublicServan,68
/bbs/lesbian/index.html,lesbian,67
/bbs/DC_SALE/index.html,DC_SALE,66
/bbs/HelpBuy/index.html,HelpBuy,66
/bbs/SuperBike/index.html,SuperBike,66
/bbs/TW_Entertain/index.html,TW_Entertain,66
/bbs/Lions/index.html,Lions,65
/bbs/RealmOfValor/index.html,RealmOfValor,65
/bbs/nb-shopping/index.html,nb-shopping,64
/bbs/FITNESS/index.html,FITNESS,64
/bbs/IdolMaster/index.html,IdolMaster,63
