﻿/bbs/Gossiping/index.html,Gossiping,15178
/bbs/NBA/index.html,NBA,3910
/bbs/Baseball/index.html,Baseball,3274
/bbs/C_Chat/index.html,C_Chat,3020
/bbs/Stock/index.html,Stock,2806
/bbs/Lifeismoney/index.html,Lifeismoney,1410
/bbs/LoL/index.html,LoL,1389
/bbs/MobileComm/index.html,MobileComm,1366
/bbs/HatePolitics/index.html,HatePolitics,1260
/bbs/Tech_Job/index.html,Tech_Job,1016
/bbs/WomenTalk/index.html,WomenTalk,898
/bbs/sex/index.html,sex,897
/bbs/movie/index.html,movie,855
/bbs/car/index.html,car,818
/bbs/KoreaStar/index.html,KoreaStar,760
/bbs/joke/index.html,joke,759
/bbs/BabyMother/index.html,BabyMother,721
/bbs/Beauty/index.html,Beauty,647
/bbs/ToS/index.html,ToS,632
/bbs/Boy-Girl/index.html,Boy-Girl,590
/bbs/PC_Shopping/index.html,PC_Shopping,562
/bbs/Japan_Travel/index.html,Japan_Travel,544
/bbs/Elephants/index.html,Elephants,529
/bbs/marvel/index.html,marvel,496
/bbs/Hearthstone/index.html,Hearthstone,474
/bbs/marriage/index.html,marriage,470
/bbs/EAseries/index.html,EAseries,458
/bbs/PlayStation/index.html,PlayStation,448
/bbs/e-shopping/index.html,e-shopping,406
/bbs/SportLottery/index.html,SportLottery,384
/bbs/Steam/index.html,Steam,364
/bbs/Kaohsiung/index.html,Kaohsiung,352
/bbs/MakeUp/index.html,MakeUp,351
/bbs/StupidClown/index.html,StupidClown,350
/bbs/Tainan/index.html,Tainan,344
/bbs/AllTogether/index.html,AllTogether,338
/bbs/KoreaDrama/index.html,KoreaDrama,330
/bbs/KR_Entertain/index.html,KR_Entertain,327
/bbs/PCReDive/index.html,PCReDive,326
/bbs/TaichungBun/index.html,TaichungBun,326
/bbs/home-sale/index.html,home-sale,325
/bbs/creditcard/index.html,creditcard,320
/bbs/Badminton/index.html,Badminton,273
/bbs/NSwitch/index.html,NSwitch,253
/bbs/CVS/index.html,CVS,249
/bbs/Japandrama/index.html,Japandrama,247
/bbs/CFantasy/index.html,CFantasy,244
/bbs/Salary/index.html,Salary,242
/bbs/PokemonGO/index.html,PokemonGO,235
/bbs/BuyTogether/index.html,BuyTogether,222
/bbs/ONE_PIECE/index.html,ONE_PIECE,218
/bbs/iOS/index.html,iOS,216
/bbs/HardwareSale/index.html,HardwareSale,208
/bbs/Option/index.html,Option,203
/bbs/KanColle/index.html,KanColle,200
/bbs/studyteacher/index.html,studyteacher,197
/bbs/MuscleBeach/index.html,MuscleBeach,193
/bbs/basketballTW/index.html,basketballTW,193
/bbs/BeautySalon/index.html,BeautySalon,186
/bbs/WOW/index.html,WOW,183
/bbs/japanavgirls/index.html,japanavgirls,180
/bbs/Monkeys/index.html,Monkeys,173
/bbs/TWICE/index.html,TWICE,170
/bbs/BTS/index.html,BTS,165
/bbs/Aviation/index.html,Aviation,159
/bbs/Teacher/index.html,Teacher,154
/bbs/YuanChuang/index.html,YuanChuang,147
/bbs/AC_In/index.html,AC_In,147
/bbs/TypeMoon/index.html,TypeMoon,146
/bbs/PuzzleDragon/index.html,PuzzleDragon,145
/bbs/FATE_GO/index.html,FATE_GO,144
/bbs/mobilesales/index.html,mobilesales,142
/bbs/Food/index.html,Food,142
/bbs/MobilePay/index.html,MobilePay,141
/bbs/Lakers/index.html,Lakers,137
/bbs/KoreanPop/index.html,KoreanPop,135
/bbs/cat/index.html,cat,134
/bbs/biker/index.html,biker,134
/bbs/Soft_Job/index.html,Soft_Job,132
/bbs/Hsinchu/index.html,Hsinchu,130
/bbs/part-time/index.html,part-time,126
/bbs/gay/index.html,gay,121
/bbs/GetMarry/index.html,GetMarry,120
/bbs/China-Drama/index.html,China-Drama,117
/bbs/Examination/index.html,Examination,115
/bbs/MLB/index.html,MLB,115
/bbs/CarShop/index.html,CarShop,114
/bbs/Headphone/index.html,Headphone,112
/bbs/DSLR/index.html,DSLR,111
/bbs/NBA_Film/index.html,NBA_Film,111
/bbs/Gov_owned/index.html,Gov_owned,107
/bbs/job/index.html,job,106
/bbs/MacShop/index.html,MacShop,98
/bbs/TaiwanDrama/index.html,TaiwanDrama,98
/bbs/forsale/index.html,forsale,98
/bbs/Gamesale/index.html,Gamesale,97
/bbs/DMM_GAMES/index.html,DMM_GAMES,97
/bbs/MayDay/index.html,MayDay,93
/bbs/AKB48/index.html,AKB48,89
/bbs/cookclub/index.html,cookclub,89
/bbs/fastfood/index.html,fastfood,88
/bbs/SENIORHIGH/index.html,SENIORHIGH,85
/bbs/Wanted/index.html,Wanted,80
/bbs/GBF/index.html,GBF,80
/bbs/lesbian/index.html,lesbian,80
/bbs/Finance/index.html,Finance,79
/bbs/PublicServan/index.html,PublicServan,79
/bbs/Palmar_Drama/index.html,Palmar_Drama,79
/bbs/IZONE/index.html,IZONE,78
/bbs/Military/index.html,Military,78
/bbs/Tennis/index.html,Tennis,76
/bbs/MH/index.html,MH,75
/bbs/HelpBuy/index.html,HelpBuy,75
/bbs/TW_Entertain/index.html,TW_Entertain,75
/bbs/Key_Mou_Pad/index.html,Key_Mou_Pad,74
/bbs/feminine_sex/index.html,feminine_sex,73
/bbs/FITNESS/index.html,FITNESS,73
/bbs/Lions/index.html,Lions,72
/bbs/BB-Love/index.html,BB-Love,69
/bbs/AzurLane/index.html,AzurLane,68
/bbs/Nogizaka46/index.html,Nogizaka46,68
/bbs/nb-shopping/index.html,nb-shopping,67
/bbs/hypermall/index.html,hypermall,67
/bbs/FORMULA1/index.html,FORMULA1,67
/bbs/IdolMaster/index.html,IdolMaster,66
/bbs/medstudent/index.html,medstudent,66
/bbs/Guardians/index.html,Guardians,66
/bbs/watch/index.html,watch,66
