﻿/bbs/Gossiping/index.html,Gossiping,15431
/bbs/Baseball/index.html,Baseball,3607
/bbs/NBA/index.html,NBA,3297
/bbs/C_Chat/index.html,C_Chat,3164
/bbs/Stock/index.html,Stock,3134
/bbs/Lifeismoney/index.html,Lifeismoney,1583
/bbs/MobileComm/index.html,MobileComm,1460
/bbs/LoL/index.html,LoL,1388
/bbs/KoreaDrama/index.html,KoreaDrama,1324
/bbs/movie/index.html,movie,1226
/bbs/sex/index.html,sex,1220
/bbs/Tech_Job/index.html,Tech_Job,1219
/bbs/Elephants/index.html,Elephants,1198
/bbs/HatePolitics/index.html,HatePolitics,1123
/bbs/car/index.html,car,1004
/bbs/WomenTalk/index.html,WomenTalk,898
/bbs/BabyMother/index.html,BabyMother,897
/bbs/ToS/index.html,ToS,782
/bbs/joke/index.html,joke,766
/bbs/Beauty/index.html,Beauty,757
/bbs/Japan_Travel/index.html,Japan_Travel,722
/bbs/KoreaStar/index.html,KoreaStar,688
/bbs/Boy-Girl/index.html,Boy-Girl,643
/bbs/e-shopping/index.html,e-shopping,642
/bbs/PC_Shopping/index.html,PC_Shopping,593
/bbs/EAseries/index.html,EAseries,578
/bbs/Hearthstone/index.html,Hearthstone,565
/bbs/KR_Entertain/index.html,KR_Entertain,536
/bbs/marvel/index.html,marvel,501
/bbs/marriage/index.html,marriage,500
/bbs/Badminton/index.html,Badminton,496
/bbs/PlayStation/index.html,PlayStation,495
/bbs/AllTogether/index.html,AllTogether,489
/bbs/Tainan/index.html,Tainan,488
/bbs/MakeUp/index.html,MakeUp,458
/bbs/Steam/index.html,Steam,456
/bbs/home-sale/index.html,home-sale,437
/bbs/creditcard/index.html,creditcard,415
/bbs/Kaohsiung/index.html,Kaohsiung,407
/bbs/Monkeys/index.html,Monkeys,404
/bbs/PCReDive/index.html,PCReDive,396
/bbs/ONE_PIECE/index.html,ONE_PIECE,358
/bbs/SportLottery/index.html,SportLottery,355
/bbs/TaichungBun/index.html,TaichungBun,354
/bbs/StupidClown/index.html,StupidClown,350
/bbs/japanavgirls/index.html,japanavgirls,324
/bbs/NSwitch/index.html,NSwitch,320
/bbs/Japandrama/index.html,Japandrama,309
/bbs/iOS/index.html,iOS,307
/bbs/CFantasy/index.html,CFantasy,307
/bbs/KanColle/index.html,KanColle,293
/bbs/CVS/index.html,CVS,290
/bbs/KoreanPop/index.html,KoreanPop,281
/bbs/Salary/index.html,Salary,276
/bbs/YuanChuang/index.html,YuanChuang,271
/bbs/BeautySalon/index.html,BeautySalon,245
/bbs/studyteacher/index.html,studyteacher,244
/bbs/basketballTW/index.html,basketballTW,241
/bbs/PokemonGO/index.html,PokemonGO,241
/bbs/BuyTogether/index.html,BuyTogether,239
/bbs/MuscleBeach/index.html,MuscleBeach,220
/bbs/WOW/index.html,WOW,215
/bbs/HardwareSale/index.html,HardwareSale,214
/bbs/Hsinchu/index.html,Hsinchu,206
/bbs/Option/index.html,Option,198
/bbs/TW_Entertain/index.html,TW_Entertain,192
/bbs/NBA_Film/index.html,NBA_Film,186
/bbs/TWICE/index.html,TWICE,181
/bbs/MayDay/index.html,MayDay,181
/bbs/AC_In/index.html,AC_In,173
/bbs/BTS/index.html,BTS,168
/bbs/FATE_GO/index.html,FATE_GO,166
/bbs/Teacher/index.html,Teacher,165
/bbs/TaiwanDrama/index.html,TaiwanDrama,161
/bbs/Food/index.html,Food,161
/bbs/MLB/index.html,MLB,159
/bbs/Lakers/index.html,Lakers,158
/bbs/MobilePay/index.html,MobilePay,157
/bbs/gay/index.html,gay,155
/bbs/China-Drama/index.html,China-Drama,153
/bbs/cat/index.html,cat,153
/bbs/part-time/index.html,part-time,146
/bbs/Soft_Job/index.html,Soft_Job,145
/bbs/Gov_owned/index.html,Gov_owned,145
/bbs/mobilesales/index.html,mobilesales,144
/bbs/Finance/index.html,Finance,143
/bbs/GetMarry/index.html,GetMarry,138
/bbs/Aviation/index.html,Aviation,137
/bbs/CarShop/index.html,CarShop,133
/bbs/biker/index.html,biker,133
/bbs/Examination/index.html,Examination,132
/bbs/Gamesale/index.html,Gamesale,129
/bbs/DSLR/index.html,DSLR,128
/bbs/lesbian/index.html,lesbian,127
/bbs/PuzzleDragon/index.html,PuzzleDragon,125
/bbs/forsale/index.html,forsale,124
/bbs/TypeMoon/index.html,TypeMoon,123
/bbs/Headphone/index.html,Headphone,121
/bbs/AKB48/index.html,AKB48,120
/bbs/DMM_GAMES/index.html,DMM_GAMES,117
/bbs/MacShop/index.html,MacShop,114
/bbs/MH/index.html,MH,108
/bbs/FTV/index.html,FTV,108
/bbs/job/index.html,job,108
/bbs/Wanted/index.html,Wanted,106
/bbs/Tennis/index.html,Tennis,103
/bbs/watch/index.html,watch,102
/bbs/BB-Love/index.html,BB-Love,101
/bbs/PublicServan/index.html,PublicServan,99
/bbs/BabyProducts/index.html,BabyProducts,96
/bbs/Military/index.html,Military,96
/bbs/nb-shopping/index.html,nb-shopping,94
/bbs/LGBT_SEX/index.html,LGBT_SEX,94
/bbs/AzurLane/index.html,AzurLane,92
/bbs/IZONE/index.html,IZONE,89
/bbs/Guardians/index.html,Guardians,88
/bbs/DIABLO/index.html,DIABLO,87
/bbs/give/index.html,give,85
/bbs/cookclub/index.html,cookclub,85
/bbs/Palmar_Drama/index.html,Palmar_Drama,85
/bbs/HelpBuy/index.html,HelpBuy,84
/bbs/GBF/index.html,GBF,84
/bbs/fastfood/index.html,fastfood,81
/bbs/facelift/index.html,facelift,81
/bbs/feminine_sex/index.html,feminine_sex,81
/bbs/SENIORHIGH/index.html,SENIORHIGH,81
/bbs/FORMULA1/index.html,FORMULA1,81
/bbs/SET/index.html,SET,79
