﻿/bbs/Gossiping/index.html,Gossiping,16390
/bbs/Baseball/index.html,Baseball,3908
/bbs/Stock/index.html,Stock,3829
/bbs/NBA/index.html,NBA,3532
/bbs/C_Chat/index.html,C_Chat,3208
/bbs/Lifeismoney/index.html,Lifeismoney,1749
/bbs/sex/index.html,sex,1467
/bbs/LoL/index.html,LoL,1464
/bbs/MobileComm/index.html,MobileComm,1457
/bbs/movie/index.html,movie,1435
/bbs/Tech_Job/index.html,Tech_Job,1201
/bbs/KoreaDrama/index.html,KoreaDrama,1199
/bbs/HatePolitics/index.html,HatePolitics,1180
/bbs/Elephants/index.html,Elephants,1119
/bbs/car/index.html,car,1086
/bbs/BabyMother/index.html,BabyMother,977
/bbs/WomenTalk/index.html,WomenTalk,977
/bbs/Beauty/index.html,Beauty,849
/bbs/ToS/index.html,ToS,806
/bbs/joke/index.html,joke,788
/bbs/e-shopping/index.html,e-shopping,781
/bbs/Japan_Travel/index.html,Japan_Travel,776
/bbs/Boy-Girl/index.html,Boy-Girl,768
/bbs/KoreaStar/index.html,KoreaStar,751
/bbs/Badminton/index.html,Badminton,664
/bbs/PC_Shopping/index.html,PC_Shopping,622
/bbs/marriage/index.html,marriage,617
/bbs/Hearthstone/index.html,Hearthstone,591
/bbs/EAseries/index.html,EAseries,587
/bbs/AllTogether/index.html,AllTogether,557
/bbs/KR_Entertain/index.html,KR_Entertain,536
/bbs/Tainan/index.html,Tainan,531
/bbs/marvel/index.html,marvel,515
/bbs/PlayStation/index.html,PlayStation,503
/bbs/Kaohsiung/index.html,Kaohsiung,498
/bbs/home-sale/index.html,home-sale,478
/bbs/Steam/index.html,Steam,478
/bbs/creditcard/index.html,creditcard,462
/bbs/PCReDive/index.html,PCReDive,453
/bbs/MakeUp/index.html,MakeUp,435
/bbs/SportLottery/index.html,SportLottery,430
/bbs/TaichungBun/index.html,TaichungBun,402
/bbs/StupidClown/index.html,StupidClown,378
/bbs/Japandrama/index.html,Japandrama,373
/bbs/NSwitch/index.html,NSwitch,362
/bbs/japanavgirls/index.html,japanavgirls,362
/bbs/Monkeys/index.html,Monkeys,357
/bbs/iOS/index.html,iOS,345
/bbs/ONE_PIECE/index.html,ONE_PIECE,339
/bbs/Option/index.html,Option,331
/bbs/CFantasy/index.html,CFantasy,326
/bbs/Salary/index.html,Salary,324
/bbs/KanColle/index.html,KanColle,311
/bbs/BuyTogether/index.html,BuyTogether,290
/bbs/CVS/index.html,CVS,284
/bbs/BeautySalon/index.html,BeautySalon,283
/bbs/YuanChuang/index.html,YuanChuang,268
/bbs/PokemonGO/index.html,PokemonGO,263
/bbs/KoreanPop/index.html,KoreanPop,261
/bbs/MuscleBeach/index.html,MuscleBeach,253
/bbs/Hsinchu/index.html,Hsinchu,245
/bbs/HardwareSale/index.html,HardwareSale,243
/bbs/basketballTW/index.html,basketballTW,240
/bbs/studyteacher/index.html,studyteacher,235
/bbs/MayDay/index.html,MayDay,234
/bbs/TW_Entertain/index.html,TW_Entertain,224
/bbs/NBA_Film/index.html,NBA_Film,222
/bbs/WOW/index.html,WOW,221
/bbs/MLB/index.html,MLB,199
/bbs/China-Drama/index.html,China-Drama,197
/bbs/TWICE/index.html,TWICE,195
/bbs/AC_In/index.html,AC_In,189
/bbs/Food/index.html,Food,186
/bbs/BTS/index.html,BTS,185
/bbs/Aviation/index.html,Aviation,180
/bbs/Lakers/index.html,Lakers,180
/bbs/FATE_GO/index.html,FATE_GO,178
/bbs/mobilesales/index.html,mobilesales,173
/bbs/Gov_owned/index.html,Gov_owned,173
/bbs/biker/index.html,biker,167
/bbs/MobilePay/index.html,MobilePay,161
/bbs/Soft_Job/index.html,Soft_Job,159
/bbs/cat/index.html,cat,158
/bbs/CarShop/index.html,CarShop,151
/bbs/TaiwanDrama/index.html,TaiwanDrama,151
/bbs/Teacher/index.html,Teacher,150
/bbs/Examination/index.html,Examination,149
/bbs/GetMarry/index.html,GetMarry,148
/bbs/gay/index.html,gay,146
/bbs/part-time/index.html,part-time,145
/bbs/Gamesale/index.html,Gamesale,143
/bbs/PuzzleDragon/index.html,PuzzleDragon,142
/bbs/lesbian/index.html,lesbian,142
/bbs/Finance/index.html,Finance,134
/bbs/job/index.html,job,130
/bbs/forsale/index.html,forsale,128
/bbs/DSLR/index.html,DSLR,125
/bbs/Headphone/index.html,Headphone,125
/bbs/Palmar_Drama/index.html,Palmar_Drama,121
/bbs/AKB48/index.html,AKB48,120
/bbs/FTV/index.html,FTV,120
/bbs/DMM_GAMES/index.html,DMM_GAMES,118
/bbs/TypeMoon/index.html,TypeMoon,113
/bbs/AzurLane/index.html,AzurLane,110
/bbs/HelpBuy/index.html,HelpBuy,109
/bbs/Wanted/index.html,Wanted,108
/bbs/Military/index.html,Military,108
/bbs/PublicServan/index.html,PublicServan,107
/bbs/LGBT_SEX/index.html,LGBT_SEX,107
/bbs/MH/index.html,MH,106
/bbs/DIABLO/index.html,DIABLO,105
/bbs/BB-Love/index.html,BB-Love,103
/bbs/MacShop/index.html,MacShop,101
/bbs/SET/index.html,SET,99
/bbs/cookclub/index.html,cookclub,99
/bbs/Brand/index.html,Brand,98
/bbs/watch/index.html,watch,97
/bbs/Tennis/index.html,Tennis,97
/bbs/IZONE/index.html,IZONE,96
/bbs/SENIORHIGH/index.html,SENIORHIGH,96
/bbs/Guardians/index.html,Guardians,94
/bbs/GBF/index.html,GBF,94
/bbs/give/index.html,give,92
/bbs/FORMULA1/index.html,FORMULA1,92
/bbs/fastfood/index.html,fastfood,89
/bbs/FITNESS/index.html,FITNESS,87
/bbs/BabyProducts/index.html,BabyProducts,85
/bbs/nb-shopping/index.html,nb-shopping,85
