﻿/bbs/Gossiping/index.html,Gossiping,16060
/bbs/Baseball/index.html,Baseball,3736
/bbs/Stock/index.html,Stock,3714
/bbs/NBA/index.html,NBA,3474
/bbs/C_Chat/index.html,C_Chat,3217
/bbs/Lifeismoney/index.html,Lifeismoney,1673
/bbs/MobileComm/index.html,MobileComm,1451
/bbs/Elephants/index.html,Elephants,1441
/bbs/LoL/index.html,LoL,1416
/bbs/movie/index.html,movie,1400
/bbs/sex/index.html,sex,1380
/bbs/KoreaDrama/index.html,KoreaDrama,1281
/bbs/Tech_Job/index.html,Tech_Job,1195
/bbs/HatePolitics/index.html,HatePolitics,1132
/bbs/car/index.html,car,1077
/bbs/BabyMother/index.html,BabyMother,986
/bbs/WomenTalk/index.html,WomenTalk,925
/bbs/ToS/index.html,ToS,819
/bbs/Beauty/index.html,Beauty,818
/bbs/joke/index.html,joke,776
/bbs/Japan_Travel/index.html,Japan_Travel,770
/bbs/e-shopping/index.html,e-shopping,716
/bbs/KoreaStar/index.html,KoreaStar,714
/bbs/Boy-Girl/index.html,Boy-Girl,682
/bbs/Badminton/index.html,Badminton,631
/bbs/PC_Shopping/index.html,PC_Shopping,627
/bbs/EAseries/index.html,EAseries,619
/bbs/Hearthstone/index.html,Hearthstone,560
/bbs/marriage/index.html,marriage,558
/bbs/AllTogether/index.html,AllTogether,549
/bbs/KR_Entertain/index.html,KR_Entertain,545
/bbs/Monkeys/index.html,Monkeys,542
/bbs/marvel/index.html,marvel,527
/bbs/Tainan/index.html,Tainan,508
/bbs/MakeUp/index.html,MakeUp,487
/bbs/PlayStation/index.html,PlayStation,484
/bbs/home-sale/index.html,home-sale,471
/bbs/Steam/index.html,Steam,471
/bbs/Kaohsiung/index.html,Kaohsiung,455
/bbs/creditcard/index.html,creditcard,443
/bbs/PCReDive/index.html,PCReDive,432
/bbs/Japandrama/index.html,Japandrama,405
/bbs/SportLottery/index.html,SportLottery,399
/bbs/TaichungBun/index.html,TaichungBun,377
/bbs/StupidClown/index.html,StupidClown,374
/bbs/NSwitch/index.html,NSwitch,349
/bbs/japanavgirls/index.html,japanavgirls,348
/bbs/iOS/index.html,iOS,319
/bbs/ONE_PIECE/index.html,ONE_PIECE,319
/bbs/Salary/index.html,Salary,304
/bbs/CFantasy/index.html,CFantasy,299
/bbs/KanColle/index.html,KanColle,292
/bbs/CVS/index.html,CVS,292
/bbs/BeautySalon/index.html,BeautySalon,276
/bbs/KoreanPop/index.html,KoreanPop,272
/bbs/YuanChuang/index.html,YuanChuang,268
/bbs/BuyTogether/index.html,BuyTogether,268
/bbs/Option/index.html,Option,263
/bbs/TW_Entertain/index.html,TW_Entertain,244
/bbs/PokemonGO/index.html,PokemonGO,243
/bbs/Hsinchu/index.html,Hsinchu,240
/bbs/MuscleBeach/index.html,MuscleBeach,237
/bbs/HardwareSale/index.html,HardwareSale,236
/bbs/basketballTW/index.html,basketballTW,223
/bbs/studyteacher/index.html,studyteacher,211
/bbs/WOW/index.html,WOW,211
/bbs/NBA_Film/index.html,NBA_Film,204
/bbs/MayDay/index.html,MayDay,203
/bbs/MLB/index.html,MLB,193
/bbs/TWICE/index.html,TWICE,192
/bbs/gay/index.html,gay,185
/bbs/China-Drama/index.html,China-Drama,184
/bbs/BTS/index.html,BTS,181
/bbs/AC_In/index.html,AC_In,180
/bbs/Lakers/index.html,Lakers,176
/bbs/Food/index.html,Food,173
/bbs/Aviation/index.html,Aviation,172
/bbs/TaiwanDrama/index.html,TaiwanDrama,170
/bbs/Finance/index.html,Finance,166
/bbs/Gov_owned/index.html,Gov_owned,165
/bbs/GetMarry/index.html,GetMarry,163
/bbs/FATE_GO/index.html,FATE_GO,161
/bbs/mobilesales/index.html,mobilesales,160
/bbs/cat/index.html,cat,160
/bbs/biker/index.html,biker,158
/bbs/Soft_Job/index.html,Soft_Job,152
/bbs/MobilePay/index.html,MobilePay,148
/bbs/Teacher/index.html,Teacher,147
/bbs/part-time/index.html,part-time,147
/bbs/lesbian/index.html,lesbian,147
/bbs/DSLR/index.html,DSLR,140
/bbs/PuzzleDragon/index.html,PuzzleDragon,135
/bbs/Examination/index.html,Examination,134
/bbs/Gamesale/index.html,Gamesale,133
/bbs/Headphone/index.html,Headphone,131
/bbs/CarShop/index.html,CarShop,130
/bbs/forsale/index.html,forsale,129
/bbs/job/index.html,job,125
/bbs/Palmar_Drama/index.html,Palmar_Drama,121
/bbs/TypeMoon/index.html,TypeMoon,114
/bbs/DMM_GAMES/index.html,DMM_GAMES,114
/bbs/BB-Love/index.html,BB-Love,113
/bbs/cookclub/index.html,cookclub,112
/bbs/AKB48/index.html,AKB48,111
/bbs/Wanted/index.html,Wanted,111
/bbs/MH/index.html,MH,107
/bbs/AzurLane/index.html,AzurLane,106
/bbs/MacShop/index.html,MacShop,106
/bbs/Tennis/index.html,Tennis,106
/bbs/Military/index.html,Military,105
/bbs/HelpBuy/index.html,HelpBuy,104
/bbs/FTV/index.html,FTV,102
/bbs/watch/index.html,watch,101
/bbs/PublicServan/index.html,PublicServan,100
/bbs/DIABLO/index.html,DIABLO,100
/bbs/FORMULA1/index.html,FORMULA1,100
/bbs/Brand/index.html,Brand,99
/bbs/GBF/index.html,GBF,99
/bbs/LGBT_SEX/index.html,LGBT_SEX,98
/bbs/BabyProducts/index.html,BabyProducts,97
/bbs/IZONE/index.html,IZONE,97
/bbs/fastfood/index.html,fastfood,94
/bbs/SET/index.html,SET,94
/bbs/feminine_sex/index.html,feminine_sex,92
/bbs/SENIORHIGH/index.html,SENIORHIGH,90
/bbs/Guardians/index.html,Guardians,87
/bbs/DC_SALE/index.html,DC_SALE,83
/bbs/Nogizaka46/index.html,Nogizaka46,83
