﻿/bbs/Gossiping/index.html,Gossiping,15940
/bbs/NBA/index.html,NBA,3559
/bbs/Stock/index.html,Stock,3144
/bbs/C_Chat/index.html,C_Chat,2868
/bbs/Baseball/index.html,Baseball,2145
/bbs/MobileComm/index.html,MobileComm,1430
/bbs/Lifeismoney/index.html,Lifeismoney,1409
/bbs/LoL/index.html,LoL,1313
/bbs/HatePolitics/index.html,HatePolitics,1187
/bbs/sex/index.html,sex,990
/bbs/Tech_Job/index.html,Tech_Job,977
/bbs/BabyMother/index.html,BabyMother,874
/bbs/movie/index.html,movie,859
/bbs/car/index.html,car,843
/bbs/joke/index.html,joke,796
/bbs/WomenTalk/index.html,WomenTalk,789
/bbs/marvel/index.html,marvel,686
/bbs/Beauty/index.html,Beauty,683
/bbs/KoreaStar/index.html,KoreaStar,654
/bbs/Japan_Travel/index.html,Japan_Travel,622
/bbs/PC_Shopping/index.html,PC_Shopping,582
/bbs/ToS/index.html,ToS,576
/bbs/marriage/index.html,marriage,536
/bbs/Boy-Girl/index.html,Boy-Girl,533
/bbs/EAseries/index.html,EAseries,494
/bbs/Hearthstone/index.html,Hearthstone,488
/bbs/PlayStation/index.html,PlayStation,477
/bbs/e-shopping/index.html,e-shopping,402
/bbs/creditcard/index.html,creditcard,377
/bbs/AllTogether/index.html,AllTogether,367
/bbs/Steam/index.html,Steam,359
/bbs/StupidClown/index.html,StupidClown,359
/bbs/PCReDive/index.html,PCReDive,356
/bbs/Kaohsiung/index.html,Kaohsiung,353
/bbs/Tainan/index.html,Tainan,352
/bbs/TaichungBun/index.html,TaichungBun,352
/bbs/KoreaDrama/index.html,KoreaDrama,330
/bbs/MakeUp/index.html,MakeUp,329
/bbs/home-sale/index.html,home-sale,315
/bbs/SportLottery/index.html,SportLottery,293
/bbs/NSwitch/index.html,NSwitch,289
/bbs/PokemonGO/index.html,PokemonGO,270
/bbs/BuyTogether/index.html,BuyTogether,254
/bbs/KR_Entertain/index.html,KR_Entertain,253
/bbs/CFantasy/index.html,CFantasy,252
/bbs/Salary/index.html,Salary,247
/bbs/iOS/index.html,iOS,246
/bbs/CVS/index.html,CVS,241
/bbs/japanavgirls/index.html,japanavgirls,239
/bbs/WOW/index.html,WOW,236
/bbs/MuscleBeach/index.html,MuscleBeach,230
/bbs/Option/index.html,Option,227
/bbs/HardwareSale/index.html,HardwareSale,209
/bbs/Japandrama/index.html,Japandrama,202
/bbs/Elephants/index.html,Elephants,198
/bbs/basketballTW/index.html,basketballTW,195
/bbs/BeautySalon/index.html,BeautySalon,189
/bbs/ONE_PIECE/index.html,ONE_PIECE,186
/bbs/KanColle/index.html,KanColle,185
/bbs/Badminton/index.html,Badminton,181
/bbs/biker/index.html,biker,177
/bbs/PuzzleDragon/index.html,PuzzleDragon,166
/bbs/Aviation/index.html,Aviation,165
/bbs/mobilesales/index.html,mobilesales,164
/bbs/Teacher/index.html,Teacher,160
/bbs/studyteacher/index.html,studyteacher,158
/bbs/Soft_Job/index.html,Soft_Job,154
/bbs/Hsinchu/index.html,Hsinchu,140
/bbs/GetMarry/index.html,GetMarry,138
/bbs/FATE_GO/index.html,FATE_GO,136
/bbs/YuanChuang/index.html,YuanChuang,136
/bbs/cat/index.html,cat,136
/bbs/MobilePay/index.html,MobilePay,135
/bbs/BTS/index.html,BTS,135
/bbs/part-time/index.html,part-time,135
/bbs/Gamesale/index.html,Gamesale,133
/bbs/MLB/index.html,MLB,129
/bbs/Headphone/index.html,Headphone,126
/bbs/Food/index.html,Food,126
/bbs/AC_In/index.html,AC_In,124
/bbs/Examination/index.html,Examination,124
/bbs/NBA_Film/index.html,NBA_Film,123
/bbs/forsale/index.html,forsale,123
/bbs/China-Drama/index.html,China-Drama,117
/bbs/TWICE/index.html,TWICE,117
/bbs/DMM_GAMES/index.html,DMM_GAMES,117
/bbs/DSLR/index.html,DSLR,116
/bbs/Gov_owned/index.html,Gov_owned,116
/bbs/job/index.html,job,111
/bbs/TaiwanDrama/index.html,TaiwanDrama,102
/bbs/MayDay/index.html,MayDay,100
/bbs/gay/index.html,gay,99
/bbs/KoreanPop/index.html,KoreanPop,96
/bbs/Lakers/index.html,Lakers,96
/bbs/HelpBuy/index.html,HelpBuy,95
/bbs/MacShop/index.html,MacShop,93
/bbs/Monkeys/index.html,Monkeys,91
/bbs/Tennis/index.html,Tennis,89
/bbs/LGBT_SEX/index.html,LGBT_SEX,84
/bbs/CarShop/index.html,CarShop,82
/bbs/Nogizaka46/index.html,Nogizaka46,82
/bbs/FITNESS/index.html,FITNESS,82
/bbs/TW_Entertain/index.html,TW_Entertain,81
/bbs/BabyProducts/index.html,BabyProducts,80
/bbs/GBF/index.html,GBF,80
/bbs/Key_Mou_Pad/index.html,Key_Mou_Pad,79
/bbs/PublicServan/index.html,PublicServan,78
/bbs/Guardians/index.html,Guardians,76
/bbs/watch/index.html,watch,76
/bbs/IZONE/index.html,IZONE,74
/bbs/fastfood/index.html,fastfood,73
/bbs/Bank_Service/index.html,Bank_Service,73
/bbs/give/index.html,give,72
/bbs/TypeMoon/index.html,TypeMoon,72
/bbs/SENIORHIGH/index.html,SENIORHIGH,72
/bbs/Wanted/index.html,Wanted,71
/bbs/AzurLane/index.html,AzurLane,69
/bbs/cookclub/index.html,cookclub,69
/bbs/Palmar_Drama/index.html,Palmar_Drama,69
/bbs/AKB48/index.html,AKB48,67
/bbs/MH/index.html,MH,67
/bbs/IdolMaster/index.html,IdolMaster,67
/bbs/feminine_sex/index.html,feminine_sex,67
/bbs/DC_SALE/index.html,DC_SALE,64
/bbs/Military/index.html,Military,64
/bbs/Taoyuan/index.html,Taoyuan,62
/bbs/Finance/index.html,Finance,61
/bbs/E-appliance/index.html,E-appliance,61
