﻿/bbs/Gossiping/index.html,Gossiping,14969
/bbs/NBA/index.html,NBA,3423
/bbs/Baseball/index.html,Baseball,2923
/bbs/Stock/index.html,Stock,2817
/bbs/C_Chat/index.html,C_Chat,2739
/bbs/Lifeismoney/index.html,Lifeismoney,1425
/bbs/LoL/index.html,LoL,1406
/bbs/MobileComm/index.html,MobileComm,1325
/bbs/HatePolitics/index.html,HatePolitics,1304
/bbs/Tech_Job/index.html,Tech_Job,1051
/bbs/sex/index.html,sex,921
/bbs/WomenTalk/index.html,WomenTalk,880
/bbs/movie/index.html,movie,878
/bbs/joke/index.html,joke,762
/bbs/BabyMother/index.html,BabyMother,760
/bbs/car/index.html,car,753
/bbs/ToS/index.html,ToS,702
/bbs/KoreaStar/index.html,KoreaStar,679
/bbs/Beauty/index.html,Beauty,636
/bbs/marvel/index.html,marvel,596
/bbs/Japan_Travel/index.html,Japan_Travel,545
/bbs/Boy-Girl/index.html,Boy-Girl,536
/bbs/marriage/index.html,marriage,517
/bbs/PC_Shopping/index.html,PC_Shopping,514
/bbs/Hearthstone/index.html,Hearthstone,472
/bbs/EAseries/index.html,EAseries,468
/bbs/PlayStation/index.html,PlayStation,434
/bbs/Steam/index.html,Steam,392
/bbs/SportLottery/index.html,SportLottery,380
/bbs/AllTogether/index.html,AllTogether,369
/bbs/e-shopping/index.html,e-shopping,363
/bbs/Kaohsiung/index.html,Kaohsiung,356
/bbs/MakeUp/index.html,MakeUp,347
/bbs/PCReDive/index.html,PCReDive,345
/bbs/TaichungBun/index.html,TaichungBun,339
/bbs/StupidClown/index.html,StupidClown,333
/bbs/Tainan/index.html,Tainan,332
/bbs/home-sale/index.html,home-sale,324
/bbs/creditcard/index.html,creditcard,315
/bbs/KR_Entertain/index.html,KR_Entertain,287
/bbs/KoreaDrama/index.html,KoreaDrama,285
/bbs/Elephants/index.html,Elephants,283
/bbs/NSwitch/index.html,NSwitch,272
/bbs/CVS/index.html,CVS,270
/bbs/CFantasy/index.html,CFantasy,266
/bbs/iOS/index.html,iOS,239
/bbs/WOW/index.html,WOW,238
/bbs/BuyTogether/index.html,BuyTogether,232
/bbs/ONE_PIECE/index.html,ONE_PIECE,226
/bbs/Salary/index.html,Salary,223
/bbs/MuscleBeach/index.html,MuscleBeach,223
/bbs/PokemonGO/index.html,PokemonGO,219
/bbs/Japandrama/index.html,Japandrama,218
/bbs/Option/index.html,Option,215
/bbs/HardwareSale/index.html,HardwareSale,210
/bbs/japanavgirls/index.html,japanavgirls,207
/bbs/studyteacher/index.html,studyteacher,202
/bbs/BeautySalon/index.html,BeautySalon,196
/bbs/KanColle/index.html,KanColle,189
/bbs/basketballTW/index.html,basketballTW,177
/bbs/mobilesales/index.html,mobilesales,163
/bbs/YuanChuang/index.html,YuanChuang,160
/bbs/PuzzleDragon/index.html,PuzzleDragon,159
/bbs/MobilePay/index.html,MobilePay,156
/bbs/Badminton/index.html,Badminton,156
/bbs/Aviation/index.html,Aviation,155
/bbs/AC_In/index.html,AC_In,144
/bbs/Hsinchu/index.html,Hsinchu,143
/bbs/Teacher/index.html,Teacher,142
/bbs/Food/index.html,Food,141
/bbs/TWICE/index.html,TWICE,138
/bbs/KoreanPop/index.html,KoreanPop,136
/bbs/BTS/index.html,BTS,136
/bbs/biker/index.html,biker,136
/bbs/TypeMoon/index.html,TypeMoon,135
/bbs/FATE_GO/index.html,FATE_GO,133
/bbs/Soft_Job/index.html,Soft_Job,131
/bbs/Lakers/index.html,Lakers,129
/bbs/part-time/index.html,part-time,128
/bbs/DSLR/index.html,DSLR,127
/bbs/MLB/index.html,MLB,126
/bbs/Gamesale/index.html,Gamesale,119
/bbs/Examination/index.html,Examination,118
/bbs/cat/index.html,cat,115
/bbs/NBA_Film/index.html,NBA_Film,113
/bbs/Gov_owned/index.html,Gov_owned,110
/bbs/China-Drama/index.html,China-Drama,107
/bbs/Headphone/index.html,Headphone,107
/bbs/GetMarry/index.html,GetMarry,104
/bbs/MacShop/index.html,MacShop,103
/bbs/DMM_GAMES/index.html,DMM_GAMES,102
/bbs/gay/index.html,gay,100
/bbs/forsale/index.html,forsale,97
/bbs/TaiwanDrama/index.html,TaiwanDrama,96
/bbs/job/index.html,job,96
/bbs/SENIORHIGH/index.html,SENIORHIGH,95
/bbs/cookclub/index.html,cookclub,92
/bbs/CarShop/index.html,CarShop,91
/bbs/fastfood/index.html,fastfood,89
/bbs/GBF/index.html,GBF,87
/bbs/MayDay/index.html,MayDay,87
/bbs/Monkeys/index.html,Monkeys,86
/bbs/LGBT_SEX/index.html,LGBT_SEX,84
/bbs/watch/index.html,watch,81
/bbs/TW_Entertain/index.html,TW_Entertain,81
/bbs/AzurLane/index.html,AzurLane,79
/bbs/feminine_sex/index.html,feminine_sex,79
/bbs/MH/index.html,MH,78
/bbs/nb-shopping/index.html,nb-shopping,78
/bbs/BabyProducts/index.html,BabyProducts,77
/bbs/HelpBuy/index.html,HelpBuy,76
/bbs/Tennis/index.html,Tennis,74
/bbs/IZONE/index.html,IZONE,73
/bbs/Palmar_Drama/index.html,Palmar_Drama,72
/bbs/Military/index.html,Military,72
/bbs/AKB48/index.html,AKB48,71
/bbs/Finance/index.html,Finance,71
/bbs/Nogizaka46/index.html,Nogizaka46,71
/bbs/Wanted/index.html,Wanted,71
/bbs/PublicServan/index.html,PublicServan,69
/bbs/Key_Mou_Pad/index.html,Key_Mou_Pad,68
/bbs/SuperBike/index.html,SuperBike,68
/bbs/RealmOfValor/index.html,RealmOfValor,68
/bbs/give/index.html,give,67
/bbs/medstudent/index.html,medstudent,66
/bbs/Lions/index.html,Lions,66
/bbs/hypermall/index.html,hypermall,65
/bbs/lesbian/index.html,lesbian,65
