﻿/bbs/Gossiping/index.html,Gossiping,14847
/bbs/NBA/index.html,NBA,3661
/bbs/Baseball/index.html,Baseball,3360
/bbs/Stock/index.html,Stock,2808
/bbs/C_Chat/index.html,C_Chat,2738
/bbs/LoL/index.html,LoL,1420
/bbs/Lifeismoney/index.html,Lifeismoney,1374
/bbs/MobileComm/index.html,MobileComm,1373
/bbs/HatePolitics/index.html,HatePolitics,1226
/bbs/Tech_Job/index.html,Tech_Job,1087
/bbs/sex/index.html,sex,928
/bbs/WomenTalk/index.html,WomenTalk,884
/bbs/movie/index.html,movie,835
/bbs/car/index.html,car,792
/bbs/BabyMother/index.html,BabyMother,753
/bbs/joke/index.html,joke,753
/bbs/ToS/index.html,ToS,666
/bbs/Beauty/index.html,Beauty,636
/bbs/KoreaStar/index.html,KoreaStar,616
/bbs/Boy-Girl/index.html,Boy-Girl,555
/bbs/marvel/index.html,marvel,540
/bbs/Japan_Travel/index.html,Japan_Travel,531
/bbs/PC_Shopping/index.html,PC_Shopping,526
/bbs/marriage/index.html,marriage,502
/bbs/Hearthstone/index.html,Hearthstone,471
/bbs/PlayStation/index.html,PlayStation,458
/bbs/SportLottery/index.html,SportLottery,429
/bbs/EAseries/index.html,EAseries,428
/bbs/e-shopping/index.html,e-shopping,388
/bbs/Steam/index.html,Steam,357
/bbs/Kaohsiung/index.html,Kaohsiung,355
/bbs/MakeUp/index.html,MakeUp,352
/bbs/Elephants/index.html,Elephants,351
/bbs/AllTogether/index.html,AllTogether,345
/bbs/KoreaDrama/index.html,KoreaDrama,322
/bbs/Tainan/index.html,Tainan,318
/bbs/StupidClown/index.html,StupidClown,315
/bbs/PCReDive/index.html,PCReDive,314
/bbs/TaichungBun/index.html,TaichungBun,311
/bbs/home-sale/index.html,home-sale,310
/bbs/creditcard/index.html,creditcard,305
/bbs/KR_Entertain/index.html,KR_Entertain,284
/bbs/CVS/index.html,CVS,273
/bbs/NSwitch/index.html,NSwitch,262
/bbs/Salary/index.html,Salary,252
/bbs/CFantasy/index.html,CFantasy,250
/bbs/iOS/index.html,iOS,234
/bbs/Japandrama/index.html,Japandrama,224
/bbs/PokemonGO/index.html,PokemonGO,223
/bbs/MuscleBeach/index.html,MuscleBeach,218
/bbs/Option/index.html,Option,215
/bbs/ONE_PIECE/index.html,ONE_PIECE,213
/bbs/BuyTogether/index.html,BuyTogether,212
/bbs/HardwareSale/index.html,HardwareSale,207
/bbs/studyteacher/index.html,studyteacher,207
/bbs/WOW/index.html,WOW,204
/bbs/japanavgirls/index.html,japanavgirls,195
/bbs/basketballTW/index.html,basketballTW,182
/bbs/Badminton/index.html,Badminton,181
/bbs/BeautySalon/index.html,BeautySalon,179
/bbs/TWICE/index.html,TWICE,173
/bbs/KanColle/index.html,KanColle,170
/bbs/PuzzleDragon/index.html,PuzzleDragon,169
/bbs/mobilesales/index.html,mobilesales,166
/bbs/Aviation/index.html,Aviation,158
/bbs/YuanChuang/index.html,YuanChuang,148
/bbs/TypeMoon/index.html,TypeMoon,144
/bbs/Teacher/index.html,Teacher,142
/bbs/biker/index.html,biker,142
/bbs/AC_In/index.html,AC_In,141
/bbs/Hsinchu/index.html,Hsinchu,139
/bbs/FATE_GO/index.html,FATE_GO,136
/bbs/KoreanPop/index.html,KoreanPop,136
/bbs/part-time/index.html,part-time,135
/bbs/MobilePay/index.html,MobilePay,134
/bbs/Soft_Job/index.html,Soft_Job,133
/bbs/Food/index.html,Food,133
/bbs/BTS/index.html,BTS,131
/bbs/MLB/index.html,MLB,129
/bbs/Monkeys/index.html,Monkeys,128
/bbs/cat/index.html,cat,119
/bbs/Examination/index.html,Examination,118
/bbs/Lakers/index.html,Lakers,117
/bbs/DSLR/index.html,DSLR,115
/bbs/Gamesale/index.html,Gamesale,114
/bbs/GetMarry/index.html,GetMarry,111
/bbs/NBA_Film/index.html,NBA_Film,110
/bbs/Gov_owned/index.html,Gov_owned,109
/bbs/China-Drama/index.html,China-Drama,103
/bbs/DMM_GAMES/index.html,DMM_GAMES,103
/bbs/Headphone/index.html,Headphone,102
/bbs/forsale/index.html,forsale,102
/bbs/gay/index.html,gay,101
/bbs/job/index.html,job,100
/bbs/MayDay/index.html,MayDay,98
/bbs/CarShop/index.html,CarShop,96
/bbs/SENIORHIGH/index.html,SENIORHIGH,95
/bbs/TaiwanDrama/index.html,TaiwanDrama,90
/bbs/fastfood/index.html,fastfood,89
/bbs/AzurLane/index.html,AzurLane,87
/bbs/cookclub/index.html,cookclub,87
/bbs/MacShop/index.html,MacShop,86
/bbs/MH/index.html,MH,80
/bbs/AKB48/index.html,AKB48,78
/bbs/nb-shopping/index.html,nb-shopping,75
/bbs/Military/index.html,Military,75
/bbs/Wanted/index.html,Wanted,74
/bbs/GBF/index.html,GBF,74
/bbs/Key_Mou_Pad/index.html,Key_Mou_Pad,73
/bbs/watch/index.html,watch,73
/bbs/LGBT_SEX/index.html,LGBT_SEX,72
/bbs/Palmar_Drama/index.html,Palmar_Drama,72
/bbs/DC_SALE/index.html,DC_SALE,71
/bbs/PathofExile/index.html,PathofExile,71
/bbs/IZONE/index.html,IZONE,71
/bbs/Tennis/index.html,Tennis,71
/bbs/HelpBuy/index.html,HelpBuy,69
/bbs/Finance/index.html,Finance,68
/bbs/Nogizaka46/index.html,Nogizaka46,68
/bbs/Guardians/index.html,Guardians,68
/bbs/TW_Entertain/index.html,TW_Entertain,67
/bbs/give/index.html,give,65
/bbs/feminine_sex/index.html,feminine_sex,65
/bbs/Lions/index.html,Lions,64
/bbs/FORMULA1/index.html,FORMULA1,63
/bbs/PublicServan/index.html,PublicServan,62
/bbs/SuperBike/index.html,SuperBike,61
/bbs/FITNESS/index.html,FITNESS,61
