﻿/bbs/Gossiping/index.html,Gossiping,15213
/bbs/Baseball/index.html,Baseball,3636
/bbs/NBA/index.html,NBA,3260
/bbs/C_Chat/index.html,C_Chat,3234
/bbs/Stock/index.html,Stock,3149
/bbs/Lifeismoney/index.html,Lifeismoney,1635
/bbs/MobileComm/index.html,MobileComm,1424
/bbs/LoL/index.html,LoL,1391
/bbs/sex/index.html,sex,1196
/bbs/Tech_Job/index.html,Tech_Job,1183
/bbs/HatePolitics/index.html,HatePolitics,1164
/bbs/KoreaDrama/index.html,KoreaDrama,1161
/bbs/Elephants/index.html,Elephants,1134
/bbs/movie/index.html,movie,1069
/bbs/car/index.html,car,986
/bbs/WomenTalk/index.html,WomenTalk,949
/bbs/BabyMother/index.html,BabyMother,815
/bbs/joke/index.html,joke,768
/bbs/ToS/index.html,ToS,766
/bbs/KoreaStar/index.html,KoreaStar,730
/bbs/Beauty/index.html,Beauty,730
/bbs/Japan_Travel/index.html,Japan_Travel,721
/bbs/Boy-Girl/index.html,Boy-Girl,611
/bbs/PC_Shopping/index.html,PC_Shopping,604
/bbs/Hearthstone/index.html,Hearthstone,561
/bbs/e-shopping/index.html,e-shopping,561
/bbs/EAseries/index.html,EAseries,536
/bbs/KR_Entertain/index.html,KR_Entertain,516
/bbs/marvel/index.html,marvel,489
/bbs/marriage/index.html,marriage,488
/bbs/Badminton/index.html,Badminton,463
/bbs/PlayStation/index.html,PlayStation,462
/bbs/AllTogether/index.html,AllTogether,459
/bbs/home-sale/index.html,home-sale,453
/bbs/Tainan/index.html,Tainan,451
/bbs/MakeUp/index.html,MakeUp,447
/bbs/Steam/index.html,Steam,427
/bbs/Kaohsiung/index.html,Kaohsiung,427
/bbs/PCReDive/index.html,PCReDive,390
/bbs/Monkeys/index.html,Monkeys,372
/bbs/TaichungBun/index.html,TaichungBun,354
/bbs/StupidClown/index.html,StupidClown,349
/bbs/SportLottery/index.html,SportLottery,342
/bbs/creditcard/index.html,creditcard,339
/bbs/japanavgirls/index.html,japanavgirls,331
/bbs/ONE_PIECE/index.html,ONE_PIECE,312
/bbs/NSwitch/index.html,NSwitch,301
/bbs/iOS/index.html,iOS,290
/bbs/Salary/index.html,Salary,285
/bbs/CFantasy/index.html,CFantasy,284
/bbs/CVS/index.html,CVS,284
/bbs/Japandrama/index.html,Japandrama,277
/bbs/YuanChuang/index.html,YuanChuang,271
/bbs/KanColle/index.html,KanColle,258
/bbs/PokemonGO/index.html,PokemonGO,247
/bbs/basketballTW/index.html,basketballTW,245
/bbs/KoreanPop/index.html,KoreanPop,243
/bbs/BeautySalon/index.html,BeautySalon,240
/bbs/BuyTogether/index.html,BuyTogether,233
/bbs/MuscleBeach/index.html,MuscleBeach,231
/bbs/studyteacher/index.html,studyteacher,222
/bbs/HardwareSale/index.html,HardwareSale,211
/bbs/WOW/index.html,WOW,207
/bbs/Hsinchu/index.html,Hsinchu,206
/bbs/TWICE/index.html,TWICE,188
/bbs/NBA_Film/index.html,NBA_Film,183
/bbs/Option/index.html,Option,183
/bbs/TaiwanDrama/index.html,TaiwanDrama,180
/bbs/MobilePay/index.html,MobilePay,170
/bbs/AC_In/index.html,AC_In,169
/bbs/FATE_GO/index.html,FATE_GO,165
/bbs/TW_Entertain/index.html,TW_Entertain,162
/bbs/Lakers/index.html,Lakers,161
/bbs/Food/index.html,Food,161
/bbs/MLB/index.html,MLB,157
/bbs/Teacher/index.html,Teacher,156
/bbs/mobilesales/index.html,mobilesales,155
/bbs/BTS/index.html,BTS,154
/bbs/Gov_owned/index.html,Gov_owned,151
/bbs/gay/index.html,gay,151
/bbs/GetMarry/index.html,GetMarry,149
/bbs/China-Drama/index.html,China-Drama,148
/bbs/MayDay/index.html,MayDay,147
/bbs/Soft_Job/index.html,Soft_Job,146
/bbs/cat/index.html,cat,141
/bbs/Headphone/index.html,Headphone,136
/bbs/Examination/index.html,Examination,134
/bbs/Gamesale/index.html,Gamesale,128
/bbs/Aviation/index.html,Aviation,128
/bbs/biker/index.html,biker,128
/bbs/part-time/index.html,part-time,127
/bbs/DMM_GAMES/index.html,DMM_GAMES,127
/bbs/AKB48/index.html,AKB48,125
/bbs/SET/index.html,SET,122
/bbs/DSLR/index.html,DSLR,118
/bbs/lesbian/index.html,lesbian,117
/bbs/forsale/index.html,forsale,117
/bbs/PuzzleDragon/index.html,PuzzleDragon,114
/bbs/Finance/index.html,Finance,113
/bbs/PublicServan/index.html,PublicServan,111
/bbs/Military/index.html,Military,110
/bbs/TypeMoon/index.html,TypeMoon,109
/bbs/CarShop/index.html,CarShop,107
/bbs/MH/index.html,MH,104
/bbs/Guardians/index.html,Guardians,104
/bbs/FTV/index.html,FTV,103
/bbs/MacShop/index.html,MacShop,103
/bbs/LGBT_SEX/index.html,LGBT_SEX,102
/bbs/job/index.html,job,100
/bbs/AzurLane/index.html,AzurLane,97
/bbs/Tennis/index.html,Tennis,97
/bbs/Wanted/index.html,Wanted,96
/bbs/HelpBuy/index.html,HelpBuy,94
/bbs/cookclub/index.html,cookclub,93
/bbs/watch/index.html,watch,92
/bbs/DIABLO/index.html,DIABLO,91
/bbs/give/index.html,give,89
/bbs/SENIORHIGH/index.html,SENIORHIGH,87
/bbs/feminine_sex/index.html,feminine_sex,86
/bbs/GBF/index.html,GBF,86
/bbs/Nogizaka46/index.html,Nogizaka46,84
/bbs/nb-shopping/index.html,nb-shopping,83
/bbs/IZONE/index.html,IZONE,83
/bbs/BabyProducts/index.html,BabyProducts,80
/bbs/Key_Mou_Pad/index.html,Key_Mou_Pad,80
/bbs/Palmar_Drama/index.html,Palmar_Drama,79
/bbs/BB-Love/index.html,BB-Love,77
/bbs/FITNESS/index.html,FITNESS,76
