﻿/bbs/Gossiping/index.html,Gossiping,14941
/bbs/NBA/index.html,NBA,3441
/bbs/Stock/index.html,Stock,2838
/bbs/Baseball/index.html,Baseball,2795
/bbs/C_Chat/index.html,C_Chat,2724
/bbs/LoL/index.html,LoL,1433
/bbs/Lifeismoney/index.html,Lifeismoney,1400
/bbs/HatePolitics/index.html,HatePolitics,1328
/bbs/MobileComm/index.html,MobileComm,1302
/bbs/Tech_Job/index.html,Tech_Job,1032
/bbs/sex/index.html,sex,945
/bbs/movie/index.html,movie,855
/bbs/WomenTalk/index.html,WomenTalk,824
/bbs/car/index.html,car,778
/bbs/BabyMother/index.html,BabyMother,764
/bbs/joke/index.html,joke,740
/bbs/ToS/index.html,ToS,713
/bbs/KoreaStar/index.html,KoreaStar,649
/bbs/Beauty/index.html,Beauty,646
/bbs/marvel/index.html,marvel,570
/bbs/Boy-Girl/index.html,Boy-Girl,534
/bbs/Japan_Travel/index.html,Japan_Travel,533
/bbs/PC_Shopping/index.html,PC_Shopping,527
/bbs/marriage/index.html,marriage,522
/bbs/Hearthstone/index.html,Hearthstone,469
/bbs/EAseries/index.html,EAseries,437
/bbs/PlayStation/index.html,PlayStation,431
/bbs/Steam/index.html,Steam,385
/bbs/AllTogether/index.html,AllTogether,383
/bbs/SportLottery/index.html,SportLottery,373
/bbs/Kaohsiung/index.html,Kaohsiung,366
/bbs/e-shopping/index.html,e-shopping,356
/bbs/StupidClown/index.html,StupidClown,353
/bbs/PCReDive/index.html,PCReDive,344
/bbs/TaichungBun/index.html,TaichungBun,343
/bbs/MakeUp/index.html,MakeUp,341
/bbs/Tainan/index.html,Tainan,316
/bbs/creditcard/index.html,creditcard,315
/bbs/home-sale/index.html,home-sale,300
/bbs/KoreaDrama/index.html,KoreaDrama,289
/bbs/KR_Entertain/index.html,KR_Entertain,286
/bbs/NSwitch/index.html,NSwitch,273
/bbs/CFantasy/index.html,CFantasy,255
/bbs/iOS/index.html,iOS,248
/bbs/CVS/index.html,CVS,248
/bbs/Elephants/index.html,Elephants,230
/bbs/BuyTogether/index.html,BuyTogether,229
/bbs/ONE_PIECE/index.html,ONE_PIECE,229
/bbs/HardwareSale/index.html,HardwareSale,223
/bbs/WOW/index.html,WOW,220
/bbs/Option/index.html,Option,220
/bbs/Salary/index.html,Salary,219
/bbs/MuscleBeach/index.html,MuscleBeach,218
/bbs/PokemonGO/index.html,PokemonGO,218
/bbs/japanavgirls/index.html,japanavgirls,214
/bbs/Japandrama/index.html,Japandrama,204
/bbs/BeautySalon/index.html,BeautySalon,198
/bbs/KanColle/index.html,KanColle,193
/bbs/studyteacher/index.html,studyteacher,193
/bbs/basketballTW/index.html,basketballTW,171
/bbs/YuanChuang/index.html,YuanChuang,164
/bbs/PuzzleDragon/index.html,PuzzleDragon,154
/bbs/Soft_Job/index.html,Soft_Job,153
/bbs/MobilePay/index.html,MobilePay,153
/bbs/mobilesales/index.html,mobilesales,148
/bbs/AC_In/index.html,AC_In,146
/bbs/Teacher/index.html,Teacher,144
/bbs/Badminton/index.html,Badminton,140
/bbs/biker/index.html,biker,139
/bbs/BTS/index.html,BTS,138
/bbs/Food/index.html,Food,138
/bbs/TWICE/index.html,TWICE,136
/bbs/Aviation/index.html,Aviation,133
/bbs/MLB/index.html,MLB,132
/bbs/FATE_GO/index.html,FATE_GO,131
/bbs/KoreanPop/index.html,KoreanPop,131
/bbs/part-time/index.html,part-time,131
/bbs/NBA_Film/index.html,NBA_Film,127
/bbs/cat/index.html,cat,125
/bbs/Hsinchu/index.html,Hsinchu,123
/bbs/GetMarry/index.html,GetMarry,120
/bbs/DSLR/index.html,DSLR,119
/bbs/Lakers/index.html,Lakers,116
/bbs/forsale/index.html,forsale,113
/bbs/job/index.html,job,112
/bbs/China-Drama/index.html,China-Drama,111
/bbs/Headphone/index.html,Headphone,111
/bbs/Gov_owned/index.html,Gov_owned,111
/bbs/TypeMoon/index.html,TypeMoon,110
/bbs/DMM_GAMES/index.html,DMM_GAMES,108
/bbs/Gamesale/index.html,Gamesale,106
/bbs/Examination/index.html,Examination,101
/bbs/SENIORHIGH/index.html,SENIORHIGH,101
/bbs/cookclub/index.html,cookclub,97
/bbs/TaiwanDrama/index.html,TaiwanDrama,95
/bbs/gay/index.html,gay,94
/bbs/GBF/index.html,GBF,92
/bbs/MayDay/index.html,MayDay,91
/bbs/MacShop/index.html,MacShop,88
/bbs/Tennis/index.html,Tennis,88
/bbs/CarShop/index.html,CarShop,87
/bbs/watch/index.html,watch,86
/bbs/fastfood/index.html,fastfood,85
/bbs/Monkeys/index.html,Monkeys,84
/bbs/MH/index.html,MH,83
/bbs/Nogizaka46/index.html,Nogizaka46,82
/bbs/nb-shopping/index.html,nb-shopping,80
/bbs/BabyProducts/index.html,BabyProducts,76
/bbs/TW_Entertain/index.html,TW_Entertain,76
/bbs/AzurLane/index.html,AzurLane,75
/bbs/give/index.html,give,75
/bbs/LGBT_SEX/index.html,LGBT_SEX,75
/bbs/Military/index.html,Military,74
/bbs/AKB48/index.html,AKB48,73
/bbs/HelpBuy/index.html,HelpBuy,73
/bbs/Wanted/index.html,Wanted,72
/bbs/Palmar_Drama/index.html,Palmar_Drama,72
/bbs/feminine_sex/index.html,feminine_sex,68
/bbs/FORMULA1/index.html,FORMULA1,67
/bbs/Guardians/index.html,Guardians,67
/bbs/FITNESS/index.html,FITNESS,67
/bbs/IdolMaster/index.html,IdolMaster,66
/bbs/E-appliance/index.html,E-appliance,66
/bbs/Key_Mou_Pad/index.html,Key_Mou_Pad,64
/bbs/hypermall/index.html,hypermall,64
/bbs/IZONE/index.html,IZONE,62
/bbs/DIABLO/index.html,DIABLO,62
/bbs/RealmOfValor/index.html,RealmOfValor,62
