﻿/bbs/Gossiping/index.html,Gossiping,15922
/bbs/Baseball/index.html,Baseball,3826
/bbs/Stock/index.html,Stock,3615
/bbs/NBA/index.html,NBA,3503
/bbs/C_Chat/index.html,C_Chat,3226
/bbs/Lifeismoney/index.html,Lifeismoney,1675
/bbs/MobileComm/index.html,MobileComm,1433
/bbs/LoL/index.html,LoL,1391
/bbs/KoreaDrama/index.html,KoreaDrama,1382
/bbs/sex/index.html,sex,1380
/bbs/movie/index.html,movie,1378
/bbs/HatePolitics/index.html,HatePolitics,1182
/bbs/Tech_Job/index.html,Tech_Job,1176
/bbs/Elephants/index.html,Elephants,1036
/bbs/car/index.html,car,1021
/bbs/BabyMother/index.html,BabyMother,950
/bbs/WomenTalk/index.html,WomenTalk,925
/bbs/Beauty/index.html,Beauty,818
/bbs/ToS/index.html,ToS,791
/bbs/joke/index.html,joke,782
/bbs/Japan_Travel/index.html,Japan_Travel,747
/bbs/KoreaStar/index.html,KoreaStar,709
/bbs/Boy-Girl/index.html,Boy-Girl,697
/bbs/e-shopping/index.html,e-shopping,695
/bbs/PC_Shopping/index.html,PC_Shopping,624
/bbs/EAseries/index.html,EAseries,581
/bbs/Badminton/index.html,Badminton,567
/bbs/KR_Entertain/index.html,KR_Entertain,559
/bbs/AllTogether/index.html,AllTogether,535
/bbs/marriage/index.html,marriage,530
/bbs/Hearthstone/index.html,Hearthstone,522
/bbs/marvel/index.html,marvel,494
/bbs/Tainan/index.html,Tainan,488
/bbs/PlayStation/index.html,PlayStation,485
/bbs/home-sale/index.html,home-sale,470
/bbs/Monkeys/index.html,Monkeys,470
/bbs/MakeUp/index.html,MakeUp,453
/bbs/Kaohsiung/index.html,Kaohsiung,451
/bbs/PCReDive/index.html,PCReDive,442
/bbs/creditcard/index.html,creditcard,434
/bbs/Steam/index.html,Steam,433
/bbs/SportLottery/index.html,SportLottery,424
/bbs/Japandrama/index.html,Japandrama,370
/bbs/TaichungBun/index.html,TaichungBun,365
/bbs/NSwitch/index.html,NSwitch,357
/bbs/StupidClown/index.html,StupidClown,351
/bbs/japanavgirls/index.html,japanavgirls,338
/bbs/iOS/index.html,iOS,323
/bbs/ONE_PIECE/index.html,ONE_PIECE,315
/bbs/CFantasy/index.html,CFantasy,302
/bbs/CVS/index.html,CVS,295
/bbs/Salary/index.html,Salary,291
/bbs/KanColle/index.html,KanColle,284
/bbs/KoreanPop/index.html,KoreanPop,271
/bbs/YuanChuang/index.html,YuanChuang,269
/bbs/BuyTogether/index.html,BuyTogether,265
/bbs/BeautySalon/index.html,BeautySalon,261
/bbs/Option/index.html,Option,253
/bbs/PokemonGO/index.html,PokemonGO,246
/bbs/HardwareSale/index.html,HardwareSale,233
/bbs/Hsinchu/index.html,Hsinchu,231
/bbs/basketballTW/index.html,basketballTW,221
/bbs/WOW/index.html,WOW,217
/bbs/MuscleBeach/index.html,MuscleBeach,213
/bbs/MayDay/index.html,MayDay,213
/bbs/studyteacher/index.html,studyteacher,208
/bbs/Lakers/index.html,Lakers,193
/bbs/MLB/index.html,MLB,192
/bbs/China-Drama/index.html,China-Drama,190
/bbs/AC_In/index.html,AC_In,184
/bbs/TWICE/index.html,TWICE,183
/bbs/NBA_Film/index.html,NBA_Film,182
/bbs/FATE_GO/index.html,FATE_GO,180
/bbs/gay/index.html,gay,177
/bbs/Food/index.html,Food,175
/bbs/mobilesales/index.html,mobilesales,174
/bbs/BTS/index.html,BTS,171
/bbs/TW_Entertain/index.html,TW_Entertain,170
/bbs/Aviation/index.html,Aviation,167
/bbs/MobilePay/index.html,MobilePay,161
/bbs/cat/index.html,cat,161
/bbs/GetMarry/index.html,GetMarry,161
/bbs/Teacher/index.html,Teacher,160
/bbs/Gov_owned/index.html,Gov_owned,160
/bbs/TaiwanDrama/index.html,TaiwanDrama,160
/bbs/biker/index.html,biker,156
/bbs/Finance/index.html,Finance,152
/bbs/DSLR/index.html,DSLR,142
/bbs/Soft_Job/index.html,Soft_Job,140
/bbs/part-time/index.html,part-time,139
/bbs/lesbian/index.html,lesbian,138
/bbs/CarShop/index.html,CarShop,132
/bbs/PuzzleDragon/index.html,PuzzleDragon,130
/bbs/Headphone/index.html,Headphone,130
/bbs/Examination/index.html,Examination,130
/bbs/Gamesale/index.html,Gamesale,126
/bbs/forsale/index.html,forsale,126
/bbs/AKB48/index.html,AKB48,125
/bbs/DMM_GAMES/index.html,DMM_GAMES,121
/bbs/BB-Love/index.html,BB-Love,116
/bbs/FTV/index.html,FTV,111
/bbs/job/index.html,job,111
/bbs/TypeMoon/index.html,TypeMoon,110
/bbs/MacShop/index.html,MacShop,110
/bbs/SET/index.html,SET,105
/bbs/Wanted/index.html,Wanted,105
/bbs/Tennis/index.html,Tennis,105
/bbs/AzurLane/index.html,AzurLane,103
/bbs/Palmar_Drama/index.html,Palmar_Drama,103
/bbs/HelpBuy/index.html,HelpBuy,101
/bbs/LGBT_SEX/index.html,LGBT_SEX,101
/bbs/watch/index.html,watch,101
/bbs/FORMULA1/index.html,FORMULA1,99
/bbs/MH/index.html,MH,98
/bbs/IZONE/index.html,IZONE,98
/bbs/Brand/index.html,Brand,98
/bbs/Military/index.html,Military,98
/bbs/PublicServan/index.html,PublicServan,96
/bbs/fastfood/index.html,fastfood,93
/bbs/SENIORHIGH/index.html,SENIORHIGH,91
/bbs/cookclub/index.html,cookclub,89
/bbs/DIABLO/index.html,DIABLO,88
/bbs/Guardians/index.html,Guardians,88
/bbs/GBF/index.html,GBF,88
/bbs/Nogizaka46/index.html,Nogizaka46,87
/bbs/FITNESS/index.html,FITNESS,87
/bbs/BabyProducts/index.html,BabyProducts,86
/bbs/hypermall/index.html,hypermall,84
