﻿/bbs/Gossiping/index.html,Gossiping,14898
/bbs/NBA/index.html,NBA,3814
/bbs/Baseball/index.html,Baseball,3256
/bbs/Stock/index.html,Stock,2820
/bbs/C_Chat/index.html,C_Chat,2790
/bbs/Lifeismoney/index.html,Lifeismoney,1396
/bbs/LoL/index.html,LoL,1384
/bbs/MobileComm/index.html,MobileComm,1351
/bbs/HatePolitics/index.html,HatePolitics,1265
/bbs/Tech_Job/index.html,Tech_Job,1107
/bbs/WomenTalk/index.html,WomenTalk,926
/bbs/sex/index.html,sex,910
/bbs/movie/index.html,movie,829
/bbs/car/index.html,car,786
/bbs/joke/index.html,joke,783
/bbs/BabyMother/index.html,BabyMother,739
/bbs/KoreaStar/index.html,KoreaStar,696
/bbs/Beauty/index.html,Beauty,658
/bbs/ToS/index.html,ToS,642
/bbs/Boy-Girl/index.html,Boy-Girl,537
/bbs/PC_Shopping/index.html,PC_Shopping,522
/bbs/Japan_Travel/index.html,Japan_Travel,521
/bbs/marvel/index.html,marvel,509
/bbs/marriage/index.html,marriage,493
/bbs/Hearthstone/index.html,Hearthstone,456
/bbs/PlayStation/index.html,PlayStation,446
/bbs/EAseries/index.html,EAseries,437
/bbs/SportLottery/index.html,SportLottery,391
/bbs/e-shopping/index.html,e-shopping,389
/bbs/Steam/index.html,Steam,385
/bbs/Elephants/index.html,Elephants,379
/bbs/Kaohsiung/index.html,Kaohsiung,343
/bbs/KoreaDrama/index.html,KoreaDrama,332
/bbs/home-sale/index.html,home-sale,331
/bbs/TaichungBun/index.html,TaichungBun,331
/bbs/MakeUp/index.html,MakeUp,331
/bbs/PCReDive/index.html,PCReDive,322
/bbs/Tainan/index.html,Tainan,311
/bbs/AllTogether/index.html,AllTogether,309
/bbs/StupidClown/index.html,StupidClown,306
/bbs/KR_Entertain/index.html,KR_Entertain,299
/bbs/creditcard/index.html,creditcard,298
/bbs/NSwitch/index.html,NSwitch,278
/bbs/CFantasy/index.html,CFantasy,265
/bbs/PokemonGO/index.html,PokemonGO,240
/bbs/iOS/index.html,iOS,236
/bbs/ONE_PIECE/index.html,ONE_PIECE,234
/bbs/CVS/index.html,CVS,229
/bbs/Japandrama/index.html,Japandrama,226
/bbs/Salary/index.html,Salary,225
/bbs/MuscleBeach/index.html,MuscleBeach,225
/bbs/Badminton/index.html,Badminton,225
/bbs/BuyTogether/index.html,BuyTogether,214
/bbs/HardwareSale/index.html,HardwareSale,213
/bbs/Option/index.html,Option,213
/bbs/WOW/index.html,WOW,204
/bbs/japanavgirls/index.html,japanavgirls,192
/bbs/studyteacher/index.html,studyteacher,189
/bbs/KanColle/index.html,KanColle,181
/bbs/mobilesales/index.html,mobilesales,177
/bbs/TWICE/index.html,TWICE,170
/bbs/basketballTW/index.html,basketballTW,158
/bbs/PuzzleDragon/index.html,PuzzleDragon,156
/bbs/BeautySalon/index.html,BeautySalon,156
/bbs/Aviation/index.html,Aviation,150
/bbs/TypeMoon/index.html,TypeMoon,144
/bbs/Lakers/index.html,Lakers,143
/bbs/YuanChuang/index.html,YuanChuang,142
/bbs/Teacher/index.html,Teacher,138
/bbs/AC_In/index.html,AC_In,137
/bbs/Monkeys/index.html,Monkeys,136
/bbs/Food/index.html,Food,134
/bbs/MobilePay/index.html,MobilePay,132
/bbs/BTS/index.html,BTS,132
/bbs/biker/index.html,biker,130
/bbs/MLB/index.html,MLB,130
/bbs/KoreanPop/index.html,KoreanPop,126
/bbs/GetMarry/index.html,GetMarry,126
/bbs/part-time/index.html,part-time,125
/bbs/FATE_GO/index.html,FATE_GO,124
/bbs/Hsinchu/index.html,Hsinchu,123
/bbs/cat/index.html,cat,123
/bbs/Soft_Job/index.html,Soft_Job,122
/bbs/job/index.html,job,119
/bbs/NBA_Film/index.html,NBA_Film,116
/bbs/DSLR/index.html,DSLR,114
/bbs/Examination/index.html,Examination,114
/bbs/China-Drama/index.html,China-Drama,109
/bbs/forsale/index.html,forsale,109
/bbs/Gamesale/index.html,Gamesale,107
/bbs/Gov_owned/index.html,Gov_owned,102
/bbs/DMM_GAMES/index.html,DMM_GAMES,102
/bbs/gay/index.html,gay,100
/bbs/MacShop/index.html,MacShop,96
/bbs/Headphone/index.html,Headphone,95
/bbs/TaiwanDrama/index.html,TaiwanDrama,95
/bbs/SENIORHIGH/index.html,SENIORHIGH,95
/bbs/CarShop/index.html,CarShop,94
/bbs/MayDay/index.html,MayDay,94
/bbs/fastfood/index.html,fastfood,90
/bbs/cookclub/index.html,cookclub,87
/bbs/AKB48/index.html,AKB48,83
/bbs/IZONE/index.html,IZONE,81
/bbs/Military/index.html,Military,78
/bbs/TW_Entertain/index.html,TW_Entertain,78
/bbs/MH/index.html,MH,77
/bbs/IdolMaster/index.html,IdolMaster,76
/bbs/watch/index.html,watch,76
/bbs/nb-shopping/index.html,nb-shopping,75
/bbs/LGBT_SEX/index.html,LGBT_SEX,73
/bbs/PathofExile/index.html,PathofExile,73
/bbs/feminine_sex/index.html,feminine_sex,73
/bbs/Nogizaka46/index.html,Nogizaka46,72
/bbs/Tennis/index.html,Tennis,72
/bbs/AzurLane/index.html,AzurLane,71
/bbs/Wanted/index.html,Wanted,71
/bbs/PublicServan/index.html,PublicServan,69
/bbs/Key_Mou_Pad/index.html,Key_Mou_Pad,68
/bbs/hypermall/index.html,hypermall,68
/bbs/SuperBike/index.html,SuperBike,66
/bbs/Guardians/index.html,Guardians,65
/bbs/RealmOfValor/index.html,RealmOfValor,65
/bbs/HelpBuy/index.html,HelpBuy,64
/bbs/GBF/index.html,GBF,64
/bbs/DC_SALE/index.html,DC_SALE,62
/bbs/medstudent/index.html,medstudent,62
/bbs/give/index.html,give,61
/bbs/FORMULA1/index.html,FORMULA1,61
