﻿/bbs/Gossiping/index.html,Gossiping,15031
/bbs/Baseball/index.html,Baseball,3874
/bbs/NBA/index.html,NBA,3382
/bbs/C_Chat/index.html,C_Chat,3200
/bbs/Stock/index.html,Stock,3108
/bbs/Lifeismoney/index.html,Lifeismoney,1563
/bbs/LoL/index.html,LoL,1426
/bbs/MobileComm/index.html,MobileComm,1370
/bbs/HatePolitics/index.html,HatePolitics,1195
/bbs/sex/index.html,sex,1135
/bbs/Tech_Job/index.html,Tech_Job,1120
/bbs/movie/index.html,movie,1011
/bbs/Elephants/index.html,Elephants,997
/bbs/car/index.html,car,948
/bbs/WomenTalk/index.html,WomenTalk,942
/bbs/KoreaDrama/index.html,KoreaDrama,935
/bbs/BabyMother/index.html,BabyMother,798
/bbs/Beauty/index.html,Beauty,771
/bbs/joke/index.html,joke,764
/bbs/ToS/index.html,ToS,745
/bbs/KoreaStar/index.html,KoreaStar,738
/bbs/Japan_Travel/index.html,Japan_Travel,656
/bbs/PC_Shopping/index.html,PC_Shopping,595
/bbs/Boy-Girl/index.html,Boy-Girl,591
/bbs/e-shopping/index.html,e-shopping,563
/bbs/Hearthstone/index.html,Hearthstone,540
/bbs/EAseries/index.html,EAseries,529
/bbs/KR_Entertain/index.html,KR_Entertain,499
/bbs/marvel/index.html,marvel,490
/bbs/marriage/index.html,marriage,477
/bbs/PlayStation/index.html,PlayStation,475
/bbs/Badminton/index.html,Badminton,451
/bbs/MakeUp/index.html,MakeUp,450
/bbs/Tainan/index.html,Tainan,444
/bbs/home-sale/index.html,home-sale,424
/bbs/Steam/index.html,Steam,422
/bbs/AllTogether/index.html,AllTogether,418
/bbs/Kaohsiung/index.html,Kaohsiung,402
/bbs/PCReDive/index.html,PCReDive,388
/bbs/SportLottery/index.html,SportLottery,385
/bbs/StupidClown/index.html,StupidClown,350
/bbs/TaichungBun/index.html,TaichungBun,349
/bbs/Monkeys/index.html,Monkeys,338
/bbs/creditcard/index.html,creditcard,334
/bbs/japanavgirls/index.html,japanavgirls,291
/bbs/Japandrama/index.html,Japandrama,286
/bbs/CFantasy/index.html,CFantasy,285
/bbs/ONE_PIECE/index.html,ONE_PIECE,283
/bbs/iOS/index.html,iOS,282
/bbs/CVS/index.html,CVS,273
/bbs/NSwitch/index.html,NSwitch,270
/bbs/KanColle/index.html,KanColle,269
/bbs/KoreanPop/index.html,KoreanPop,263
/bbs/YuanChuang/index.html,YuanChuang,262
/bbs/basketballTW/index.html,basketballTW,255
/bbs/Salary/index.html,Salary,253
/bbs/PokemonGO/index.html,PokemonGO,249
/bbs/BeautySalon/index.html,BeautySalon,244
/bbs/studyteacher/index.html,studyteacher,233
/bbs/MuscleBeach/index.html,MuscleBeach,229
/bbs/BuyTogether/index.html,BuyTogether,209
/bbs/HardwareSale/index.html,HardwareSale,206
/bbs/WOW/index.html,WOW,199
/bbs/Hsinchu/index.html,Hsinchu,192
/bbs/TWICE/index.html,TWICE,182
/bbs/TaiwanDrama/index.html,TaiwanDrama,178
/bbs/MobilePay/index.html,MobilePay,172
/bbs/China-Drama/index.html,China-Drama,172
/bbs/AC_In/index.html,AC_In,171
/bbs/MLB/index.html,MLB,167
/bbs/Option/index.html,Option,163
/bbs/Aviation/index.html,Aviation,159
/bbs/Teacher/index.html,Teacher,158
/bbs/FATE_GO/index.html,FATE_GO,156
/bbs/BTS/index.html,BTS,153
/bbs/Examination/index.html,Examination,152
/bbs/gay/index.html,gay,152
/bbs/mobilesales/index.html,mobilesales,151
/bbs/Soft_Job/index.html,Soft_Job,148
/bbs/NBA_Film/index.html,NBA_Film,147
/bbs/part-time/index.html,part-time,142
/bbs/Lakers/index.html,Lakers,141
/bbs/Food/index.html,Food,141
/bbs/cat/index.html,cat,140
/bbs/TW_Entertain/index.html,TW_Entertain,137
/bbs/biker/index.html,biker,136
/bbs/Gamesale/index.html,Gamesale,131
/bbs/Gov_owned/index.html,Gov_owned,131
/bbs/PuzzleDragon/index.html,PuzzleDragon,129
/bbs/DMM_GAMES/index.html,DMM_GAMES,128
/bbs/TypeMoon/index.html,TypeMoon,127
/bbs/GetMarry/index.html,GetMarry,126
/bbs/MayDay/index.html,MayDay,126
/bbs/CarShop/index.html,CarShop,118
/bbs/AKB48/index.html,AKB48,114
/bbs/MacShop/index.html,MacShop,114
/bbs/Headphone/index.html,Headphone,111
/bbs/LGBT_SEX/index.html,LGBT_SEX,110
/bbs/forsale/index.html,forsale,108
/bbs/job/index.html,job,107
/bbs/lesbian/index.html,lesbian,106
/bbs/DSLR/index.html,DSLR,105
/bbs/AzurLane/index.html,AzurLane,102
/bbs/MH/index.html,MH,102
/bbs/PublicServan/index.html,PublicServan,98
/bbs/Finance/index.html,Finance,97
/bbs/Palmar_Drama/index.html,Palmar_Drama,95
/bbs/fastfood/index.html,fastfood,92
/bbs/Guardians/index.html,Guardians,92
/bbs/HelpBuy/index.html,HelpBuy,90
/bbs/Tennis/index.html,Tennis,90
/bbs/SENIORHIGH/index.html,SENIORHIGH,89
/bbs/GBF/index.html,GBF,89
/bbs/Military/index.html,Military,89
/bbs/hypermall/index.html,hypermall,88
/bbs/Nogizaka46/index.html,Nogizaka46,87
/bbs/IZONE/index.html,IZONE,87
/bbs/DIABLO/index.html,DIABLO,87
/bbs/watch/index.html,watch,87
/bbs/Wanted/index.html,Wanted,86
/bbs/feminine_sex/index.html,feminine_sex,83
/bbs/FITNESS/index.html,FITNESS,83
/bbs/cookclub/index.html,cookclub,82
/bbs/give/index.html,give,81
/bbs/Key_Mou_Pad/index.html,Key_Mou_Pad,77
/bbs/IdolMaster/index.html,IdolMaster,76
/bbs/nb-shopping/index.html,nb-shopping,75
/bbs/BabyProducts/index.html,BabyProducts,72
