﻿/bbs/Gossiping/index.html,Gossiping,15725
/bbs/Baseball/index.html,Baseball,3709
/bbs/Stock/index.html,Stock,3443
/bbs/NBA/index.html,NBA,3406
/bbs/C_Chat/index.html,C_Chat,3161
/bbs/Lifeismoney/index.html,Lifeismoney,1641
/bbs/MobileComm/index.html,MobileComm,1435
/bbs/KoreaDrama/index.html,KoreaDrama,1412
/bbs/LoL/index.html,LoL,1368
/bbs/movie/index.html,movie,1300
/bbs/sex/index.html,sex,1294
/bbs/Tech_Job/index.html,Tech_Job,1200
/bbs/HatePolitics/index.html,HatePolitics,1138
/bbs/Elephants/index.html,Elephants,1081
/bbs/car/index.html,car,1041
/bbs/WomenTalk/index.html,WomenTalk,946
/bbs/BabyMother/index.html,BabyMother,926
/bbs/Beauty/index.html,Beauty,819
/bbs/ToS/index.html,ToS,816
/bbs/joke/index.html,joke,757
/bbs/Japan_Travel/index.html,Japan_Travel,743
/bbs/KoreaStar/index.html,KoreaStar,713
/bbs/Boy-Girl/index.html,Boy-Girl,670
/bbs/e-shopping/index.html,e-shopping,665
/bbs/PC_Shopping/index.html,PC_Shopping,627
/bbs/EAseries/index.html,EAseries,573
/bbs/Hearthstone/index.html,Hearthstone,556
/bbs/Badminton/index.html,Badminton,541
/bbs/KR_Entertain/index.html,KR_Entertain,532
/bbs/AllTogether/index.html,AllTogether,531
/bbs/Monkeys/index.html,Monkeys,506
/bbs/marvel/index.html,marvel,497
/bbs/marriage/index.html,marriage,494
/bbs/Tainan/index.html,Tainan,463
/bbs/Steam/index.html,Steam,457
/bbs/creditcard/index.html,creditcard,450
/bbs/PlayStation/index.html,PlayStation,447
/bbs/home-sale/index.html,home-sale,438
/bbs/MakeUp/index.html,MakeUp,435
/bbs/PCReDive/index.html,PCReDive,430
/bbs/SportLottery/index.html,SportLottery,400
/bbs/Kaohsiung/index.html,Kaohsiung,387
/bbs/StupidClown/index.html,StupidClown,373
/bbs/TaichungBun/index.html,TaichungBun,372
/bbs/japanavgirls/index.html,japanavgirls,349
/bbs/NSwitch/index.html,NSwitch,344
/bbs/ONE_PIECE/index.html,ONE_PIECE,323
/bbs/Japandrama/index.html,Japandrama,321
/bbs/iOS/index.html,iOS,310
/bbs/CFantasy/index.html,CFantasy,301
/bbs/CVS/index.html,CVS,301
/bbs/KanColle/index.html,KanColle,292
/bbs/Salary/index.html,Salary,278
/bbs/KoreanPop/index.html,KoreanPop,270
/bbs/YuanChuang/index.html,YuanChuang,267
/bbs/BuyTogether/index.html,BuyTogether,262
/bbs/BeautySalon/index.html,BeautySalon,253
/bbs/PokemonGO/index.html,PokemonGO,250
/bbs/HardwareSale/index.html,HardwareSale,238
/bbs/MuscleBeach/index.html,MuscleBeach,236
/bbs/Hsinchu/index.html,Hsinchu,228
/bbs/basketballTW/index.html,basketballTW,224
/bbs/studyteacher/index.html,studyteacher,222
/bbs/Option/index.html,Option,221
/bbs/WOW/index.html,WOW,215
/bbs/AC_In/index.html,AC_In,200
/bbs/Lakers/index.html,Lakers,198
/bbs/NBA_Film/index.html,NBA_Film,191
/bbs/MayDay/index.html,MayDay,190
/bbs/Food/index.html,Food,189
/bbs/TWICE/index.html,TWICE,188
/bbs/BTS/index.html,BTS,182
/bbs/MLB/index.html,MLB,181
/bbs/China-Drama/index.html,China-Drama,180
/bbs/MobilePay/index.html,MobilePay,179
/bbs/FATE_GO/index.html,FATE_GO,178
/bbs/TW_Entertain/index.html,TW_Entertain,178
/bbs/TaiwanDrama/index.html,TaiwanDrama,167
/bbs/mobilesales/index.html,mobilesales,164
/bbs/Teacher/index.html,Teacher,163
/bbs/cat/index.html,cat,162
/bbs/Gov_owned/index.html,Gov_owned,159
/bbs/GetMarry/index.html,GetMarry,153
/bbs/Aviation/index.html,Aviation,152
/bbs/Examination/index.html,Examination,152
/bbs/CarShop/index.html,CarShop,151
/bbs/biker/index.html,biker,151
/bbs/gay/index.html,gay,147
/bbs/Finance/index.html,Finance,143
/bbs/Soft_Job/index.html,Soft_Job,143
/bbs/Headphone/index.html,Headphone,143
/bbs/lesbian/index.html,lesbian,139
/bbs/part-time/index.html,part-time,135
/bbs/DSLR/index.html,DSLR,128
/bbs/Gamesale/index.html,Gamesale,124
/bbs/DMM_GAMES/index.html,DMM_GAMES,122
/bbs/AKB48/index.html,AKB48,120
/bbs/TypeMoon/index.html,TypeMoon,120
/bbs/forsale/index.html,forsale,119
/bbs/PuzzleDragon/index.html,PuzzleDragon,118
/bbs/MacShop/index.html,MacShop,113
/bbs/FTV/index.html,FTV,112
/bbs/Wanted/index.html,Wanted,110
/bbs/AzurLane/index.html,AzurLane,102
/bbs/watch/index.html,watch,102
/bbs/LGBT_SEX/index.html,LGBT_SEX,101
/bbs/Tennis/index.html,Tennis,101
/bbs/MH/index.html,MH,100
/bbs/SENIORHIGH/index.html,SENIORHIGH,100
/bbs/cookclub/index.html,cookclub,100
/bbs/Palmar_Drama/index.html,Palmar_Drama,99
/bbs/job/index.html,job,99
/bbs/BB-Love/index.html,BB-Love,98
/bbs/fastfood/index.html,fastfood,94
/bbs/HelpBuy/index.html,HelpBuy,93
/bbs/Military/index.html,Military,92
/bbs/SET/index.html,SET,91
/bbs/PublicServan/index.html,PublicServan,89
/bbs/IZONE/index.html,IZONE,88
/bbs/GBF/index.html,GBF,88
/bbs/FORMULA1/index.html,FORMULA1,87
/bbs/DIABLO/index.html,DIABLO,84
/bbs/feminine_sex/index.html,feminine_sex,83
/bbs/medstudent/index.html,medstudent,81
/bbs/hypermall/index.html,hypermall,80
/bbs/Guardians/index.html,Guardians,80
/bbs/StarCraft/index.html,StarCraft,80
/bbs/FITNESS/index.html,FITNESS,80
