﻿/bbs/Gossiping/index.html,Gossiping,16507
/bbs/Stock/index.html,Stock,3913
/bbs/NBA/index.html,NBA,3582
/bbs/C_Chat/index.html,C_Chat,3226
/bbs/Baseball/index.html,Baseball,3082
/bbs/sex/index.html,sex,1771
/bbs/Lifeismoney/index.html,Lifeismoney,1736
/bbs/movie/index.html,movie,1559
/bbs/MobileComm/index.html,MobileComm,1556
/bbs/LoL/index.html,LoL,1302
/bbs/Tech_Job/index.html,Tech_Job,1264
/bbs/HatePolitics/index.html,HatePolitics,1232
/bbs/WomenTalk/index.html,WomenTalk,1174
/bbs/car/index.html,car,1152
/bbs/BabyMother/index.html,BabyMother,1123
/bbs/Beauty/index.html,Beauty,1066
/bbs/KoreaDrama/index.html,KoreaDrama,942
/bbs/joke/index.html,joke,893
/bbs/Boy-Girl/index.html,Boy-Girl,825
/bbs/e-shopping/index.html,e-shopping,816
/bbs/ToS/index.html,ToS,811
/bbs/Japan_Travel/index.html,Japan_Travel,809
/bbs/AllTogether/index.html,AllTogether,713
/bbs/KoreaStar/index.html,KoreaStar,693
/bbs/marriage/index.html,marriage,678
/bbs/PC_Shopping/index.html,PC_Shopping,659
/bbs/EAseries/index.html,EAseries,644
/bbs/marvel/index.html,marvel,636
/bbs/Hearthstone/index.html,Hearthstone,600
/bbs/MakeUp/index.html,MakeUp,563
/bbs/Elephants/index.html,Elephants,539
/bbs/Tainan/index.html,Tainan,526
/bbs/home-sale/index.html,home-sale,512
/bbs/PlayStation/index.html,PlayStation,506
/bbs/Steam/index.html,Steam,506
/bbs/KR_Entertain/index.html,KR_Entertain,502
/bbs/creditcard/index.html,creditcard,489
/bbs/SportLottery/index.html,SportLottery,472
/bbs/PCReDive/index.html,PCReDive,470
/bbs/japanavgirls/index.html,japanavgirls,448
/bbs/Kaohsiung/index.html,Kaohsiung,440
/bbs/TaichungBun/index.html,TaichungBun,406
/bbs/ONE_PIECE/index.html,ONE_PIECE,404
/bbs/NSwitch/index.html,NSwitch,397
/bbs/StupidClown/index.html,StupidClown,390
/bbs/Japandrama/index.html,Japandrama,375
/bbs/iOS/index.html,iOS,357
/bbs/Badminton/index.html,Badminton,350
/bbs/CFantasy/index.html,CFantasy,339
/bbs/BuyTogether/index.html,BuyTogether,335
/bbs/CVS/index.html,CVS,333
/bbs/Salary/index.html,Salary,332
/bbs/BeautySalon/index.html,BeautySalon,300
/bbs/KanColle/index.html,KanColle,297
/bbs/Option/index.html,Option,289
/bbs/KoreanPop/index.html,KoreanPop,283
/bbs/MuscleBeach/index.html,MuscleBeach,276
/bbs/YuanChuang/index.html,YuanChuang,270
/bbs/PokemonGO/index.html,PokemonGO,269
/bbs/Hsinchu/index.html,Hsinchu,268
/bbs/MayDay/index.html,MayDay,265
/bbs/TWICE/index.html,TWICE,254
/bbs/basketballTW/index.html,basketballTW,251
/bbs/gay/index.html,gay,249
/bbs/HardwareSale/index.html,HardwareSale,236
/bbs/NBA_Film/index.html,NBA_Film,230
/bbs/MLB/index.html,MLB,229
/bbs/China-Drama/index.html,China-Drama,215
/bbs/WOW/index.html,WOW,212
/bbs/lesbian/index.html,lesbian,210
/bbs/AC_In/index.html,AC_In,207
/bbs/biker/index.html,biker,206
/bbs/Food/index.html,Food,201
/bbs/FATE_GO/index.html,FATE_GO,195
/bbs/studyteacher/index.html,studyteacher,191
/bbs/mobilesales/index.html,mobilesales,190
/bbs/Aviation/index.html,Aviation,189
/bbs/MobilePay/index.html,MobilePay,185
/bbs/Monkeys/index.html,Monkeys,183
/bbs/Lakers/index.html,Lakers,179
/bbs/Soft_Job/index.html,Soft_Job,177
/bbs/GetMarry/index.html,GetMarry,177
/bbs/TW_Entertain/index.html,TW_Entertain,177
/bbs/BTS/index.html,BTS,174
/bbs/part-time/index.html,part-time,171
/bbs/cat/index.html,cat,159
/bbs/DSLR/index.html,DSLR,155
/bbs/TaiwanDrama/index.html,TaiwanDrama,154
/bbs/LGBT_SEX/index.html,LGBT_SEX,151
/bbs/Gov_owned/index.html,Gov_owned,151
/bbs/Finance/index.html,Finance,147
/bbs/Headphone/index.html,Headphone,146
/bbs/CarShop/index.html,CarShop,143
/bbs/Palmar_Drama/index.html,Palmar_Drama,143
/bbs/Examination/index.html,Examination,140
/bbs/forsale/index.html,forsale,137
/bbs/FITNESS/index.html,FITNESS,128
/bbs/PuzzleDragon/index.html,PuzzleDragon,126
/bbs/job/index.html,job,124
/bbs/cookclub/index.html,cookclub,123
/bbs/Teacher/index.html,Teacher,122
/bbs/MacShop/index.html,MacShop,121
/bbs/Wanted/index.html,Wanted,119
/bbs/Gamesale/index.html,Gamesale,115
/bbs/watch/index.html,watch,114
/bbs/AKB48/index.html,AKB48,110
/bbs/RealmOfValor/index.html,RealmOfValor,110
/bbs/feminine_sex/index.html,feminine_sex,108
/bbs/TypeMoon/index.html,TypeMoon,107
/bbs/give/index.html,give,106
/bbs/BB-Love/index.html,BB-Love,106
/bbs/IZONE/index.html,IZONE,106
/bbs/DIABLO/index.html,DIABLO,104
/bbs/HelpBuy/index.html,HelpBuy,103
/bbs/DMM_GAMES/index.html,DMM_GAMES,103
/bbs/GBF/index.html,GBF,102
/bbs/PublicServan/index.html,PublicServan,100
/bbs/Tennis/index.html,Tennis,99
/bbs/Guardians/index.html,Guardians,98
/bbs/AzurLane/index.html,AzurLane,97
/bbs/SENIORHIGH/index.html,SENIORHIGH,97
/bbs/Zastrology/index.html,Zastrology,96
/bbs/fastfood/index.html,fastfood,95
/bbs/hypermall/index.html,hypermall,95
/bbs/BabyProducts/index.html,BabyProducts,94
/bbs/DC_SALE/index.html,DC_SALE,93
/bbs/Nogizaka46/index.html,Nogizaka46,93
/bbs/E-appliance/index.html,E-appliance,93
