﻿/bbs/Gossiping/index.html,Gossiping,16410
/bbs/Stock/index.html,Stock,3820
/bbs/Baseball/index.html,Baseball,3805
/bbs/NBA/index.html,NBA,3594
/bbs/C_Chat/index.html,C_Chat,3246
/bbs/Lifeismoney/index.html,Lifeismoney,1753
/bbs/sex/index.html,sex,1477
/bbs/MobileComm/index.html,MobileComm,1458
/bbs/movie/index.html,movie,1458
/bbs/LoL/index.html,LoL,1422
/bbs/Tech_Job/index.html,Tech_Job,1234
/bbs/HatePolitics/index.html,HatePolitics,1221
/bbs/KoreaDrama/index.html,KoreaDrama,1180
/bbs/car/index.html,car,1126
/bbs/BabyMother/index.html,BabyMother,1108
/bbs/Elephants/index.html,Elephants,1002
/bbs/WomenTalk/index.html,WomenTalk,965
/bbs/Beauty/index.html,Beauty,935
/bbs/joke/index.html,joke,847
/bbs/ToS/index.html,ToS,839
/bbs/Boy-Girl/index.html,Boy-Girl,804
/bbs/Japan_Travel/index.html,Japan_Travel,771
/bbs/e-shopping/index.html,e-shopping,748
/bbs/KoreaStar/index.html,KoreaStar,741
/bbs/Badminton/index.html,Badminton,665
/bbs/PC_Shopping/index.html,PC_Shopping,643
/bbs/marriage/index.html,marriage,629
/bbs/Hearthstone/index.html,Hearthstone,597
/bbs/EAseries/index.html,EAseries,597
/bbs/AllTogether/index.html,AllTogether,577
/bbs/marvel/index.html,marvel,544
/bbs/KR_Entertain/index.html,KR_Entertain,541
/bbs/Tainan/index.html,Tainan,523
/bbs/creditcard/index.html,creditcard,501
/bbs/Steam/index.html,Steam,500
/bbs/Kaohsiung/index.html,Kaohsiung,498
/bbs/PlayStation/index.html,PlayStation,485
/bbs/MakeUp/index.html,MakeUp,483
/bbs/home-sale/index.html,home-sale,474
/bbs/PCReDive/index.html,PCReDive,445
/bbs/SportLottery/index.html,SportLottery,439
/bbs/TaichungBun/index.html,TaichungBun,406
/bbs/NSwitch/index.html,NSwitch,380
/bbs/Japandrama/index.html,Japandrama,368
/bbs/japanavgirls/index.html,japanavgirls,367
/bbs/Salary/index.html,Salary,360
/bbs/StupidClown/index.html,StupidClown,353
/bbs/iOS/index.html,iOS,339
/bbs/ONE_PIECE/index.html,ONE_PIECE,330
/bbs/KanColle/index.html,KanColle,329
/bbs/CVS/index.html,CVS,328
/bbs/Option/index.html,Option,325
/bbs/CFantasy/index.html,CFantasy,324
/bbs/Monkeys/index.html,Monkeys,318
/bbs/BuyTogether/index.html,BuyTogether,295
/bbs/YuanChuang/index.html,YuanChuang,293
/bbs/MayDay/index.html,MayDay,280
/bbs/KoreanPop/index.html,KoreanPop,268
/bbs/BeautySalon/index.html,BeautySalon,263
/bbs/MuscleBeach/index.html,MuscleBeach,258
/bbs/HardwareSale/index.html,HardwareSale,245
/bbs/PokemonGO/index.html,PokemonGO,241
/bbs/basketballTW/index.html,basketballTW,239
/bbs/Hsinchu/index.html,Hsinchu,236
/bbs/studyteacher/index.html,studyteacher,232
/bbs/TW_Entertain/index.html,TW_Entertain,230
/bbs/WOW/index.html,WOW,223
/bbs/NBA_Film/index.html,NBA_Film,222
/bbs/China-Drama/index.html,China-Drama,197
/bbs/AC_In/index.html,AC_In,195
/bbs/FATE_GO/index.html,FATE_GO,190
/bbs/MLB/index.html,MLB,185
/bbs/BTS/index.html,BTS,184
/bbs/Food/index.html,Food,183
/bbs/mobilesales/index.html,mobilesales,180
/bbs/Soft_Job/index.html,Soft_Job,179
/bbs/Aviation/index.html,Aviation,179
/bbs/Lakers/index.html,Lakers,179
/bbs/TWICE/index.html,TWICE,177
/bbs/biker/index.html,biker,169
/bbs/Finance/index.html,Finance,167
/bbs/TaiwanDrama/index.html,TaiwanDrama,166
/bbs/GetMarry/index.html,GetMarry,165
/bbs/MobilePay/index.html,MobilePay,162
/bbs/Gov_owned/index.html,Gov_owned,160
/bbs/Teacher/index.html,Teacher,157
/bbs/gay/index.html,gay,157
/bbs/cat/index.html,cat,153
/bbs/CarShop/index.html,CarShop,151
/bbs/lesbian/index.html,lesbian,151
/bbs/Examination/index.html,Examination,147
/bbs/part-time/index.html,part-time,142
/bbs/forsale/index.html,forsale,140
/bbs/Headphone/index.html,Headphone,139
/bbs/Gamesale/index.html,Gamesale,135
/bbs/FTV/index.html,FTV,134
/bbs/job/index.html,job,133
/bbs/PuzzleDragon/index.html,PuzzleDragon,130
/bbs/Palmar_Drama/index.html,Palmar_Drama,130
/bbs/DMM_GAMES/index.html,DMM_GAMES,129
/bbs/SET/index.html,SET,122
/bbs/cookclub/index.html,cookclub,122
/bbs/watch/index.html,watch,118
/bbs/Wanted/index.html,Wanted,117
/bbs/hypermall/index.html,hypermall,115
/bbs/AKB48/index.html,AKB48,113
/bbs/DSLR/index.html,DSLR,113
/bbs/PublicServan/index.html,PublicServan,111
/bbs/TypeMoon/index.html,TypeMoon,111
/bbs/LGBT_SEX/index.html,LGBT_SEX,111
/bbs/Tennis/index.html,Tennis,111
/bbs/AzurLane/index.html,AzurLane,108
/bbs/MH/index.html,MH,108
/bbs/MacShop/index.html,MacShop,106
/bbs/nb-shopping/index.html,nb-shopping,105
/bbs/give/index.html,give,105
/bbs/fastfood/index.html,fastfood,104
/bbs/IZONE/index.html,IZONE,103
/bbs/Guardians/index.html,Guardians,103
/bbs/BB-Love/index.html,BB-Love,101
/bbs/Brand/index.html,Brand,100
/bbs/BabyProducts/index.html,BabyProducts,98
/bbs/Military/index.html,Military,97
/bbs/HelpBuy/index.html,HelpBuy,96
/bbs/feminine_sex/index.html,feminine_sex,94
/bbs/DIABLO/index.html,DIABLO,94
/bbs/GBF/index.html,GBF,91
/bbs/SENIORHIGH/index.html,SENIORHIGH,89
