﻿/bbs/Gossiping/index.html,Gossiping,16771
/bbs/Stock/index.html,Stock,3858
/bbs/NBA/index.html,NBA,3668
/bbs/C_Chat/index.html,C_Chat,3312
/bbs/Baseball/index.html,Baseball,3215
/bbs/Lifeismoney/index.html,Lifeismoney,1847
/bbs/sex/index.html,sex,1732
/bbs/MobileComm/index.html,MobileComm,1646
/bbs/movie/index.html,movie,1619
/bbs/LoL/index.html,LoL,1311
/bbs/Tech_Job/index.html,Tech_Job,1288
/bbs/HatePolitics/index.html,HatePolitics,1259
/bbs/WomenTalk/index.html,WomenTalk,1166
/bbs/car/index.html,car,1150
/bbs/BabyMother/index.html,BabyMother,1108
/bbs/KoreaDrama/index.html,KoreaDrama,1047
/bbs/Beauty/index.html,Beauty,996
/bbs/joke/index.html,joke,873
/bbs/Boy-Girl/index.html,Boy-Girl,830
/bbs/ToS/index.html,ToS,812
/bbs/e-shopping/index.html,e-shopping,812
/bbs/Japan_Travel/index.html,Japan_Travel,808
/bbs/KoreaStar/index.html,KoreaStar,758
/bbs/marriage/index.html,marriage,693
/bbs/Elephants/index.html,Elephants,677
/bbs/PC_Shopping/index.html,PC_Shopping,667
/bbs/EAseries/index.html,EAseries,624
/bbs/AllTogether/index.html,AllTogether,622
/bbs/marvel/index.html,marvel,591
/bbs/Hearthstone/index.html,Hearthstone,589
/bbs/MakeUp/index.html,MakeUp,570
/bbs/Tainan/index.html,Tainan,556
/bbs/KR_Entertain/index.html,KR_Entertain,527
/bbs/home-sale/index.html,home-sale,514
/bbs/PlayStation/index.html,PlayStation,506
/bbs/creditcard/index.html,creditcard,504
/bbs/SportLottery/index.html,SportLottery,490
/bbs/Steam/index.html,Steam,486
/bbs/PCReDive/index.html,PCReDive,469
/bbs/Kaohsiung/index.html,Kaohsiung,450
/bbs/TaichungBun/index.html,TaichungBun,434
/bbs/japanavgirls/index.html,japanavgirls,427
/bbs/Badminton/index.html,Badminton,401
/bbs/StupidClown/index.html,StupidClown,401
/bbs/Japandrama/index.html,Japandrama,392
/bbs/NSwitch/index.html,NSwitch,380
/bbs/Salary/index.html,Salary,368
/bbs/ONE_PIECE/index.html,ONE_PIECE,367
/bbs/iOS/index.html,iOS,359
/bbs/CFantasy/index.html,CFantasy,350
/bbs/CVS/index.html,CVS,348
/bbs/BuyTogether/index.html,BuyTogether,341
/bbs/Option/index.html,Option,335
/bbs/KanColle/index.html,KanColle,312
/bbs/KoreanPop/index.html,KoreanPop,280
/bbs/BeautySalon/index.html,BeautySalon,275
/bbs/MuscleBeach/index.html,MuscleBeach,273
/bbs/basketballTW/index.html,basketballTW,267
/bbs/TWICE/index.html,TWICE,263
/bbs/YuanChuang/index.html,YuanChuang,259
/bbs/PokemonGO/index.html,PokemonGO,259
/bbs/MayDay/index.html,MayDay,258
/bbs/Hsinchu/index.html,Hsinchu,254
/bbs/HardwareSale/index.html,HardwareSale,243
/bbs/NBA_Film/index.html,NBA_Film,234
/bbs/gay/index.html,gay,231
/bbs/China-Drama/index.html,China-Drama,225
/bbs/WOW/index.html,WOW,212
/bbs/FATE_GO/index.html,FATE_GO,208
/bbs/Monkeys/index.html,Monkeys,205
/bbs/studyteacher/index.html,studyteacher,203
/bbs/MLB/index.html,MLB,202
/bbs/lesbian/index.html,lesbian,199
/bbs/Aviation/index.html,Aviation,198
/bbs/biker/index.html,biker,196
/bbs/AC_In/index.html,AC_In,194
/bbs/part-time/index.html,part-time,187
/bbs/Food/index.html,Food,187
/bbs/MobilePay/index.html,MobilePay,185
/bbs/Lakers/index.html,Lakers,182
/bbs/GetMarry/index.html,GetMarry,182
/bbs/TW_Entertain/index.html,TW_Entertain,182
/bbs/Soft_Job/index.html,Soft_Job,179
/bbs/BTS/index.html,BTS,176
/bbs/mobilesales/index.html,mobilesales,172
/bbs/DSLR/index.html,DSLR,161
/bbs/TaiwanDrama/index.html,TaiwanDrama,160
/bbs/Headphone/index.html,Headphone,157
/bbs/cat/index.html,cat,157
/bbs/Examination/index.html,Examination,157
/bbs/forsale/index.html,forsale,153
/bbs/Gov_owned/index.html,Gov_owned,151
/bbs/CarShop/index.html,CarShop,144
/bbs/Finance/index.html,Finance,142
/bbs/LGBT_SEX/index.html,LGBT_SEX,136
/bbs/Palmar_Drama/index.html,Palmar_Drama,136
/bbs/Gamesale/index.html,Gamesale,133
/bbs/Wanted/index.html,Wanted,131
/bbs/Teacher/index.html,Teacher,128
/bbs/PuzzleDragon/index.html,PuzzleDragon,127
/bbs/AKB48/index.html,AKB48,123
/bbs/cookclub/index.html,cookclub,123
/bbs/watch/index.html,watch,122
/bbs/job/index.html,job,119
/bbs/HelpBuy/index.html,HelpBuy,118
/bbs/FITNESS/index.html,FITNESS,117
/bbs/DMM_GAMES/index.html,DMM_GAMES,116
/bbs/MacShop/index.html,MacShop,112
/bbs/IZONE/index.html,IZONE,111
/bbs/DIABLO/index.html,DIABLO,111
/bbs/GBF/index.html,GBF,110
/bbs/Tennis/index.html,Tennis,110
/bbs/feminine_sex/index.html,feminine_sex,106
/bbs/TypeMoon/index.html,TypeMoon,105
/bbs/BabyProducts/index.html,BabyProducts,103
/bbs/MH/index.html,MH,103
/bbs/give/index.html,give,103
/bbs/fastfood/index.html,fastfood,103
/bbs/BB-Love/index.html,BB-Love,101
/bbs/DC_SALE/index.html,DC_SALE,100
/bbs/E-appliance/index.html,E-appliance,100
/bbs/AzurLane/index.html,AzurLane,97
/bbs/PublicServan/index.html,PublicServan,96
/bbs/Guardians/index.html,Guardians,94
/bbs/OverWatch/index.html,OverWatch,92
/bbs/nb-shopping/index.html,nb-shopping,91
/bbs/hypermall/index.html,hypermall,89
/bbs/facelift/index.html,facelift,89
