﻿/bbs/Gossiping/index.html,Gossiping,16713
/bbs/Stock/index.html,Stock,3816
/bbs/NBA/index.html,NBA,3812
/bbs/Baseball/index.html,Baseball,3435
/bbs/C_Chat/index.html,C_Chat,3243
/bbs/Lifeismoney/index.html,Lifeismoney,1831
/bbs/sex/index.html,sex,1704
/bbs/MobileComm/index.html,MobileComm,1624
/bbs/movie/index.html,movie,1545
/bbs/Tech_Job/index.html,Tech_Job,1404
/bbs/LoL/index.html,LoL,1346
/bbs/HatePolitics/index.html,HatePolitics,1314
/bbs/car/index.html,car,1177
/bbs/BabyMother/index.html,BabyMother,1148
/bbs/WomenTalk/index.html,WomenTalk,1102
/bbs/KoreaDrama/index.html,KoreaDrama,1073
/bbs/Beauty/index.html,Beauty,984
/bbs/joke/index.html,joke,842
/bbs/Boy-Girl/index.html,Boy-Girl,835
/bbs/Japan_Travel/index.html,Japan_Travel,828
/bbs/e-shopping/index.html,e-shopping,793
/bbs/ToS/index.html,ToS,784
/bbs/KoreaStar/index.html,KoreaStar,768
/bbs/Elephants/index.html,Elephants,742
/bbs/PC_Shopping/index.html,PC_Shopping,677
/bbs/marriage/index.html,marriage,672
/bbs/AllTogether/index.html,AllTogether,633
/bbs/EAseries/index.html,EAseries,618
/bbs/Hearthstone/index.html,Hearthstone,605
/bbs/marvel/index.html,marvel,583
/bbs/KR_Entertain/index.html,KR_Entertain,572
/bbs/Tainan/index.html,Tainan,567
/bbs/MakeUp/index.html,MakeUp,518
/bbs/Steam/index.html,Steam,514
/bbs/creditcard/index.html,creditcard,500
/bbs/SportLottery/index.html,SportLottery,498
/bbs/PlayStation/index.html,PlayStation,493
/bbs/home-sale/index.html,home-sale,485
/bbs/PCReDive/index.html,PCReDive,455
/bbs/Badminton/index.html,Badminton,447
/bbs/Japandrama/index.html,Japandrama,433
/bbs/japanavgirls/index.html,japanavgirls,430
/bbs/Kaohsiung/index.html,Kaohsiung,429
/bbs/TaichungBun/index.html,TaichungBun,409
/bbs/Option/index.html,Option,387
/bbs/StupidClown/index.html,StupidClown,382
/bbs/ONE_PIECE/index.html,ONE_PIECE,375
/bbs/NSwitch/index.html,NSwitch,361
/bbs/iOS/index.html,iOS,356
/bbs/BuyTogether/index.html,BuyTogether,349
/bbs/CFantasy/index.html,CFantasy,348
/bbs/CVS/index.html,CVS,346
/bbs/KanColle/index.html,KanColle,341
/bbs/Salary/index.html,Salary,340
/bbs/YuanChuang/index.html,YuanChuang,300
/bbs/Hsinchu/index.html,Hsinchu,289
/bbs/MuscleBeach/index.html,MuscleBeach,288
/bbs/BeautySalon/index.html,BeautySalon,280
/bbs/PokemonGO/index.html,PokemonGO,272
/bbs/KoreanPop/index.html,KoreanPop,271
/bbs/HardwareSale/index.html,HardwareSale,268
/bbs/basketballTW/index.html,basketballTW,264
/bbs/MayDay/index.html,MayDay,261
/bbs/NBA_Film/index.html,NBA_Film,251
/bbs/TWICE/index.html,TWICE,251
/bbs/Monkeys/index.html,Monkeys,245
/bbs/TW_Entertain/index.html,TW_Entertain,238
/bbs/gay/index.html,gay,233
/bbs/studyteacher/index.html,studyteacher,228
/bbs/China-Drama/index.html,China-Drama,223
/bbs/WOW/index.html,WOW,222
/bbs/AC_In/index.html,AC_In,211
/bbs/FATE_GO/index.html,FATE_GO,210
/bbs/MLB/index.html,MLB,207
/bbs/GetMarry/index.html,GetMarry,204
/bbs/MobilePay/index.html,MobilePay,200
/bbs/biker/index.html,biker,196
/bbs/BTS/index.html,BTS,195
/bbs/Lakers/index.html,Lakers,186
/bbs/Soft_Job/index.html,Soft_Job,181
/bbs/mobilesales/index.html,mobilesales,180
/bbs/Aviation/index.html,Aviation,180
/bbs/Food/index.html,Food,180
/bbs/TaiwanDrama/index.html,TaiwanDrama,178
/bbs/lesbian/index.html,lesbian,175
/bbs/part-time/index.html,part-time,167
/bbs/Gov_owned/index.html,Gov_owned,160
/bbs/Teacher/index.html,Teacher,158
/bbs/Finance/index.html,Finance,156
/bbs/cat/index.html,cat,156
/bbs/CarShop/index.html,CarShop,154
/bbs/forsale/index.html,forsale,147
/bbs/Examination/index.html,Examination,146
/bbs/Headphone/index.html,Headphone,139
/bbs/DSLR/index.html,DSLR,138
/bbs/Palmar_Drama/index.html,Palmar_Drama,138
/bbs/Gamesale/index.html,Gamesale,133
/bbs/DMM_GAMES/index.html,DMM_GAMES,131
/bbs/PuzzleDragon/index.html,PuzzleDragon,129
/bbs/LGBT_SEX/index.html,LGBT_SEX,129
/bbs/TypeMoon/index.html,TypeMoon,117
/bbs/HelpBuy/index.html,HelpBuy,116
/bbs/cookclub/index.html,cookclub,115
/bbs/AKB48/index.html,AKB48,114
/bbs/watch/index.html,watch,114
/bbs/BB-Love/index.html,BB-Love,112
/bbs/MacShop/index.html,MacShop,111
/bbs/DIABLO/index.html,DIABLO,111
/bbs/job/index.html,job,111
/bbs/Wanted/index.html,Wanted,108
/bbs/BabyProducts/index.html,BabyProducts,106
/bbs/IZONE/index.html,IZONE,105
/bbs/RealmOfValor/index.html,RealmOfValor,105
/bbs/PublicServan/index.html,PublicServan,103
/bbs/hypermall/index.html,hypermall,101
/bbs/MH/index.html,MH,100
/bbs/GBF/index.html,GBF,100
/bbs/Tennis/index.html,Tennis,99
/bbs/fastfood/index.html,fastfood,98
/bbs/Guardians/index.html,Guardians,98
/bbs/AzurLane/index.html,AzurLane,97
/bbs/give/index.html,give,96
/bbs/SENIORHIGH/index.html,SENIORHIGH,95
/bbs/feminine_sex/index.html,feminine_sex,94
/bbs/OverWatch/index.html,OverWatch,94
/bbs/FITNESS/index.html,FITNESS,92
/bbs/DC_SALE/index.html,DC_SALE,91
/bbs/Key_Mou_Pad/index.html,Key_Mou_Pad,89
