﻿/bbs/Gossiping/index.html,Gossiping,15332
/bbs/Baseball/index.html,Baseball,4341
/bbs/NBA/index.html,NBA,3649
/bbs/C_Chat/index.html,C_Chat,3151
/bbs/Stock/index.html,Stock,2793
/bbs/Lifeismoney/index.html,Lifeismoney,1390
/bbs/MobileComm/index.html,MobileComm,1359
/bbs/LoL/index.html,LoL,1299
/bbs/HatePolitics/index.html,HatePolitics,1202
/bbs/Elephants/index.html,Elephants,1187
/bbs/Tech_Job/index.html,Tech_Job,1034
/bbs/WomenTalk/index.html,WomenTalk,926
/bbs/sex/index.html,sex,918
/bbs/car/index.html,car,897
/bbs/movie/index.html,movie,886
/bbs/joke/index.html,joke,760
/bbs/BabyMother/index.html,BabyMother,743
/bbs/ToS/index.html,ToS,681
/bbs/KoreaStar/index.html,KoreaStar,678
/bbs/Beauty/index.html,Beauty,669
/bbs/Boy-Girl/index.html,Boy-Girl,601
/bbs/PC_Shopping/index.html,PC_Shopping,578
/bbs/Japan_Travel/index.html,Japan_Travel,556
/bbs/Hearthstone/index.html,Hearthstone,527
/bbs/marriage/index.html,marriage,485
/bbs/EAseries/index.html,EAseries,469
/bbs/marvel/index.html,marvel,469
/bbs/e-shopping/index.html,e-shopping,465
/bbs/PlayStation/index.html,PlayStation,426
/bbs/KR_Entertain/index.html,KR_Entertain,398
/bbs/AllTogether/index.html,AllTogether,378
/bbs/SportLottery/index.html,SportLottery,371
/bbs/KoreaDrama/index.html,KoreaDrama,370
/bbs/Kaohsiung/index.html,Kaohsiung,363
/bbs/MakeUp/index.html,MakeUp,358
/bbs/Tainan/index.html,Tainan,357
/bbs/StupidClown/index.html,StupidClown,356
/bbs/home-sale/index.html,home-sale,351
/bbs/Steam/index.html,Steam,342
/bbs/PCReDive/index.html,PCReDive,341
/bbs/Badminton/index.html,Badminton,331
/bbs/Monkeys/index.html,Monkeys,319
/bbs/creditcard/index.html,creditcard,310
/bbs/TaichungBun/index.html,TaichungBun,305
/bbs/NSwitch/index.html,NSwitch,268
/bbs/CFantasy/index.html,CFantasy,259
/bbs/Salary/index.html,Salary,259
/bbs/CVS/index.html,CVS,253
/bbs/Japandrama/index.html,Japandrama,252
/bbs/PokemonGO/index.html,PokemonGO,245
/bbs/basketballTW/index.html,basketballTW,234
/bbs/KoreanPop/index.html,KoreanPop,231
/bbs/ONE_PIECE/index.html,ONE_PIECE,225
/bbs/japanavgirls/index.html,japanavgirls,218
/bbs/iOS/index.html,iOS,214
/bbs/studyteacher/index.html,studyteacher,214
/bbs/BuyTogether/index.html,BuyTogether,211
/bbs/KanColle/index.html,KanColle,206
/bbs/MuscleBeach/index.html,MuscleBeach,198
/bbs/BeautySalon/index.html,BeautySalon,188
/bbs/HardwareSale/index.html,HardwareSale,185
/bbs/Option/index.html,Option,182
/bbs/TWICE/index.html,TWICE,179
/bbs/YuanChuang/index.html,YuanChuang,177
/bbs/WOW/index.html,WOW,168
/bbs/FATE_GO/index.html,FATE_GO,167
/bbs/Hsinchu/index.html,Hsinchu,158
/bbs/BTS/index.html,BTS,154
/bbs/cat/index.html,cat,153
/bbs/MobilePay/index.html,MobilePay,150
/bbs/Aviation/index.html,Aviation,147
/bbs/mobilesales/index.html,mobilesales,145
/bbs/Teacher/index.html,Teacher,144
/bbs/PuzzleDragon/index.html,PuzzleDragon,141
/bbs/China-Drama/index.html,China-Drama,138
/bbs/biker/index.html,biker,138
/bbs/TypeMoon/index.html,TypeMoon,135
/bbs/Soft_Job/index.html,Soft_Job,132
/bbs/GetMarry/index.html,GetMarry,129
/bbs/Examination/index.html,Examination,128
/bbs/MLB/index.html,MLB,127
/bbs/AC_In/index.html,AC_In,125
/bbs/part-time/index.html,part-time,123
/bbs/Food/index.html,Food,122
/bbs/Gov_owned/index.html,Gov_owned,121
/bbs/NBA_Film/index.html,NBA_Film,117
/bbs/DSLR/index.html,DSLR,116
/bbs/Lakers/index.html,Lakers,114
/bbs/gay/index.html,gay,113
/bbs/AzurLane/index.html,AzurLane,108
/bbs/MayDay/index.html,MayDay,108
/bbs/Gamesale/index.html,Gamesale,107
/bbs/CarShop/index.html,CarShop,105
/bbs/Headphone/index.html,Headphone,105
/bbs/DMM_GAMES/index.html,DMM_GAMES,105
/bbs/TaiwanDrama/index.html,TaiwanDrama,103
/bbs/AKB48/index.html,AKB48,99
/bbs/job/index.html,job,96
/bbs/Finance/index.html,Finance,91
/bbs/SENIORHIGH/index.html,SENIORHIGH,90
/bbs/fastfood/index.html,fastfood,88
/bbs/MacShop/index.html,MacShop,88
/bbs/cookclub/index.html,cookclub,87
/bbs/Guardians/index.html,Guardians,87
/bbs/PublicServan/index.html,PublicServan,86
/bbs/Tennis/index.html,Tennis,86
/bbs/forsale/index.html,forsale,85
/bbs/IZONE/index.html,IZONE,81
/bbs/hypermall/index.html,hypermall,81
/bbs/LGBT_SEX/index.html,LGBT_SEX,78
/bbs/GBF/index.html,GBF,78
/bbs/MH/index.html,MH,76
/bbs/nb-shopping/index.html,nb-shopping,75
/bbs/Key_Mou_Pad/index.html,Key_Mou_Pad,75
/bbs/TW_Entertain/index.html,TW_Entertain,75
/bbs/give/index.html,give,73
/bbs/Nogizaka46/index.html,Nogizaka46,73
/bbs/Palmar_Drama/index.html,Palmar_Drama,73
/bbs/Lions/index.html,Lions,72
/bbs/HelpBuy/index.html,HelpBuy,71
/bbs/Wanted/index.html,Wanted,70
/bbs/lesbian/index.html,lesbian,69
/bbs/BabyProducts/index.html,BabyProducts,68
/bbs/Chiayi/index.html,Chiayi,68
/bbs/RealmOfValor/index.html,RealmOfValor,67
/bbs/FITNESS/index.html,FITNESS,67
/bbs/Military/index.html,Military,67
/bbs/DIABLO/index.html,DIABLO,66
