﻿/bbs/Gossiping/index.html,Gossiping,16815
/bbs/Stock/index.html,Stock,3922
/bbs/NBA/index.html,NBA,3698
/bbs/Baseball/index.html,Baseball,3517
/bbs/C_Chat/index.html,C_Chat,3300
/bbs/Lifeismoney/index.html,Lifeismoney,1810
/bbs/sex/index.html,sex,1668
/bbs/MobileComm/index.html,MobileComm,1548
/bbs/movie/index.html,movie,1518
/bbs/LoL/index.html,LoL,1369
/bbs/Tech_Job/index.html,Tech_Job,1311
/bbs/HatePolitics/index.html,HatePolitics,1279
/bbs/BabyMother/index.html,BabyMother,1173
/bbs/car/index.html,car,1137
/bbs/KoreaDrama/index.html,KoreaDrama,1116
/bbs/WomenTalk/index.html,WomenTalk,1075
/bbs/Beauty/index.html,Beauty,934
/bbs/Japan_Travel/index.html,Japan_Travel,860
/bbs/joke/index.html,joke,853
/bbs/Boy-Girl/index.html,Boy-Girl,834
/bbs/ToS/index.html,ToS,771
/bbs/KoreaStar/index.html,KoreaStar,768
/bbs/e-shopping/index.html,e-shopping,753
/bbs/Elephants/index.html,Elephants,698
/bbs/marriage/index.html,marriage,695
/bbs/PC_Shopping/index.html,PC_Shopping,659
/bbs/EAseries/index.html,EAseries,623
/bbs/Hearthstone/index.html,Hearthstone,615
/bbs/AllTogether/index.html,AllTogether,593
/bbs/KR_Entertain/index.html,KR_Entertain,570
/bbs/Tainan/index.html,Tainan,566
/bbs/marvel/index.html,marvel,557
/bbs/MakeUp/index.html,MakeUp,509
/bbs/SportLottery/index.html,SportLottery,500
/bbs/home-sale/index.html,home-sale,497
/bbs/Steam/index.html,Steam,492
/bbs/PlayStation/index.html,PlayStation,487
/bbs/creditcard/index.html,creditcard,475
/bbs/Badminton/index.html,Badminton,473
/bbs/Kaohsiung/index.html,Kaohsiung,466
/bbs/PCReDive/index.html,PCReDive,459
/bbs/TaichungBun/index.html,TaichungBun,422
/bbs/Japandrama/index.html,Japandrama,419
/bbs/japanavgirls/index.html,japanavgirls,412
/bbs/StupidClown/index.html,StupidClown,398
/bbs/Option/index.html,Option,375
/bbs/ONE_PIECE/index.html,ONE_PIECE,365
/bbs/iOS/index.html,iOS,355
/bbs/CFantasy/index.html,CFantasy,354
/bbs/Salary/index.html,Salary,348
/bbs/NSwitch/index.html,NSwitch,347
/bbs/BuyTogether/index.html,BuyTogether,340
/bbs/CVS/index.html,CVS,335
/bbs/KanColle/index.html,KanColle,333
/bbs/KoreanPop/index.html,KoreanPop,281
/bbs/YuanChuang/index.html,YuanChuang,277
/bbs/MuscleBeach/index.html,MuscleBeach,275
/bbs/BeautySalon/index.html,BeautySalon,275
/bbs/Hsinchu/index.html,Hsinchu,272
/bbs/basketballTW/index.html,basketballTW,267
/bbs/HardwareSale/index.html,HardwareSale,261
/bbs/MayDay/index.html,MayDay,255
/bbs/Monkeys/index.html,Monkeys,254
/bbs/PokemonGO/index.html,PokemonGO,250
/bbs/NBA_Film/index.html,NBA_Film,245
/bbs/studyteacher/index.html,studyteacher,240
/bbs/TW_Entertain/index.html,TW_Entertain,236
/bbs/FATE_GO/index.html,FATE_GO,210
/bbs/gay/index.html,gay,210
/bbs/TWICE/index.html,TWICE,208
/bbs/AC_In/index.html,AC_In,207
/bbs/WOW/index.html,WOW,205
/bbs/China-Drama/index.html,China-Drama,201
/bbs/MLB/index.html,MLB,199
/bbs/MobilePay/index.html,MobilePay,196
/bbs/Aviation/index.html,Aviation,195
/bbs/Lakers/index.html,Lakers,189
/bbs/BTS/index.html,BTS,186
/bbs/Food/index.html,Food,185
/bbs/GetMarry/index.html,GetMarry,184
/bbs/cat/index.html,cat,178
/bbs/mobilesales/index.html,mobilesales,176
/bbs/TaiwanDrama/index.html,TaiwanDrama,175
/bbs/Teacher/index.html,Teacher,171
/bbs/Gov_owned/index.html,Gov_owned,169
/bbs/biker/index.html,biker,169
/bbs/Soft_Job/index.html,Soft_Job,168
/bbs/lesbian/index.html,lesbian,163
/bbs/part-time/index.html,part-time,159
/bbs/CarShop/index.html,CarShop,150
/bbs/Headphone/index.html,Headphone,141
/bbs/forsale/index.html,forsale,141
/bbs/Finance/index.html,Finance,138
/bbs/Examination/index.html,Examination,136
/bbs/Gamesale/index.html,Gamesale,135
/bbs/DSLR/index.html,DSLR,131
/bbs/DMM_GAMES/index.html,DMM_GAMES,131
/bbs/job/index.html,job,131
/bbs/MacShop/index.html,MacShop,127
/bbs/AKB48/index.html,AKB48,125
/bbs/cookclub/index.html,cookclub,124
/bbs/Palmar_Drama/index.html,Palmar_Drama,123
/bbs/PuzzleDragon/index.html,PuzzleDragon,118
/bbs/Wanted/index.html,Wanted,117
/bbs/TypeMoon/index.html,TypeMoon,116
/bbs/LGBT_SEX/index.html,LGBT_SEX,116
/bbs/BB-Love/index.html,BB-Love,115
/bbs/HelpBuy/index.html,HelpBuy,112
/bbs/DIABLO/index.html,DIABLO,111
/bbs/BabyProducts/index.html,BabyProducts,105
/bbs/IZONE/index.html,IZONE,105
/bbs/Guardians/index.html,Guardians,104
/bbs/watch/index.html,watch,104
/bbs/AzurLane/index.html,AzurLane,103
/bbs/PublicServan/index.html,PublicServan,103
/bbs/GBF/index.html,GBF,101
/bbs/MH/index.html,MH,98
/bbs/Tennis/index.html,Tennis,98
/bbs/feminine_sex/index.html,feminine_sex,97
/bbs/DC_SALE/index.html,DC_SALE,96
/bbs/RealmOfValor/index.html,RealmOfValor,95
/bbs/give/index.html,give,94
/bbs/fastfood/index.html,fastfood,94
/bbs/hypermall/index.html,hypermall,92
/bbs/SENIORHIGH/index.html,SENIORHIGH,92
/bbs/Bank_Service/index.html,Bank_Service,92
/bbs/FITNESS/index.html,FITNESS,92
/bbs/nb-shopping/index.html,nb-shopping,89
