﻿/bbs/Gossiping/index.html,Gossiping,16699
/bbs/Stock/index.html,Stock,3866
/bbs/NBA/index.html,NBA,3736
/bbs/Baseball/index.html,Baseball,3447
/bbs/C_Chat/index.html,C_Chat,3249
/bbs/Lifeismoney/index.html,Lifeismoney,1849
/bbs/sex/index.html,sex,1689
/bbs/MobileComm/index.html,MobileComm,1597
/bbs/movie/index.html,movie,1583
/bbs/LoL/index.html,LoL,1361
/bbs/Tech_Job/index.html,Tech_Job,1317
/bbs/HatePolitics/index.html,HatePolitics,1282
/bbs/WomenTalk/index.html,WomenTalk,1152
/bbs/BabyMother/index.html,BabyMother,1137
/bbs/car/index.html,car,1119
/bbs/KoreaDrama/index.html,KoreaDrama,1066
/bbs/Beauty/index.html,Beauty,961
/bbs/Japan_Travel/index.html,Japan_Travel,864
/bbs/joke/index.html,joke,854
/bbs/Boy-Girl/index.html,Boy-Girl,837
/bbs/e-shopping/index.html,e-shopping,815
/bbs/ToS/index.html,ToS,804
/bbs/KoreaStar/index.html,KoreaStar,726
/bbs/marriage/index.html,marriage,715
/bbs/Elephants/index.html,Elephants,689
/bbs/PC_Shopping/index.html,PC_Shopping,667
/bbs/AllTogether/index.html,AllTogether,629
/bbs/EAseries/index.html,EAseries,624
/bbs/Hearthstone/index.html,Hearthstone,616
/bbs/marvel/index.html,marvel,600
/bbs/Tainan/index.html,Tainan,542
/bbs/KR_Entertain/index.html,KR_Entertain,539
/bbs/MakeUp/index.html,MakeUp,537
/bbs/home-sale/index.html,home-sale,533
/bbs/PlayStation/index.html,PlayStation,509
/bbs/SportLottery/index.html,SportLottery,497
/bbs/Steam/index.html,Steam,492
/bbs/creditcard/index.html,creditcard,489
/bbs/PCReDive/index.html,PCReDive,472
/bbs/Badminton/index.html,Badminton,438
/bbs/Kaohsiung/index.html,Kaohsiung,436
/bbs/japanavgirls/index.html,japanavgirls,434
/bbs/StupidClown/index.html,StupidClown,416
/bbs/TaichungBun/index.html,TaichungBun,415
/bbs/ONE_PIECE/index.html,ONE_PIECE,403
/bbs/Japandrama/index.html,Japandrama,397
/bbs/NSwitch/index.html,NSwitch,377
/bbs/iOS/index.html,iOS,368
/bbs/Option/index.html,Option,356
/bbs/CVS/index.html,CVS,349
/bbs/CFantasy/index.html,CFantasy,341
/bbs/BuyTogether/index.html,BuyTogether,341
/bbs/KanColle/index.html,KanColle,337
/bbs/Salary/index.html,Salary,335
/bbs/basketballTW/index.html,basketballTW,284
/bbs/MuscleBeach/index.html,MuscleBeach,278
/bbs/YuanChuang/index.html,YuanChuang,276
/bbs/BeautySalon/index.html,BeautySalon,272
/bbs/Hsinchu/index.html,Hsinchu,266
/bbs/HardwareSale/index.html,HardwareSale,265
/bbs/TWICE/index.html,TWICE,264
/bbs/PokemonGO/index.html,PokemonGO,263
/bbs/KoreanPop/index.html,KoreanPop,258
/bbs/MayDay/index.html,MayDay,252
/bbs/NBA_Film/index.html,NBA_Film,243
/bbs/gay/index.html,gay,226
/bbs/FATE_GO/index.html,FATE_GO,224
/bbs/Monkeys/index.html,Monkeys,222
/bbs/biker/index.html,biker,219
/bbs/WOW/index.html,WOW,218
/bbs/MLB/index.html,MLB,214
/bbs/China-Drama/index.html,China-Drama,213
/bbs/studyteacher/index.html,studyteacher,209
/bbs/BTS/index.html,BTS,199
/bbs/AC_In/index.html,AC_In,193
/bbs/TW_Entertain/index.html,TW_Entertain,192
/bbs/GetMarry/index.html,GetMarry,191
/bbs/MobilePay/index.html,MobilePay,189
/bbs/Aviation/index.html,Aviation,186
/bbs/lesbian/index.html,lesbian,185
/bbs/Food/index.html,Food,184
/bbs/Soft_Job/index.html,Soft_Job,182
/bbs/Lakers/index.html,Lakers,171
/bbs/part-time/index.html,part-time,171
/bbs/mobilesales/index.html,mobilesales,169
/bbs/TaiwanDrama/index.html,TaiwanDrama,164
/bbs/cat/index.html,cat,162
/bbs/Gov_owned/index.html,Gov_owned,155
/bbs/Finance/index.html,Finance,154
/bbs/CarShop/index.html,CarShop,153
/bbs/Examination/index.html,Examination,151
/bbs/Headphone/index.html,Headphone,147
/bbs/forsale/index.html,forsale,144
/bbs/Teacher/index.html,Teacher,141
/bbs/DSLR/index.html,DSLR,138
/bbs/LGBT_SEX/index.html,LGBT_SEX,137
/bbs/Gamesale/index.html,Gamesale,132
/bbs/Wanted/index.html,Wanted,130
/bbs/Palmar_Drama/index.html,Palmar_Drama,128
/bbs/PuzzleDragon/index.html,PuzzleDragon,127
/bbs/cookclub/index.html,cookclub,125
/bbs/job/index.html,job,118
/bbs/HelpBuy/index.html,HelpBuy,117
/bbs/MacShop/index.html,MacShop,115
/bbs/TypeMoon/index.html,TypeMoon,114
/bbs/feminine_sex/index.html,feminine_sex,114
/bbs/DMM_GAMES/index.html,DMM_GAMES,114
/bbs/RealmOfValor/index.html,RealmOfValor,112
/bbs/watch/index.html,watch,111
/bbs/AKB48/index.html,AKB48,110
/bbs/GBF/index.html,GBF,109
/bbs/Tennis/index.html,Tennis,109
/bbs/DIABLO/index.html,DIABLO,108
/bbs/MH/index.html,MH,106
/bbs/BB-Love/index.html,BB-Love,103
/bbs/IZONE/index.html,IZONE,103
/bbs/PublicServan/index.html,PublicServan,102
/bbs/hypermall/index.html,hypermall,101
/bbs/FITNESS/index.html,FITNESS,99
/bbs/fastfood/index.html,fastfood,97
/bbs/AzurLane/index.html,AzurLane,96
/bbs/Guardians/index.html,Guardians,95
/bbs/nb-shopping/index.html,nb-shopping,94
/bbs/OverWatch/index.html,OverWatch,93
/bbs/Military/index.html,Military,93
/bbs/give/index.html,give,92
/bbs/SENIORHIGH/index.html,SENIORHIGH,92
/bbs/BabyProducts/index.html,BabyProducts,91
