﻿/bbs/Gossiping/index.html,Gossiping,16646
/bbs/Stock/index.html,Stock,3907
/bbs/Baseball/index.html,Baseball,3720
/bbs/NBA/index.html,NBA,3640
/bbs/C_Chat/index.html,C_Chat,3322
/bbs/Lifeismoney/index.html,Lifeismoney,1788
/bbs/sex/index.html,sex,1539
/bbs/MobileComm/index.html,MobileComm,1479
/bbs/movie/index.html,movie,1432
/bbs/LoL/index.html,LoL,1406
/bbs/Tech_Job/index.html,Tech_Job,1311
/bbs/HatePolitics/index.html,HatePolitics,1270
/bbs/BabyMother/index.html,BabyMother,1165
/bbs/KoreaDrama/index.html,KoreaDrama,1151
/bbs/car/index.html,car,1118
/bbs/WomenTalk/index.html,WomenTalk,1032
/bbs/Beauty/index.html,Beauty,969
/bbs/joke/index.html,joke,862
/bbs/ToS/index.html,ToS,829
/bbs/Elephants/index.html,Elephants,825
/bbs/Boy-Girl/index.html,Boy-Girl,814
/bbs/Japan_Travel/index.html,Japan_Travel,763
/bbs/e-shopping/index.html,e-shopping,759
/bbs/KoreaStar/index.html,KoreaStar,721
/bbs/marriage/index.html,marriage,679
/bbs/PC_Shopping/index.html,PC_Shopping,635
/bbs/AllTogether/index.html,AllTogether,606
/bbs/EAseries/index.html,EAseries,600
/bbs/Hearthstone/index.html,Hearthstone,592
/bbs/marvel/index.html,marvel,574
/bbs/Badminton/index.html,Badminton,563
/bbs/Tainan/index.html,Tainan,550
/bbs/KR_Entertain/index.html,KR_Entertain,538
/bbs/PlayStation/index.html,PlayStation,518
/bbs/creditcard/index.html,creditcard,507
/bbs/Steam/index.html,Steam,494
/bbs/Kaohsiung/index.html,Kaohsiung,467
/bbs/MakeUp/index.html,MakeUp,465
/bbs/home-sale/index.html,home-sale,462
/bbs/SportLottery/index.html,SportLottery,449
/bbs/PCReDive/index.html,PCReDive,443
/bbs/japanavgirls/index.html,japanavgirls,402
/bbs/Japandrama/index.html,Japandrama,402
/bbs/TaichungBun/index.html,TaichungBun,392
/bbs/StupidClown/index.html,StupidClown,383
/bbs/NSwitch/index.html,NSwitch,375
/bbs/CVS/index.html,CVS,356
/bbs/ONE_PIECE/index.html,ONE_PIECE,346
/bbs/KanColle/index.html,KanColle,335
/bbs/iOS/index.html,iOS,333
/bbs/Salary/index.html,Salary,332
/bbs/Option/index.html,Option,332
/bbs/CFantasy/index.html,CFantasy,325
/bbs/BuyTogether/index.html,BuyTogether,311
/bbs/Monkeys/index.html,Monkeys,296
/bbs/YuanChuang/index.html,YuanChuang,274
/bbs/BeautySalon/index.html,BeautySalon,274
/bbs/KoreanPop/index.html,KoreanPop,270
/bbs/MuscleBeach/index.html,MuscleBeach,264
/bbs/MayDay/index.html,MayDay,259
/bbs/HardwareSale/index.html,HardwareSale,255
/bbs/PokemonGO/index.html,PokemonGO,243
/bbs/TW_Entertain/index.html,TW_Entertain,243
/bbs/basketballTW/index.html,basketballTW,240
/bbs/studyteacher/index.html,studyteacher,238
/bbs/Hsinchu/index.html,Hsinchu,232
/bbs/WOW/index.html,WOW,225
/bbs/NBA_Film/index.html,NBA_Film,214
/bbs/Food/index.html,Food,198
/bbs/TWICE/index.html,TWICE,193
/bbs/AC_In/index.html,AC_In,192
/bbs/Lakers/index.html,Lakers,192
/bbs/China-Drama/index.html,China-Drama,187
/bbs/mobilesales/index.html,mobilesales,180
/bbs/gay/index.html,gay,178
/bbs/MLB/index.html,MLB,176
/bbs/FATE_GO/index.html,FATE_GO,175
/bbs/BTS/index.html,BTS,175
/bbs/Gov_owned/index.html,Gov_owned,175
/bbs/GetMarry/index.html,GetMarry,172
/bbs/Soft_Job/index.html,Soft_Job,169
/bbs/MobilePay/index.html,MobilePay,169
/bbs/TaiwanDrama/index.html,TaiwanDrama,169
/bbs/Aviation/index.html,Aviation,167
/bbs/CarShop/index.html,CarShop,162
/bbs/cat/index.html,cat,162
/bbs/biker/index.html,biker,160
/bbs/Finance/index.html,Finance,156
/bbs/FTV/index.html,FTV,150
/bbs/Teacher/index.html,Teacher,150
/bbs/forsale/index.html,forsale,142
/bbs/Headphone/index.html,Headphone,141
/bbs/lesbian/index.html,lesbian,141
/bbs/part-time/index.html,part-time,140
/bbs/Gamesale/index.html,Gamesale,136
/bbs/Examination/index.html,Examination,133
/bbs/DMM_GAMES/index.html,DMM_GAMES,131
/bbs/Wanted/index.html,Wanted,130
/bbs/Palmar_Drama/index.html,Palmar_Drama,125
/bbs/AKB48/index.html,AKB48,124
/bbs/PuzzleDragon/index.html,PuzzleDragon,124
/bbs/DSLR/index.html,DSLR,123
/bbs/TypeMoon/index.html,TypeMoon,121
/bbs/job/index.html,job,121
/bbs/cookclub/index.html,cookclub,120
/bbs/watch/index.html,watch,120
/bbs/MacShop/index.html,MacShop,117
/bbs/SET/index.html,SET,112
/bbs/PublicServan/index.html,PublicServan,107
/bbs/hypermall/index.html,hypermall,107
/bbs/Tennis/index.html,Tennis,106
/bbs/AzurLane/index.html,AzurLane,105
/bbs/LGBT_SEX/index.html,LGBT_SEX,105
/bbs/BabyProducts/index.html,BabyProducts,102
/bbs/BB-Love/index.html,BB-Love,102
/bbs/fastfood/index.html,fastfood,101
/bbs/HelpBuy/index.html,HelpBuy,100
/bbs/feminine_sex/index.html,feminine_sex,100
/bbs/DIABLO/index.html,DIABLO,100
/bbs/Military/index.html,Military,100
/bbs/SENIORHIGH/index.html,SENIORHIGH,97
/bbs/DC_SALE/index.html,DC_SALE,96
/bbs/MH/index.html,MH,96
/bbs/Bank_Service/index.html,Bank_Service,96
/bbs/IZONE/index.html,IZONE,95
/bbs/give/index.html,give,92
/bbs/Brand/index.html,Brand,92
/bbs/Guardians/index.html,Guardians,92
