﻿/bbs/Gossiping/index.html,Gossiping,15906
/bbs/NBA/index.html,NBA,3586
/bbs/Stock/index.html,Stock,3078
/bbs/C_Chat/index.html,C_Chat,2774
/bbs/Baseball/index.html,Baseball,2288
/bbs/Lifeismoney/index.html,Lifeismoney,1404
/bbs/MobileComm/index.html,MobileComm,1380
/bbs/HatePolitics/index.html,HatePolitics,1245
/bbs/LoL/index.html,LoL,1237
/bbs/Tech_Job/index.html,Tech_Job,996
/bbs/sex/index.html,sex,954
/bbs/car/index.html,car,921
/bbs/movie/index.html,movie,830
/bbs/BabyMother/index.html,BabyMother,825
/bbs/WomenTalk/index.html,WomenTalk,786
/bbs/joke/index.html,joke,733
/bbs/marvel/index.html,marvel,697
/bbs/Beauty/index.html,Beauty,664
/bbs/KoreaStar/index.html,KoreaStar,646
/bbs/Japan_Travel/index.html,Japan_Travel,628
/bbs/PC_Shopping/index.html,PC_Shopping,586
/bbs/ToS/index.html,ToS,582
/bbs/Boy-Girl/index.html,Boy-Girl,558
/bbs/marriage/index.html,marriage,546
/bbs/EAseries/index.html,EAseries,491
/bbs/Hearthstone/index.html,Hearthstone,472
/bbs/PlayStation/index.html,PlayStation,454
/bbs/e-shopping/index.html,e-shopping,390
/bbs/Tainan/index.html,Tainan,368
/bbs/Steam/index.html,Steam,367
/bbs/Kaohsiung/index.html,Kaohsiung,362
/bbs/PCReDive/index.html,PCReDive,361
/bbs/creditcard/index.html,creditcard,354
/bbs/StupidClown/index.html,StupidClown,352
/bbs/KoreaDrama/index.html,KoreaDrama,345
/bbs/AllTogether/index.html,AllTogether,344
/bbs/TaichungBun/index.html,TaichungBun,340
/bbs/home-sale/index.html,home-sale,334
/bbs/MakeUp/index.html,MakeUp,312
/bbs/SportLottery/index.html,SportLottery,287
/bbs/BuyTogether/index.html,BuyTogether,265
/bbs/NSwitch/index.html,NSwitch,264
/bbs/CFantasy/index.html,CFantasy,264
/bbs/PokemonGO/index.html,PokemonGO,261
/bbs/KR_Entertain/index.html,KR_Entertain,259
/bbs/iOS/index.html,iOS,244
/bbs/WOW/index.html,WOW,239
/bbs/CVS/index.html,CVS,235
/bbs/japanavgirls/index.html,japanavgirls,230
/bbs/Option/index.html,Option,221
/bbs/Salary/index.html,Salary,220
/bbs/MuscleBeach/index.html,MuscleBeach,220
/bbs/basketballTW/index.html,basketballTW,211
/bbs/Japandrama/index.html,Japandrama,211
/bbs/HardwareSale/index.html,HardwareSale,207
/bbs/BeautySalon/index.html,BeautySalon,204
/bbs/KanColle/index.html,KanColle,196
/bbs/ONE_PIECE/index.html,ONE_PIECE,196
/bbs/Elephants/index.html,Elephants,185
/bbs/PuzzleDragon/index.html,PuzzleDragon,175
/bbs/Badminton/index.html,Badminton,174
/bbs/mobilesales/index.html,mobilesales,165
/bbs/biker/index.html,biker,158
/bbs/Teacher/index.html,Teacher,157
/bbs/Aviation/index.html,Aviation,152
/bbs/Soft_Job/index.html,Soft_Job,149
/bbs/MobilePay/index.html,MobilePay,142
/bbs/studyteacher/index.html,studyteacher,142
/bbs/YuanChuang/index.html,YuanChuang,137
/bbs/Hsinchu/index.html,Hsinchu,136
/bbs/DSLR/index.html,DSLR,134
/bbs/Gov_owned/index.html,Gov_owned,134
/bbs/Gamesale/index.html,Gamesale,133
/bbs/NBA_Film/index.html,NBA_Film,133
/bbs/Examination/index.html,Examination,132
/bbs/cat/index.html,cat,129
/bbs/GetMarry/index.html,GetMarry,126
/bbs/China-Drama/index.html,China-Drama,125
/bbs/BTS/index.html,BTS,124
/bbs/FATE_GO/index.html,FATE_GO,122
/bbs/Headphone/index.html,Headphone,122
/bbs/TWICE/index.html,TWICE,122
/bbs/part-time/index.html,part-time,121
/bbs/MLB/index.html,MLB,119
/bbs/forsale/index.html,forsale,118
/bbs/job/index.html,job,118
/bbs/Food/index.html,Food,117
/bbs/AC_In/index.html,AC_In,116
/bbs/DMM_GAMES/index.html,DMM_GAMES,113
/bbs/HelpBuy/index.html,HelpBuy,102
/bbs/gay/index.html,gay,96
/bbs/TaiwanDrama/index.html,TaiwanDrama,94
/bbs/KoreanPop/index.html,KoreanPop,93
/bbs/Lakers/index.html,Lakers,92
/bbs/Wanted/index.html,Wanted,90
/bbs/MacShop/index.html,MacShop,89
/bbs/MayDay/index.html,MayDay,88
/bbs/Tennis/index.html,Tennis,87
/bbs/CarShop/index.html,CarShop,83
/bbs/watch/index.html,watch,83
/bbs/BabyProducts/index.html,BabyProducts,82
/bbs/GBF/index.html,GBF,82
/bbs/TW_Entertain/index.html,TW_Entertain,81
/bbs/Key_Mou_Pad/index.html,Key_Mou_Pad,79
/bbs/LGBT_SEX/index.html,LGBT_SEX,79
/bbs/Nogizaka46/index.html,Nogizaka46,77
/bbs/PublicServan/index.html,PublicServan,76
/bbs/Monkeys/index.html,Monkeys,76
/bbs/SENIORHIGH/index.html,SENIORHIGH,76
/bbs/cookclub/index.html,cookclub,76
/bbs/FITNESS/index.html,FITNESS,76
/bbs/AzurLane/index.html,AzurLane,73
/bbs/fastfood/index.html,fastfood,72
/bbs/DC_SALE/index.html,DC_SALE,71
/bbs/Military/index.html,Military,70
/bbs/TypeMoon/index.html,TypeMoon,69
/bbs/Palmar_Drama/index.html,Palmar_Drama,69
/bbs/IdolMaster/index.html,IdolMaster,68
/bbs/Bank_Service/index.html,Bank_Service,68
/bbs/MH/index.html,MH,67
/bbs/give/index.html,give,67
/bbs/AKB48/index.html,AKB48,65
/bbs/Finance/index.html,Finance,65
/bbs/Railway/index.html,Railway,64
/bbs/IZONE/index.html,IZONE,64
/bbs/medstudent/index.html,medstudent,64
/bbs/feminine_sex/index.html,feminine_sex,64
/bbs/Insurance/index.html,Insurance,63
