﻿/bbs/Gossiping/index.html,Gossiping,16624
/bbs/Stock/index.html,Stock,3928
/bbs/NBA/index.html,NBA,3632
/bbs/C_Chat/index.html,C_Chat,3299
/bbs/Baseball/index.html,Baseball,3229
/bbs/sex/index.html,sex,1844
/bbs/Lifeismoney/index.html,Lifeismoney,1812
/bbs/movie/index.html,movie,1606
/bbs/MobileComm/index.html,MobileComm,1604
/bbs/LoL/index.html,LoL,1318
/bbs/Tech_Job/index.html,Tech_Job,1316
/bbs/HatePolitics/index.html,HatePolitics,1250
/bbs/WomenTalk/index.html,WomenTalk,1179
/bbs/BabyMother/index.html,BabyMother,1139
/bbs/car/index.html,car,1120
/bbs/Beauty/index.html,Beauty,1069
/bbs/KoreaDrama/index.html,KoreaDrama,1006
/bbs/joke/index.html,joke,881
/bbs/Japan_Travel/index.html,Japan_Travel,848
/bbs/Boy-Girl/index.html,Boy-Girl,831
/bbs/ToS/index.html,ToS,815
/bbs/e-shopping/index.html,e-shopping,815
/bbs/KoreaStar/index.html,KoreaStar,734
/bbs/marriage/index.html,marriage,699
/bbs/PC_Shopping/index.html,PC_Shopping,644
/bbs/EAseries/index.html,EAseries,637
/bbs/AllTogether/index.html,AllTogether,635
/bbs/marvel/index.html,marvel,598
/bbs/Hearthstone/index.html,Hearthstone,592
/bbs/MakeUp/index.html,MakeUp,574
/bbs/Elephants/index.html,Elephants,568
/bbs/Tainan/index.html,Tainan,540
/bbs/KR_Entertain/index.html,KR_Entertain,528
/bbs/home-sale/index.html,home-sale,514
/bbs/PlayStation/index.html,PlayStation,512
/bbs/SportLottery/index.html,SportLottery,500
/bbs/Steam/index.html,Steam,497
/bbs/creditcard/index.html,creditcard,486
/bbs/PCReDive/index.html,PCReDive,461
/bbs/Kaohsiung/index.html,Kaohsiung,453
/bbs/japanavgirls/index.html,japanavgirls,432
/bbs/NSwitch/index.html,NSwitch,405
/bbs/Japandrama/index.html,Japandrama,405
/bbs/StupidClown/index.html,StupidClown,397
/bbs/TaichungBun/index.html,TaichungBun,393
/bbs/ONE_PIECE/index.html,ONE_PIECE,386
/bbs/iOS/index.html,iOS,369
/bbs/Badminton/index.html,Badminton,366
/bbs/CFantasy/index.html,CFantasy,361
/bbs/CVS/index.html,CVS,349
/bbs/Salary/index.html,Salary,348
/bbs/KanColle/index.html,KanColle,312
/bbs/BuyTogether/index.html,BuyTogether,311
/bbs/Option/index.html,Option,289
/bbs/BeautySalon/index.html,BeautySalon,289
/bbs/MuscleBeach/index.html,MuscleBeach,273
/bbs/TWICE/index.html,TWICE,264
/bbs/basketballTW/index.html,basketballTW,261
/bbs/YuanChuang/index.html,YuanChuang,260
/bbs/KoreanPop/index.html,KoreanPop,246
/bbs/Hsinchu/index.html,Hsinchu,245
/bbs/PokemonGO/index.html,PokemonGO,242
/bbs/MayDay/index.html,MayDay,241
/bbs/NBA_Film/index.html,NBA_Film,227
/bbs/HardwareSale/index.html,HardwareSale,225
/bbs/FATE_GO/index.html,FATE_GO,221
/bbs/gay/index.html,gay,221
/bbs/China-Drama/index.html,China-Drama,214
/bbs/MLB/index.html,MLB,213
/bbs/lesbian/index.html,lesbian,212
/bbs/WOW/index.html,WOW,211
/bbs/studyteacher/index.html,studyteacher,206
/bbs/biker/index.html,biker,198
/bbs/AC_In/index.html,AC_In,194
/bbs/Monkeys/index.html,Monkeys,192
/bbs/Food/index.html,Food,192
/bbs/TW_Entertain/index.html,TW_Entertain,191
/bbs/GetMarry/index.html,GetMarry,187
/bbs/MobilePay/index.html,MobilePay,183
/bbs/part-time/index.html,part-time,182
/bbs/mobilesales/index.html,mobilesales,178
/bbs/Aviation/index.html,Aviation,176
/bbs/Soft_Job/index.html,Soft_Job,174
/bbs/Lakers/index.html,Lakers,170
/bbs/cat/index.html,cat,169
/bbs/BTS/index.html,BTS,166
/bbs/DSLR/index.html,DSLR,164
/bbs/TaiwanDrama/index.html,TaiwanDrama,154
/bbs/Examination/index.html,Examination,150
/bbs/Gov_owned/index.html,Gov_owned,149
/bbs/CarShop/index.html,CarShop,146
/bbs/Finance/index.html,Finance,145
/bbs/Palmar_Drama/index.html,Palmar_Drama,145
/bbs/forsale/index.html,forsale,144
/bbs/LGBT_SEX/index.html,LGBT_SEX,143
/bbs/Headphone/index.html,Headphone,143
/bbs/Gamesale/index.html,Gamesale,139
/bbs/Teacher/index.html,Teacher,137
/bbs/Wanted/index.html,Wanted,128
/bbs/watch/index.html,watch,126
/bbs/PuzzleDragon/index.html,PuzzleDragon,120
/bbs/FITNESS/index.html,FITNESS,119
/bbs/AKB48/index.html,AKB48,116
/bbs/cookclub/index.html,cookclub,116
/bbs/job/index.html,job,115
/bbs/TypeMoon/index.html,TypeMoon,111
/bbs/hypermall/index.html,hypermall,111
/bbs/give/index.html,give,110
/bbs/E-appliance/index.html,E-appliance,110
/bbs/BB-Love/index.html,BB-Love,110
/bbs/DIABLO/index.html,DIABLO,109
/bbs/DMM_GAMES/index.html,DMM_GAMES,109
/bbs/IZONE/index.html,IZONE,108
/bbs/MacShop/index.html,MacShop,106
/bbs/BabyProducts/index.html,BabyProducts,104
/bbs/HelpBuy/index.html,HelpBuy,104
/bbs/GBF/index.html,GBF,104
/bbs/RealmOfValor/index.html,RealmOfValor,103
/bbs/Tennis/index.html,Tennis,102
/bbs/feminine_sex/index.html,feminine_sex,99
/bbs/AzurLane/index.html,AzurLane,97
/bbs/Brand/index.html,Brand,96
/bbs/Zastrology/index.html,Zastrology,96
/bbs/MH/index.html,MH,95
/bbs/PublicServan/index.html,PublicServan,95
/bbs/nb-shopping/index.html,nb-shopping,93
/bbs/Nogizaka46/index.html,Nogizaka46,92
/bbs/Military/index.html,Military,91
