﻿/bbs/Gossiping/index.html,Gossiping,16842
/bbs/Stock/index.html,Stock,3896
/bbs/NBA/index.html,NBA,3722
/bbs/Baseball/index.html,Baseball,3467
/bbs/C_Chat/index.html,C_Chat,3352
/bbs/Lifeismoney/index.html,Lifeismoney,1748
/bbs/sex/index.html,sex,1608
/bbs/MobileComm/index.html,MobileComm,1557
/bbs/movie/index.html,movie,1477
/bbs/LoL/index.html,LoL,1418
/bbs/Tech_Job/index.html,Tech_Job,1309
/bbs/HatePolitics/index.html,HatePolitics,1266
/bbs/BabyMother/index.html,BabyMother,1170
/bbs/car/index.html,car,1106
/bbs/KoreaDrama/index.html,KoreaDrama,1091
/bbs/WomenTalk/index.html,WomenTalk,1066
/bbs/Beauty/index.html,Beauty,952
/bbs/joke/index.html,joke,843
/bbs/Japan_Travel/index.html,Japan_Travel,841
/bbs/ToS/index.html,ToS,818
/bbs/Boy-Girl/index.html,Boy-Girl,811
/bbs/e-shopping/index.html,e-shopping,795
/bbs/Elephants/index.html,Elephants,739
/bbs/KoreaStar/index.html,KoreaStar,734
/bbs/PC_Shopping/index.html,PC_Shopping,667
/bbs/marriage/index.html,marriage,664
/bbs/Hearthstone/index.html,Hearthstone,598
/bbs/Tainan/index.html,Tainan,586
/bbs/AllTogether/index.html,AllTogether,586
/bbs/EAseries/index.html,EAseries,582
/bbs/marvel/index.html,marvel,575
/bbs/KR_Entertain/index.html,KR_Entertain,552
/bbs/home-sale/index.html,home-sale,521
/bbs/MakeUp/index.html,MakeUp,519
/bbs/creditcard/index.html,creditcard,509
/bbs/Badminton/index.html,Badminton,509
/bbs/PlayStation/index.html,PlayStation,499
/bbs/Steam/index.html,Steam,499
/bbs/SportLottery/index.html,SportLottery,492
/bbs/PCReDive/index.html,PCReDive,454
/bbs/Kaohsiung/index.html,Kaohsiung,450
/bbs/Japandrama/index.html,Japandrama,417
/bbs/japanavgirls/index.html,japanavgirls,410
/bbs/TaichungBun/index.html,TaichungBun,396
/bbs/StupidClown/index.html,StupidClown,395
/bbs/Option/index.html,Option,389
/bbs/ONE_PIECE/index.html,ONE_PIECE,361
/bbs/Salary/index.html,Salary,359
/bbs/NSwitch/index.html,NSwitch,357
/bbs/iOS/index.html,iOS,341
/bbs/KanColle/index.html,KanColle,331
/bbs/CFantasy/index.html,CFantasy,331
/bbs/CVS/index.html,CVS,327
/bbs/BuyTogether/index.html,BuyTogether,322
/bbs/BeautySalon/index.html,BeautySalon,300
/bbs/Monkeys/index.html,Monkeys,293
/bbs/YuanChuang/index.html,YuanChuang,285
/bbs/KoreanPop/index.html,KoreanPop,274
/bbs/MuscleBeach/index.html,MuscleBeach,271
/bbs/basketballTW/index.html,basketballTW,262
/bbs/HardwareSale/index.html,HardwareSale,257
/bbs/Hsinchu/index.html,Hsinchu,250
/bbs/studyteacher/index.html,studyteacher,245
/bbs/MayDay/index.html,MayDay,243
/bbs/PokemonGO/index.html,PokemonGO,242
/bbs/TW_Entertain/index.html,TW_Entertain,238
/bbs/NBA_Film/index.html,NBA_Film,220
/bbs/WOW/index.html,WOW,219
/bbs/MLB/index.html,MLB,218
/bbs/TWICE/index.html,TWICE,202
/bbs/AC_In/index.html,AC_In,200
/bbs/BTS/index.html,BTS,198
/bbs/gay/index.html,gay,195
/bbs/Lakers/index.html,Lakers,194
/bbs/China-Drama/index.html,China-Drama,193
/bbs/Food/index.html,Food,191
/bbs/MobilePay/index.html,MobilePay,188
/bbs/Gov_owned/index.html,Gov_owned,185
/bbs/FATE_GO/index.html,FATE_GO,181
/bbs/Soft_Job/index.html,Soft_Job,179
/bbs/TaiwanDrama/index.html,TaiwanDrama,176
/bbs/GetMarry/index.html,GetMarry,174
/bbs/cat/index.html,cat,173
/bbs/biker/index.html,biker,171
/bbs/Aviation/index.html,Aviation,170
/bbs/mobilesales/index.html,mobilesales,165
/bbs/Teacher/index.html,Teacher,164
/bbs/lesbian/index.html,lesbian,158
/bbs/CarShop/index.html,CarShop,152
/bbs/Finance/index.html,Finance,148
/bbs/part-time/index.html,part-time,138
/bbs/Gamesale/index.html,Gamesale,134
/bbs/Examination/index.html,Examination,134
/bbs/forsale/index.html,forsale,134
/bbs/PuzzleDragon/index.html,PuzzleDragon,133
/bbs/Headphone/index.html,Headphone,132
/bbs/DMM_GAMES/index.html,DMM_GAMES,131
/bbs/Wanted/index.html,Wanted,130
/bbs/Palmar_Drama/index.html,Palmar_Drama,127
/bbs/watch/index.html,watch,125
/bbs/DSLR/index.html,DSLR,122
/bbs/TypeMoon/index.html,TypeMoon,119
/bbs/MacShop/index.html,MacShop,117
/bbs/job/index.html,job,117
/bbs/cookclub/index.html,cookclub,115
/bbs/BB-Love/index.html,BB-Love,111
/bbs/AKB48/index.html,AKB48,109
/bbs/PublicServan/index.html,PublicServan,108
/bbs/Guardians/index.html,Guardians,107
/bbs/DIABLO/index.html,DIABLO,105
/bbs/MH/index.html,MH,103
/bbs/AzurLane/index.html,AzurLane,102
/bbs/hypermall/index.html,hypermall,101
/bbs/fastfood/index.html,fastfood,99
/bbs/SENIORHIGH/index.html,SENIORHIGH,99
/bbs/RealmOfValor/index.html,RealmOfValor,99
/bbs/HelpBuy/index.html,HelpBuy,98
/bbs/give/index.html,give,97
/bbs/Tennis/index.html,Tennis,96
/bbs/IZONE/index.html,IZONE,94
/bbs/BabyProducts/index.html,BabyProducts,93
/bbs/LGBT_SEX/index.html,LGBT_SEX,93
/bbs/DC_SALE/index.html,DC_SALE,92
/bbs/nb-shopping/index.html,nb-shopping,92
/bbs/Military/index.html,Military,92
/bbs/feminine_sex/index.html,feminine_sex,91
/bbs/GBF/index.html,GBF,91
/bbs/FITNESS/index.html,FITNESS,91
