﻿/bbs/Gossiping/index.html,Gossiping,16275
/bbs/Stock/index.html,Stock,3775
/bbs/NBA/index.html,NBA,3711
/bbs/C_Chat/index.html,C_Chat,3164
/bbs/Baseball/index.html,Baseball,3078
/bbs/sex/index.html,sex,1860
/bbs/Lifeismoney/index.html,Lifeismoney,1689
/bbs/movie/index.html,movie,1582
/bbs/MobileComm/index.html,MobileComm,1570
/bbs/LoL/index.html,LoL,1274
/bbs/HatePolitics/index.html,HatePolitics,1239
/bbs/Tech_Job/index.html,Tech_Job,1239
/bbs/car/index.html,car,1183
/bbs/WomenTalk/index.html,WomenTalk,1147
/bbs/Beauty/index.html,Beauty,1078
/bbs/BabyMother/index.html,BabyMother,1053
/bbs/KoreaDrama/index.html,KoreaDrama,877
/bbs/Boy-Girl/index.html,Boy-Girl,864
/bbs/joke/index.html,joke,851
/bbs/e-shopping/index.html,e-shopping,840
/bbs/Japan_Travel/index.html,Japan_Travel,809
/bbs/ToS/index.html,ToS,774
/bbs/KoreaStar/index.html,KoreaStar,709
/bbs/AllTogether/index.html,AllTogether,704
/bbs/marriage/index.html,marriage,677
/bbs/PC_Shopping/index.html,PC_Shopping,651
/bbs/EAseries/index.html,EAseries,642
/bbs/marvel/index.html,marvel,632
/bbs/Hearthstone/index.html,Hearthstone,594
/bbs/MakeUp/index.html,MakeUp,547
/bbs/PlayStation/index.html,PlayStation,542
/bbs/Elephants/index.html,Elephants,529
/bbs/Tainan/index.html,Tainan,520
/bbs/creditcard/index.html,creditcard,507
/bbs/KR_Entertain/index.html,KR_Entertain,499
/bbs/Steam/index.html,Steam,483
/bbs/PCReDive/index.html,PCReDive,466
/bbs/SportLottery/index.html,SportLottery,463
/bbs/home-sale/index.html,home-sale,460
/bbs/japanavgirls/index.html,japanavgirls,430
/bbs/Kaohsiung/index.html,Kaohsiung,423
/bbs/TaichungBun/index.html,TaichungBun,396
/bbs/NSwitch/index.html,NSwitch,394
/bbs/ONE_PIECE/index.html,ONE_PIECE,390
/bbs/Japandrama/index.html,Japandrama,387
/bbs/StupidClown/index.html,StupidClown,374
/bbs/iOS/index.html,iOS,346
/bbs/Badminton/index.html,Badminton,344
/bbs/CFantasy/index.html,CFantasy,333
/bbs/Salary/index.html,Salary,329
/bbs/BuyTogether/index.html,BuyTogether,328
/bbs/CVS/index.html,CVS,305
/bbs/KanColle/index.html,KanColle,290
/bbs/YuanChuang/index.html,YuanChuang,280
/bbs/Option/index.html,Option,276
/bbs/KoreanPop/index.html,KoreanPop,273
/bbs/BeautySalon/index.html,BeautySalon,272
/bbs/MuscleBeach/index.html,MuscleBeach,271
/bbs/Hsinchu/index.html,Hsinchu,256
/bbs/PokemonGO/index.html,PokemonGO,255
/bbs/HardwareSale/index.html,HardwareSale,253
/bbs/TWICE/index.html,TWICE,251
/bbs/MayDay/index.html,MayDay,251
/bbs/gay/index.html,gay,244
/bbs/basketballTW/index.html,basketballTW,241
/bbs/MLB/index.html,MLB,217
/bbs/WOW/index.html,WOW,216
/bbs/China-Drama/index.html,China-Drama,215
/bbs/NBA_Film/index.html,NBA_Film,215
/bbs/lesbian/index.html,lesbian,211
/bbs/AC_In/index.html,AC_In,209
/bbs/FATE_GO/index.html,FATE_GO,205
/bbs/studyteacher/index.html,studyteacher,205
/bbs/biker/index.html,biker,204
/bbs/Food/index.html,Food,204
/bbs/Aviation/index.html,Aviation,193
/bbs/MobilePay/index.html,MobilePay,182
/bbs/mobilesales/index.html,mobilesales,177
/bbs/GetMarry/index.html,GetMarry,177
/bbs/Lakers/index.html,Lakers,175
/bbs/BTS/index.html,BTS,175
/bbs/Soft_Job/index.html,Soft_Job,170
/bbs/TW_Entertain/index.html,TW_Entertain,168
/bbs/DSLR/index.html,DSLR,157
/bbs/part-time/index.html,part-time,157
/bbs/Headphone/index.html,Headphone,155
/bbs/Monkeys/index.html,Monkeys,155
/bbs/cat/index.html,cat,150
/bbs/Gov_owned/index.html,Gov_owned,149
/bbs/LGBT_SEX/index.html,LGBT_SEX,145
/bbs/TaiwanDrama/index.html,TaiwanDrama,143
/bbs/FITNESS/index.html,FITNESS,142
/bbs/forsale/index.html,forsale,139
/bbs/PuzzleDragon/index.html,PuzzleDragon,137
/bbs/Finance/index.html,Finance,130
/bbs/CarShop/index.html,CarShop,129
/bbs/Examination/index.html,Examination,129
/bbs/Palmar_Drama/index.html,Palmar_Drama,129
/bbs/MacShop/index.html,MacShop,127
/bbs/Wanted/index.html,Wanted,126
/bbs/job/index.html,job,122
/bbs/RealmOfValor/index.html,RealmOfValor,121
/bbs/watch/index.html,watch,114
/bbs/give/index.html,give,111
/bbs/Gamesale/index.html,Gamesale,110
/bbs/HelpBuy/index.html,HelpBuy,110
/bbs/PublicServan/index.html,PublicServan,107
/bbs/DMM_GAMES/index.html,DMM_GAMES,107
/bbs/AKB48/index.html,AKB48,106
/bbs/Teacher/index.html,Teacher,106
/bbs/feminine_sex/index.html,feminine_sex,105
/bbs/cookclub/index.html,cookclub,104
/bbs/E-appliance/index.html,E-appliance,103
/bbs/DIABLO/index.html,DIABLO,103
/bbs/GBF/index.html,GBF,103
/bbs/Tennis/index.html,Tennis,102
/bbs/BabyProducts/index.html,BabyProducts,101
/bbs/BB-Love/index.html,BB-Love,101
/bbs/MH/index.html,MH,98
/bbs/IZONE/index.html,IZONE,98
/bbs/Zastrology/index.html,Zastrology,97
/bbs/TypeMoon/index.html,TypeMoon,94
/bbs/hypermall/index.html,hypermall,94
/bbs/SENIORHIGH/index.html,SENIORHIGH,93
/bbs/nb-shopping/index.html,nb-shopping,91
/bbs/fastfood/index.html,fastfood,91
/bbs/Guardians/index.html,Guardians,91
/bbs/Railway/index.html,Railway,88
