﻿/bbs/Gossiping/index.html,Gossiping,15860
/bbs/NBA/index.html,NBA,3598
/bbs/Stock/index.html,Stock,2992
/bbs/C_Chat/index.html,C_Chat,2773
/bbs/Baseball/index.html,Baseball,2255
/bbs/Lifeismoney/index.html,Lifeismoney,1422
/bbs/MobileComm/index.html,MobileComm,1401
/bbs/HatePolitics/index.html,HatePolitics,1297
/bbs/LoL/index.html,LoL,1256
/bbs/Tech_Job/index.html,Tech_Job,971
/bbs/sex/index.html,sex,957
/bbs/car/index.html,car,894
/bbs/movie/index.html,movie,870
/bbs/BabyMother/index.html,BabyMother,822
/bbs/WomenTalk/index.html,WomenTalk,805
/bbs/joke/index.html,joke,751
/bbs/marvel/index.html,marvel,682
/bbs/Beauty/index.html,Beauty,651
/bbs/KoreaStar/index.html,KoreaStar,631
/bbs/Japan_Travel/index.html,Japan_Travel,623
/bbs/ToS/index.html,ToS,567
/bbs/Boy-Girl/index.html,Boy-Girl,566
/bbs/marriage/index.html,marriage,564
/bbs/PC_Shopping/index.html,PC_Shopping,559
/bbs/EAseries/index.html,EAseries,509
/bbs/PlayStation/index.html,PlayStation,484
/bbs/Hearthstone/index.html,Hearthstone,462
/bbs/e-shopping/index.html,e-shopping,389
/bbs/creditcard/index.html,creditcard,364
/bbs/Steam/index.html,Steam,361
/bbs/AllTogether/index.html,AllTogether,360
/bbs/Kaohsiung/index.html,Kaohsiung,356
/bbs/PCReDive/index.html,PCReDive,349
/bbs/MakeUp/index.html,MakeUp,348
/bbs/TaichungBun/index.html,TaichungBun,342
/bbs/Tainan/index.html,Tainan,339
/bbs/StupidClown/index.html,StupidClown,336
/bbs/KoreaDrama/index.html,KoreaDrama,332
/bbs/SportLottery/index.html,SportLottery,331
/bbs/home-sale/index.html,home-sale,323
/bbs/CFantasy/index.html,CFantasy,274
/bbs/KR_Entertain/index.html,KR_Entertain,268
/bbs/NSwitch/index.html,NSwitch,264
/bbs/BuyTogether/index.html,BuyTogether,258
/bbs/WOW/index.html,WOW,256
/bbs/PokemonGO/index.html,PokemonGO,253
/bbs/japanavgirls/index.html,japanavgirls,250
/bbs/CVS/index.html,CVS,239
/bbs/iOS/index.html,iOS,229
/bbs/MuscleBeach/index.html,MuscleBeach,225
/bbs/Option/index.html,Option,222
/bbs/Salary/index.html,Salary,218
/bbs/basketballTW/index.html,basketballTW,213
/bbs/HardwareSale/index.html,HardwareSale,211
/bbs/Japandrama/index.html,Japandrama,210
/bbs/ONE_PIECE/index.html,ONE_PIECE,202
/bbs/BeautySalon/index.html,BeautySalon,201
/bbs/KanColle/index.html,KanColle,192
/bbs/Elephants/index.html,Elephants,174
/bbs/PuzzleDragon/index.html,PuzzleDragon,173
/bbs/Badminton/index.html,Badminton,167
/bbs/mobilesales/index.html,mobilesales,160
/bbs/studyteacher/index.html,studyteacher,160
/bbs/MobilePay/index.html,MobilePay,157
/bbs/Teacher/index.html,Teacher,153
/bbs/Soft_Job/index.html,Soft_Job,149
/bbs/biker/index.html,biker,147
/bbs/Hsinchu/index.html,Hsinchu,144
/bbs/Aviation/index.html,Aviation,143
/bbs/YuanChuang/index.html,YuanChuang,141
/bbs/Gov_owned/index.html,Gov_owned,141
/bbs/cat/index.html,cat,135
/bbs/forsale/index.html,forsale,134
/bbs/MLB/index.html,MLB,132
/bbs/Food/index.html,Food,130
/bbs/DSLR/index.html,DSLR,129
/bbs/TWICE/index.html,TWICE,129
/bbs/GetMarry/index.html,GetMarry,128
/bbs/Gamesale/index.html,Gamesale,127
/bbs/BTS/index.html,BTS,125
/bbs/part-time/index.html,part-time,125
/bbs/FATE_GO/index.html,FATE_GO,124
/bbs/AC_In/index.html,AC_In,123
/bbs/NBA_Film/index.html,NBA_Film,122
/bbs/Examination/index.html,Examination,121
/bbs/DMM_GAMES/index.html,DMM_GAMES,120
/bbs/job/index.html,job,118
/bbs/China-Drama/index.html,China-Drama,116
/bbs/Headphone/index.html,Headphone,116
/bbs/gay/index.html,gay,102
/bbs/Tennis/index.html,Tennis,102
/bbs/Lakers/index.html,Lakers,97
/bbs/TaiwanDrama/index.html,TaiwanDrama,97
/bbs/KoreanPop/index.html,KoreanPop,96
/bbs/Wanted/index.html,Wanted,95
/bbs/TW_Entertain/index.html,TW_Entertain,89
/bbs/HelpBuy/index.html,HelpBuy,88
/bbs/MacShop/index.html,MacShop,88
/bbs/Monkeys/index.html,Monkeys,86
/bbs/MayDay/index.html,MayDay,84
/bbs/fastfood/index.html,fastfood,82
/bbs/TypeMoon/index.html,TypeMoon,81
/bbs/SENIORHIGH/index.html,SENIORHIGH,81
/bbs/CarShop/index.html,CarShop,80
/bbs/FITNESS/index.html,FITNESS,80
/bbs/PublicServan/index.html,PublicServan,79
/bbs/LGBT_SEX/index.html,LGBT_SEX,78
/bbs/give/index.html,give,77
/bbs/cookclub/index.html,cookclub,77
/bbs/Palmar_Drama/index.html,Palmar_Drama,77
/bbs/AKB48/index.html,AKB48,76
/bbs/Nogizaka46/index.html,Nogizaka46,76
/bbs/watch/index.html,watch,76
/bbs/GBF/index.html,GBF,73
/bbs/IdolMaster/index.html,IdolMaster,72
/bbs/BabyProducts/index.html,BabyProducts,71
/bbs/SuperBike/index.html,SuperBike,71
/bbs/medstudent/index.html,medstudent,70
/bbs/Key_Mou_Pad/index.html,Key_Mou_Pad,68
/bbs/IZONE/index.html,IZONE,68
/bbs/Military/index.html,Military,68
/bbs/lesbian/index.html,lesbian,67
/bbs/AzurLane/index.html,AzurLane,66
/bbs/MH/index.html,MH,66
/bbs/nb-shopping/index.html,nb-shopping,66
/bbs/feminine_sex/index.html,feminine_sex,65
/bbs/Bank_Service/index.html,Bank_Service,65
/bbs/RealmOfValor/index.html,RealmOfValor,64
