﻿/bbs/Gossiping/index.html,Gossiping,15301
/bbs/Baseball/index.html,Baseball,4240
/bbs/NBA/index.html,NBA,3616
/bbs/C_Chat/index.html,C_Chat,3160
/bbs/Stock/index.html,Stock,2799
/bbs/MobileComm/index.html,MobileComm,1383
/bbs/Lifeismoney/index.html,Lifeismoney,1374
/bbs/LoL/index.html,LoL,1317
/bbs/Elephants/index.html,Elephants,1188
/bbs/HatePolitics/index.html,HatePolitics,1159
/bbs/Tech_Job/index.html,Tech_Job,1039
/bbs/sex/index.html,sex,968
/bbs/WomenTalk/index.html,WomenTalk,932
/bbs/movie/index.html,movie,888
/bbs/car/index.html,car,862
/bbs/joke/index.html,joke,783
/bbs/KoreaStar/index.html,KoreaStar,747
/bbs/BabyMother/index.html,BabyMother,724
/bbs/ToS/index.html,ToS,689
/bbs/Beauty/index.html,Beauty,658
/bbs/PC_Shopping/index.html,PC_Shopping,573
/bbs/Boy-Girl/index.html,Boy-Girl,570
/bbs/Japan_Travel/index.html,Japan_Travel,553
/bbs/Hearthstone/index.html,Hearthstone,539
/bbs/marriage/index.html,marriage,511
/bbs/marvel/index.html,marvel,484
/bbs/EAseries/index.html,EAseries,482
/bbs/e-shopping/index.html,e-shopping,456
/bbs/KR_Entertain/index.html,KR_Entertain,424
/bbs/PlayStation/index.html,PlayStation,416
/bbs/Kaohsiung/index.html,Kaohsiung,390
/bbs/Tainan/index.html,Tainan,384
/bbs/AllTogether/index.html,AllTogether,384
/bbs/KoreaDrama/index.html,KoreaDrama,362
/bbs/MakeUp/index.html,MakeUp,362
/bbs/Steam/index.html,Steam,346
/bbs/PCReDive/index.html,PCReDive,345
/bbs/SportLottery/index.html,SportLottery,344
/bbs/home-sale/index.html,home-sale,335
/bbs/StupidClown/index.html,StupidClown,328
/bbs/Badminton/index.html,Badminton,319
/bbs/creditcard/index.html,creditcard,314
/bbs/TaichungBun/index.html,TaichungBun,310
/bbs/Monkeys/index.html,Monkeys,303
/bbs/NSwitch/index.html,NSwitch,285
/bbs/Japandrama/index.html,Japandrama,268
/bbs/CVS/index.html,CVS,265
/bbs/Salary/index.html,Salary,261
/bbs/CFantasy/index.html,CFantasy,254
/bbs/KoreanPop/index.html,KoreanPop,242
/bbs/PokemonGO/index.html,PokemonGO,233
/bbs/japanavgirls/index.html,japanavgirls,233
/bbs/basketballTW/index.html,basketballTW,225
/bbs/ONE_PIECE/index.html,ONE_PIECE,224
/bbs/iOS/index.html,iOS,222
/bbs/KanColle/index.html,KanColle,212
/bbs/BuyTogether/index.html,BuyTogether,210
/bbs/studyteacher/index.html,studyteacher,201
/bbs/MuscleBeach/index.html,MuscleBeach,201
/bbs/BeautySalon/index.html,BeautySalon,199
/bbs/HardwareSale/index.html,HardwareSale,196
/bbs/YuanChuang/index.html,YuanChuang,194
/bbs/WOW/index.html,WOW,183
/bbs/TWICE/index.html,TWICE,182
/bbs/Option/index.html,Option,180
/bbs/Teacher/index.html,Teacher,163
/bbs/MobilePay/index.html,MobilePay,158
/bbs/FATE_GO/index.html,FATE_GO,150
/bbs/Hsinchu/index.html,Hsinchu,147
/bbs/mobilesales/index.html,mobilesales,146
/bbs/cat/index.html,cat,144
/bbs/Soft_Job/index.html,Soft_Job,142
/bbs/Aviation/index.html,Aviation,142
/bbs/Food/index.html,Food,142
/bbs/AC_In/index.html,AC_In,136
/bbs/Lakers/index.html,Lakers,135
/bbs/part-time/index.html,part-time,135
/bbs/TypeMoon/index.html,TypeMoon,134
/bbs/MayDay/index.html,MayDay,132
/bbs/Examination/index.html,Examination,131
/bbs/BTS/index.html,BTS,130
/bbs/China-Drama/index.html,China-Drama,129
/bbs/GetMarry/index.html,GetMarry,129
/bbs/PuzzleDragon/index.html,PuzzleDragon,128
/bbs/biker/index.html,biker,124
/bbs/Gov_owned/index.html,Gov_owned,119
/bbs/DSLR/index.html,DSLR,118
/bbs/NBA_Film/index.html,NBA_Film,118
/bbs/MLB/index.html,MLB,118
/bbs/TaiwanDrama/index.html,TaiwanDrama,117
/bbs/Gamesale/index.html,Gamesale,110
/bbs/CarShop/index.html,CarShop,110
/bbs/AzurLane/index.html,AzurLane,109
/bbs/DMM_GAMES/index.html,DMM_GAMES,108
/bbs/Headphone/index.html,Headphone,106
/bbs/gay/index.html,gay,105
/bbs/AKB48/index.html,AKB48,103
/bbs/forsale/index.html,forsale,103
/bbs/Finance/index.html,Finance,95
/bbs/job/index.html,job,93
/bbs/SENIORHIGH/index.html,SENIORHIGH,90
/bbs/Guardians/index.html,Guardians,90
/bbs/give/index.html,give,87
/bbs/MacShop/index.html,MacShop,86
/bbs/Key_Mou_Pad/index.html,Key_Mou_Pad,85
/bbs/cookclub/index.html,cookclub,85
/bbs/PublicServan/index.html,PublicServan,84
/bbs/feminine_sex/index.html,feminine_sex,84
/bbs/Tennis/index.html,Tennis,84
/bbs/lesbian/index.html,lesbian,83
/bbs/Wanted/index.html,Wanted,82
/bbs/IZONE/index.html,IZONE,81
/bbs/GBF/index.html,GBF,79
/bbs/Military/index.html,Military,79
/bbs/HelpBuy/index.html,HelpBuy,78
/bbs/TW_Entertain/index.html,TW_Entertain,78
/bbs/MH/index.html,MH,77
/bbs/Nogizaka46/index.html,Nogizaka46,76
/bbs/LGBT_SEX/index.html,LGBT_SEX,76
/bbs/fastfood/index.html,fastfood,75
/bbs/Palmar_Drama/index.html,Palmar_Drama,75
/bbs/BB-Love/index.html,BB-Love,69
/bbs/OverWatch/index.html,OverWatch,69
/bbs/Chiayi/index.html,Chiayi,68
/bbs/FITNESS/index.html,FITNESS,68
/bbs/watch/index.html,watch,67
/bbs/nb-shopping/index.html,nb-shopping,66
/bbs/StarCraft/index.html,StarCraft,65
