﻿/bbs/Gossiping/index.html,Gossiping,15197
/bbs/Baseball/index.html,Baseball,4531
/bbs/NBA/index.html,NBA,3558
/bbs/C_Chat/index.html,C_Chat,3176
/bbs/Stock/index.html,Stock,2784
/bbs/Lifeismoney/index.html,Lifeismoney,1426
/bbs/MobileComm/index.html,MobileComm,1421
/bbs/LoL/index.html,LoL,1296
/bbs/HatePolitics/index.html,HatePolitics,1164
/bbs/Elephants/index.html,Elephants,1078
/bbs/Tech_Job/index.html,Tech_Job,1058
/bbs/sex/index.html,sex,1022
/bbs/WomenTalk/index.html,WomenTalk,938
/bbs/movie/index.html,movie,927
/bbs/car/index.html,car,865
/bbs/joke/index.html,joke,812
/bbs/KoreaStar/index.html,KoreaStar,732
/bbs/BabyMother/index.html,BabyMother,726
/bbs/Beauty/index.html,Beauty,705
/bbs/ToS/index.html,ToS,696
/bbs/Japan_Travel/index.html,Japan_Travel,581
/bbs/PC_Shopping/index.html,PC_Shopping,573
/bbs/Boy-Girl/index.html,Boy-Girl,569
/bbs/Hearthstone/index.html,Hearthstone,562
/bbs/marriage/index.html,marriage,505
/bbs/EAseries/index.html,EAseries,492
/bbs/marvel/index.html,marvel,491
/bbs/e-shopping/index.html,e-shopping,446
/bbs/KR_Entertain/index.html,KR_Entertain,444
/bbs/PlayStation/index.html,PlayStation,417
/bbs/AllTogether/index.html,AllTogether,409
/bbs/Tainan/index.html,Tainan,401
/bbs/Kaohsiung/index.html,Kaohsiung,393
/bbs/MakeUp/index.html,MakeUp,379
/bbs/home-sale/index.html,home-sale,377
/bbs/KoreaDrama/index.html,KoreaDrama,374
/bbs/Steam/index.html,Steam,361
/bbs/StupidClown/index.html,StupidClown,360
/bbs/PCReDive/index.html,PCReDive,344
/bbs/Badminton/index.html,Badminton,335
/bbs/SportLottery/index.html,SportLottery,321
/bbs/Monkeys/index.html,Monkeys,318
/bbs/TaichungBun/index.html,TaichungBun,309
/bbs/creditcard/index.html,creditcard,304
/bbs/NSwitch/index.html,NSwitch,290
/bbs/CFantasy/index.html,CFantasy,270
/bbs/Salary/index.html,Salary,262
/bbs/CVS/index.html,CVS,261
/bbs/iOS/index.html,iOS,260
/bbs/Japandrama/index.html,Japandrama,256
/bbs/KoreanPop/index.html,KoreanPop,255
/bbs/PokemonGO/index.html,PokemonGO,249
/bbs/basketballTW/index.html,basketballTW,229
/bbs/KanColle/index.html,KanColle,226
/bbs/ONE_PIECE/index.html,ONE_PIECE,224
/bbs/japanavgirls/index.html,japanavgirls,224
/bbs/HardwareSale/index.html,HardwareSale,215
/bbs/studyteacher/index.html,studyteacher,211
/bbs/YuanChuang/index.html,YuanChuang,207
/bbs/BuyTogether/index.html,BuyTogether,200
/bbs/MuscleBeach/index.html,MuscleBeach,197
/bbs/BeautySalon/index.html,BeautySalon,194
/bbs/WOW/index.html,WOW,190
/bbs/Option/index.html,Option,179
/bbs/TWICE/index.html,TWICE,176
/bbs/MobilePay/index.html,MobilePay,165
/bbs/Aviation/index.html,Aviation,163
/bbs/Soft_Job/index.html,Soft_Job,155
/bbs/Teacher/index.html,Teacher,153
/bbs/cat/index.html,cat,152
/bbs/FATE_GO/index.html,FATE_GO,148
/bbs/Hsinchu/index.html,Hsinchu,145
/bbs/BTS/index.html,BTS,145
/bbs/mobilesales/index.html,mobilesales,143
/bbs/PuzzleDragon/index.html,PuzzleDragon,137
/bbs/AC_In/index.html,AC_In,136
/bbs/MLB/index.html,MLB,132
/bbs/TypeMoon/index.html,TypeMoon,130
/bbs/GetMarry/index.html,GetMarry,129
/bbs/China-Drama/index.html,China-Drama,127
/bbs/TaiwanDrama/index.html,TaiwanDrama,127
/bbs/part-time/index.html,part-time,126
/bbs/AKB48/index.html,AKB48,123
/bbs/NBA_Film/index.html,NBA_Film,121
/bbs/Lakers/index.html,Lakers,121
/bbs/Gov_owned/index.html,Gov_owned,120
/bbs/Food/index.html,Food,120
/bbs/Examination/index.html,Examination,119
/bbs/DSLR/index.html,DSLR,114
/bbs/MayDay/index.html,MayDay,114
/bbs/gay/index.html,gay,114
/bbs/Headphone/index.html,Headphone,112
/bbs/AzurLane/index.html,AzurLane,110
/bbs/biker/index.html,biker,110
/bbs/Gamesale/index.html,Gamesale,109
/bbs/CarShop/index.html,CarShop,104
/bbs/forsale/index.html,forsale,104
/bbs/DMM_GAMES/index.html,DMM_GAMES,103
/bbs/PublicServan/index.html,PublicServan,98
/bbs/Guardians/index.html,Guardians,98
/bbs/lesbian/index.html,lesbian,97
/bbs/MH/index.html,MH,94
/bbs/LGBT_SEX/index.html,LGBT_SEX,92
/bbs/Finance/index.html,Finance,90
/bbs/Key_Mou_Pad/index.html,Key_Mou_Pad,90
/bbs/SENIORHIGH/index.html,SENIORHIGH,90
/bbs/MacShop/index.html,MacShop,89
/bbs/GBF/index.html,GBF,86
/bbs/TW_Entertain/index.html,TW_Entertain,86
/bbs/HelpBuy/index.html,HelpBuy,85
/bbs/fastfood/index.html,fastfood,83
/bbs/give/index.html,give,82
/bbs/feminine_sex/index.html,feminine_sex,82
/bbs/cookclub/index.html,cookclub,82
/bbs/job/index.html,job,82
/bbs/IZONE/index.html,IZONE,78
/bbs/hypermall/index.html,hypermall,78
/bbs/Wanted/index.html,Wanted,77
/bbs/Palmar_Drama/index.html,Palmar_Drama,77
/bbs/Tennis/index.html,Tennis,77
/bbs/Military/index.html,Military,77
/bbs/Nogizaka46/index.html,Nogizaka46,73
/bbs/StarCraft/index.html,StarCraft,72
/bbs/IdolMaster/index.html,IdolMaster,70
/bbs/BB-Love/index.html,BB-Love,69
/bbs/FORMULA1/index.html,FORMULA1,69
/bbs/FITNESS/index.html,FITNESS,69
/bbs/BabyProducts/index.html,BabyProducts,67
