﻿/bbs/Gossiping/index.html,Gossiping,15845
/bbs/NBA/index.html,NBA,3605
/bbs/Stock/index.html,Stock,3004
/bbs/C_Chat/index.html,C_Chat,2718
/bbs/Baseball/index.html,Baseball,2338
/bbs/Lifeismoney/index.html,Lifeismoney,1401
/bbs/MobileComm/index.html,MobileComm,1373
/bbs/HatePolitics/index.html,HatePolitics,1280
/bbs/LoL/index.html,LoL,1264
/bbs/Tech_Job/index.html,Tech_Job,1006
/bbs/sex/index.html,sex,983
/bbs/car/index.html,car,875
/bbs/movie/index.html,movie,851
/bbs/BabyMother/index.html,BabyMother,838
/bbs/WomenTalk/index.html,WomenTalk,808
/bbs/joke/index.html,joke,796
/bbs/KoreaStar/index.html,KoreaStar,675
/bbs/marvel/index.html,marvel,675
/bbs/Beauty/index.html,Beauty,671
/bbs/Japan_Travel/index.html,Japan_Travel,614
/bbs/marriage/index.html,marriage,566
/bbs/Boy-Girl/index.html,Boy-Girl,560
/bbs/PC_Shopping/index.html,PC_Shopping,553
/bbs/ToS/index.html,ToS,546
/bbs/EAseries/index.html,EAseries,488
/bbs/PlayStation/index.html,PlayStation,487
/bbs/Hearthstone/index.html,Hearthstone,481
/bbs/e-shopping/index.html,e-shopping,392
/bbs/Steam/index.html,Steam,387
/bbs/SportLottery/index.html,SportLottery,377
/bbs/Kaohsiung/index.html,Kaohsiung,373
/bbs/PCReDive/index.html,PCReDive,362
/bbs/TaichungBun/index.html,TaichungBun,356
/bbs/creditcard/index.html,creditcard,355
/bbs/AllTogether/index.html,AllTogether,344
/bbs/KoreaDrama/index.html,KoreaDrama,340
/bbs/home-sale/index.html,home-sale,336
/bbs/Tainan/index.html,Tainan,335
/bbs/StupidClown/index.html,StupidClown,326
/bbs/MakeUp/index.html,MakeUp,323
/bbs/NSwitch/index.html,NSwitch,277
/bbs/CFantasy/index.html,CFantasy,263
/bbs/BuyTogether/index.html,BuyTogether,262
/bbs/KR_Entertain/index.html,KR_Entertain,259
/bbs/PokemonGO/index.html,PokemonGO,246
/bbs/WOW/index.html,WOW,239
/bbs/CVS/index.html,CVS,238
/bbs/japanavgirls/index.html,japanavgirls,230
/bbs/Option/index.html,Option,220
/bbs/HardwareSale/index.html,HardwareSale,212
/bbs/iOS/index.html,iOS,211
/bbs/MuscleBeach/index.html,MuscleBeach,210
/bbs/Japandrama/index.html,Japandrama,209
/bbs/Salary/index.html,Salary,200
/bbs/BeautySalon/index.html,BeautySalon,196
/bbs/KanColle/index.html,KanColle,194
/bbs/ONE_PIECE/index.html,ONE_PIECE,194
/bbs/basketballTW/index.html,basketballTW,193
/bbs/Elephants/index.html,Elephants,184
/bbs/Badminton/index.html,Badminton,178
/bbs/PuzzleDragon/index.html,PuzzleDragon,171
/bbs/Aviation/index.html,Aviation,171
/bbs/MobilePay/index.html,MobilePay,158
/bbs/mobilesales/index.html,mobilesales,156
/bbs/biker/index.html,biker,149
/bbs/Hsinchu/index.html,Hsinchu,146
/bbs/Soft_Job/index.html,Soft_Job,141
/bbs/Food/index.html,Food,141
/bbs/Teacher/index.html,Teacher,140
/bbs/BTS/index.html,BTS,139
/bbs/Gov_owned/index.html,Gov_owned,139
/bbs/MLB/index.html,MLB,138
/bbs/YuanChuang/index.html,YuanChuang,136
/bbs/studyteacher/index.html,studyteacher,135
/bbs/TWICE/index.html,TWICE,134
/bbs/DSLR/index.html,DSLR,132
/bbs/GetMarry/index.html,GetMarry,128
/bbs/part-time/index.html,part-time,127
/bbs/cat/index.html,cat,126
/bbs/NBA_Film/index.html,NBA_Film,125
/bbs/job/index.html,job,125
/bbs/AC_In/index.html,AC_In,122
/bbs/Examination/index.html,Examination,122
/bbs/Gamesale/index.html,Gamesale,121
/bbs/forsale/index.html,forsale,121
/bbs/DMM_GAMES/index.html,DMM_GAMES,113
/bbs/Headphone/index.html,Headphone,112
/bbs/China-Drama/index.html,China-Drama,111
/bbs/FATE_GO/index.html,FATE_GO,102
/bbs/MayDay/index.html,MayDay,101
/bbs/TaiwanDrama/index.html,TaiwanDrama,96
/bbs/MacShop/index.html,MacShop,95
/bbs/SENIORHIGH/index.html,SENIORHIGH,95
/bbs/TypeMoon/index.html,TypeMoon,91
/bbs/Lakers/index.html,Lakers,89
/bbs/Tennis/index.html,Tennis,88
/bbs/KoreanPop/index.html,KoreanPop,87
/bbs/cookclub/index.html,cookclub,87
/bbs/Wanted/index.html,Wanted,86
/bbs/gay/index.html,gay,86
/bbs/HelpBuy/index.html,HelpBuy,85
/bbs/fastfood/index.html,fastfood,83
/bbs/LGBT_SEX/index.html,LGBT_SEX,82
/bbs/TW_Entertain/index.html,TW_Entertain,82
/bbs/Nogizaka46/index.html,Nogizaka46,81
/bbs/FITNESS/index.html,FITNESS,81
/bbs/BabyProducts/index.html,BabyProducts,76
/bbs/Monkeys/index.html,Monkeys,76
/bbs/CarShop/index.html,CarShop,75
/bbs/nb-shopping/index.html,nb-shopping,75
/bbs/IZONE/index.html,IZONE,75
/bbs/GBF/index.html,GBF,75
/bbs/Palmar_Drama/index.html,Palmar_Drama,75
/bbs/Guardians/index.html,Guardians,74
/bbs/give/index.html,give,72
/bbs/watch/index.html,watch,71
/bbs/AKB48/index.html,AKB48,70
/bbs/Key_Mou_Pad/index.html,Key_Mou_Pad,70
/bbs/feminine_sex/index.html,feminine_sex,69
/bbs/MH/index.html,MH,68
/bbs/Finance/index.html,Finance,67
/bbs/IdolMaster/index.html,IdolMaster,67
/bbs/PublicServan/index.html,PublicServan,67
/bbs/PathofExile/index.html,PathofExile,67
/bbs/SuperBike/index.html,SuperBike,65
/bbs/lesbian/index.html,lesbian,65
/bbs/Military/index.html,Military,65
/bbs/RealmOfValor/index.html,RealmOfValor,64
