﻿/bbs/Gossiping/index.html,Gossiping,15517
/bbs/NBA/index.html,NBA,3619
/bbs/Stock/index.html,Stock,2993
/bbs/C_Chat/index.html,C_Chat,2742
/bbs/Baseball/index.html,Baseball,2352
/bbs/MobileComm/index.html,MobileComm,1415
/bbs/Lifeismoney/index.html,Lifeismoney,1394
/bbs/HatePolitics/index.html,HatePolitics,1349
/bbs/LoL/index.html,LoL,1244
/bbs/sex/index.html,sex,1023
/bbs/Tech_Job/index.html,Tech_Job,989
/bbs/car/index.html,car,871
/bbs/BabyMother/index.html,BabyMother,867
/bbs/movie/index.html,movie,856
/bbs/WomenTalk/index.html,WomenTalk,794
/bbs/joke/index.html,joke,778
/bbs/marvel/index.html,marvel,671
/bbs/KoreaStar/index.html,KoreaStar,653
/bbs/Beauty/index.html,Beauty,647
/bbs/Japan_Travel/index.html,Japan_Travel,611
/bbs/marriage/index.html,marriage,579
/bbs/ToS/index.html,ToS,579
/bbs/PC_Shopping/index.html,PC_Shopping,570
/bbs/Boy-Girl/index.html,Boy-Girl,524
/bbs/EAseries/index.html,EAseries,484
/bbs/Hearthstone/index.html,Hearthstone,454
/bbs/PlayStation/index.html,PlayStation,453
/bbs/Steam/index.html,Steam,403
/bbs/e-shopping/index.html,e-shopping,397
/bbs/AllTogether/index.html,AllTogether,389
/bbs/SportLottery/index.html,SportLottery,377
/bbs/creditcard/index.html,creditcard,374
/bbs/Kaohsiung/index.html,Kaohsiung,362
/bbs/TaichungBun/index.html,TaichungBun,348
/bbs/KoreaDrama/index.html,KoreaDrama,344
/bbs/MakeUp/index.html,MakeUp,344
/bbs/StupidClown/index.html,StupidClown,337
/bbs/Tainan/index.html,Tainan,332
/bbs/PCReDive/index.html,PCReDive,331
/bbs/home-sale/index.html,home-sale,317
/bbs/NSwitch/index.html,NSwitch,281
/bbs/BuyTogether/index.html,BuyTogether,271
/bbs/CFantasy/index.html,CFantasy,266
/bbs/KR_Entertain/index.html,KR_Entertain,257
/bbs/CVS/index.html,CVS,250
/bbs/japanavgirls/index.html,japanavgirls,246
/bbs/WOW/index.html,WOW,243
/bbs/PokemonGO/index.html,PokemonGO,243
/bbs/Option/index.html,Option,232
/bbs/Japandrama/index.html,Japandrama,230
/bbs/Salary/index.html,Salary,222
/bbs/MuscleBeach/index.html,MuscleBeach,217
/bbs/HardwareSale/index.html,HardwareSale,212
/bbs/ONE_PIECE/index.html,ONE_PIECE,207
/bbs/basketballTW/index.html,basketballTW,205
/bbs/iOS/index.html,iOS,200
/bbs/Elephants/index.html,Elephants,196
/bbs/BeautySalon/index.html,BeautySalon,182
/bbs/Badminton/index.html,Badminton,179
/bbs/KanColle/index.html,KanColle,177
/bbs/PuzzleDragon/index.html,PuzzleDragon,168
/bbs/MobilePay/index.html,MobilePay,164
/bbs/Hsinchu/index.html,Hsinchu,162
/bbs/Aviation/index.html,Aviation,160
/bbs/mobilesales/index.html,mobilesales,159
/bbs/Soft_Job/index.html,Soft_Job,158
/bbs/YuanChuang/index.html,YuanChuang,152
/bbs/Teacher/index.html,Teacher,146
/bbs/biker/index.html,biker,143
/bbs/Food/index.html,Food,143
/bbs/studyteacher/index.html,studyteacher,141
/bbs/part-time/index.html,part-time,140
/bbs/AC_In/index.html,AC_In,139
/bbs/BTS/index.html,BTS,139
/bbs/Headphone/index.html,Headphone,135
/bbs/Gamesale/index.html,Gamesale,131
/bbs/MLB/index.html,MLB,129
/bbs/TWICE/index.html,TWICE,128
/bbs/job/index.html,job,128
/bbs/DSLR/index.html,DSLR,126
/bbs/Gov_owned/index.html,Gov_owned,126
/bbs/cat/index.html,cat,124
/bbs/forsale/index.html,forsale,123
/bbs/NBA_Film/index.html,NBA_Film,121
/bbs/GetMarry/index.html,GetMarry,121
/bbs/China-Drama/index.html,China-Drama,115
/bbs/Lakers/index.html,Lakers,112
/bbs/Examination/index.html,Examination,112
/bbs/DMM_GAMES/index.html,DMM_GAMES,112
/bbs/FATE_GO/index.html,FATE_GO,110
/bbs/MayDay/index.html,MayDay,100
/bbs/MacShop/index.html,MacShop,99
/bbs/TaiwanDrama/index.html,TaiwanDrama,95
/bbs/HelpBuy/index.html,HelpBuy,92
/bbs/Monkeys/index.html,Monkeys,89
/bbs/Wanted/index.html,Wanted,88
/bbs/fastfood/index.html,fastfood,87
/bbs/cookclub/index.html,cookclub,87
/bbs/gay/index.html,gay,87
/bbs/CarShop/index.html,CarShop,86
/bbs/SENIORHIGH/index.html,SENIORHIGH,86
/bbs/KoreanPop/index.html,KoreanPop,85
/bbs/LGBT_SEX/index.html,LGBT_SEX,85
/bbs/give/index.html,give,84
/bbs/Nogizaka46/index.html,Nogizaka46,84
/bbs/TypeMoon/index.html,TypeMoon,84
/bbs/Tennis/index.html,Tennis,83
/bbs/watch/index.html,watch,81
/bbs/TW_Entertain/index.html,TW_Entertain,81
/bbs/AKB48/index.html,AKB48,79
/bbs/MH/index.html,MH,79
/bbs/FITNESS/index.html,FITNESS,78
/bbs/BabyProducts/index.html,BabyProducts,76
/bbs/nb-shopping/index.html,nb-shopping,75
/bbs/GBF/index.html,GBF,74
/bbs/Palmar_Drama/index.html,Palmar_Drama,74
/bbs/Military/index.html,Military,73
/bbs/DC_SALE/index.html,DC_SALE,72
/bbs/PublicServan/index.html,PublicServan,72
/bbs/IZONE/index.html,IZONE,72
/bbs/Key_Mou_Pad/index.html,Key_Mou_Pad,71
/bbs/Guardians/index.html,Guardians,71
/bbs/SuperBike/index.html,SuperBike,70
/bbs/Finance/index.html,Finance,69
/bbs/feminine_sex/index.html,feminine_sex,69
/bbs/lesbian/index.html,lesbian,68
/bbs/RealmOfValor/index.html,RealmOfValor,67
/bbs/PathofExile/index.html,PathofExile,66
