﻿/bbs/Gossiping/index.html,Gossiping,15125
/bbs/Baseball/index.html,Baseball,4333
/bbs/NBA/index.html,NBA,3476
/bbs/C_Chat/index.html,C_Chat,3184
/bbs/Stock/index.html,Stock,2890
/bbs/Lifeismoney/index.html,Lifeismoney,1515
/bbs/MobileComm/index.html,MobileComm,1362
/bbs/LoL/index.html,LoL,1351
/bbs/HatePolitics/index.html,HatePolitics,1146
/bbs/Elephants/index.html,Elephants,1139
/bbs/Tech_Job/index.html,Tech_Job,1079
/bbs/sex/index.html,sex,971
/bbs/WomenTalk/index.html,WomenTalk,946
/bbs/movie/index.html,movie,910
/bbs/car/index.html,car,839
/bbs/KoreaStar/index.html,KoreaStar,774
/bbs/joke/index.html,joke,753
/bbs/BabyMother/index.html,BabyMother,725
/bbs/ToS/index.html,ToS,710
/bbs/Beauty/index.html,Beauty,664
/bbs/Japan_Travel/index.html,Japan_Travel,622
/bbs/Hearthstone/index.html,Hearthstone,563
/bbs/PC_Shopping/index.html,PC_Shopping,563
/bbs/Boy-Girl/index.html,Boy-Girl,562
/bbs/EAseries/index.html,EAseries,520
/bbs/marvel/index.html,marvel,497
/bbs/e-shopping/index.html,e-shopping,474
/bbs/marriage/index.html,marriage,470
/bbs/KR_Entertain/index.html,KR_Entertain,444
/bbs/PlayStation/index.html,PlayStation,444
/bbs/AllTogether/index.html,AllTogether,434
/bbs/Tainan/index.html,Tainan,423
/bbs/KoreaDrama/index.html,KoreaDrama,410
/bbs/Kaohsiung/index.html,Kaohsiung,407
/bbs/home-sale/index.html,home-sale,396
/bbs/Steam/index.html,Steam,374
/bbs/StupidClown/index.html,StupidClown,367
/bbs/MakeUp/index.html,MakeUp,366
/bbs/Badminton/index.html,Badminton,365
/bbs/PCReDive/index.html,PCReDive,361
/bbs/SportLottery/index.html,SportLottery,350
/bbs/TaichungBun/index.html,TaichungBun,342
/bbs/creditcard/index.html,creditcard,321
/bbs/CFantasy/index.html,CFantasy,285
/bbs/NSwitch/index.html,NSwitch,284
/bbs/Monkeys/index.html,Monkeys,281
/bbs/CVS/index.html,CVS,271
/bbs/Salary/index.html,Salary,267
/bbs/iOS/index.html,iOS,258
/bbs/Japandrama/index.html,Japandrama,247
/bbs/KoreanPop/index.html,KoreanPop,246
/bbs/KanColle/index.html,KanColle,244
/bbs/PokemonGO/index.html,PokemonGO,243
/bbs/basketballTW/index.html,basketballTW,239
/bbs/japanavgirls/index.html,japanavgirls,237
/bbs/ONE_PIECE/index.html,ONE_PIECE,231
/bbs/BuyTogether/index.html,BuyTogether,218
/bbs/studyteacher/index.html,studyteacher,217
/bbs/HardwareSale/index.html,HardwareSale,210
/bbs/YuanChuang/index.html,YuanChuang,207
/bbs/MuscleBeach/index.html,MuscleBeach,200
/bbs/BeautySalon/index.html,BeautySalon,196
/bbs/WOW/index.html,WOW,181
/bbs/Option/index.html,Option,181
/bbs/TWICE/index.html,TWICE,174
/bbs/MobilePay/index.html,MobilePay,172
/bbs/Soft_Job/index.html,Soft_Job,158
/bbs/mobilesales/index.html,mobilesales,152
/bbs/BTS/index.html,BTS,149
/bbs/AC_In/index.html,AC_In,145
/bbs/Aviation/index.html,Aviation,144
/bbs/FATE_GO/index.html,FATE_GO,141
/bbs/Hsinchu/index.html,Hsinchu,141
/bbs/cat/index.html,cat,141
/bbs/China-Drama/index.html,China-Drama,138
/bbs/Teacher/index.html,Teacher,138
/bbs/PuzzleDragon/index.html,PuzzleDragon,135
/bbs/TypeMoon/index.html,TypeMoon,134
/bbs/part-time/index.html,part-time,134
/bbs/MLB/index.html,MLB,134
/bbs/Food/index.html,Food,132
/bbs/Examination/index.html,Examination,129
/bbs/biker/index.html,biker,129
/bbs/MayDay/index.html,MayDay,129
/bbs/TaiwanDrama/index.html,TaiwanDrama,127
/bbs/Lakers/index.html,Lakers,123
/bbs/GetMarry/index.html,GetMarry,121
/bbs/DMM_GAMES/index.html,DMM_GAMES,119
/bbs/AKB48/index.html,AKB48,118
/bbs/NBA_Film/index.html,NBA_Film,118
/bbs/CarShop/index.html,CarShop,116
/bbs/gay/index.html,gay,116
/bbs/Headphone/index.html,Headphone,115
/bbs/Gov_owned/index.html,Gov_owned,113
/bbs/forsale/index.html,forsale,113
/bbs/DSLR/index.html,DSLR,108
/bbs/lesbian/index.html,lesbian,108
/bbs/AzurLane/index.html,AzurLane,104
/bbs/LGBT_SEX/index.html,LGBT_SEX,104
/bbs/Gamesale/index.html,Gamesale,102
/bbs/MacShop/index.html,MacShop,100
/bbs/PublicServan/index.html,PublicServan,98
/bbs/SENIORHIGH/index.html,SENIORHIGH,95
/bbs/GBF/index.html,GBF,93
/bbs/Finance/index.html,Finance,89
/bbs/give/index.html,give,89
/bbs/Military/index.html,Military,89
/bbs/cookclub/index.html,cookclub,88
/bbs/MH/index.html,MH,87
/bbs/HelpBuy/index.html,HelpBuy,87
/bbs/Guardians/index.html,Guardians,87
/bbs/TW_Entertain/index.html,TW_Entertain,87
/bbs/fastfood/index.html,fastfood,85
/bbs/IZONE/index.html,IZONE,84
/bbs/job/index.html,job,81
/bbs/Key_Mou_Pad/index.html,Key_Mou_Pad,79
/bbs/Palmar_Drama/index.html,Palmar_Drama,78
/bbs/Nogizaka46/index.html,Nogizaka46,75
/bbs/hypermall/index.html,hypermall,74
/bbs/Tennis/index.html,Tennis,74
/bbs/feminine_sex/index.html,feminine_sex,73
/bbs/graduate/index.html,graduate,72
/bbs/watch/index.html,watch,72
/bbs/RealmOfValor/index.html,RealmOfValor,72
/bbs/FITNESS/index.html,FITNESS,71
/bbs/PathofExile/index.html,PathofExile,68
/bbs/Wanted/index.html,Wanted,68
/bbs/nb-shopping/index.html,nb-shopping,67
