﻿/bbs/Gossiping/index.html,Gossiping,15232
/bbs/Baseball/index.html,Baseball,4275
/bbs/NBA/index.html,NBA,3421
/bbs/C_Chat/index.html,C_Chat,3199
/bbs/Stock/index.html,Stock,2926
/bbs/Lifeismoney/index.html,Lifeismoney,1567
/bbs/MobileComm/index.html,MobileComm,1369
/bbs/LoL/index.html,LoL,1284
/bbs/HatePolitics/index.html,HatePolitics,1161
/bbs/Tech_Job/index.html,Tech_Job,1094
/bbs/Elephants/index.html,Elephants,1038
/bbs/sex/index.html,sex,1036
/bbs/WomenTalk/index.html,WomenTalk,946
/bbs/movie/index.html,movie,945
/bbs/car/index.html,car,886
/bbs/joke/index.html,joke,822
/bbs/KoreaStar/index.html,KoreaStar,728
/bbs/Beauty/index.html,Beauty,720
/bbs/BabyMother/index.html,BabyMother,712
/bbs/ToS/index.html,ToS,681
/bbs/Japan_Travel/index.html,Japan_Travel,606
/bbs/Boy-Girl/index.html,Boy-Girl,591
/bbs/PC_Shopping/index.html,PC_Shopping,585
/bbs/Hearthstone/index.html,Hearthstone,534
/bbs/EAseries/index.html,EAseries,516
/bbs/e-shopping/index.html,e-shopping,501
/bbs/KR_Entertain/index.html,KR_Entertain,491
/bbs/marvel/index.html,marvel,481
/bbs/marriage/index.html,marriage,480
/bbs/PlayStation/index.html,PlayStation,449
/bbs/KoreaDrama/index.html,KoreaDrama,438
/bbs/AllTogether/index.html,AllTogether,417
/bbs/Kaohsiung/index.html,Kaohsiung,417
/bbs/Tainan/index.html,Tainan,412
/bbs/home-sale/index.html,home-sale,403
/bbs/MakeUp/index.html,MakeUp,397
/bbs/Badminton/index.html,Badminton,386
/bbs/StupidClown/index.html,StupidClown,385
/bbs/PCReDive/index.html,PCReDive,379
/bbs/SportLottery/index.html,SportLottery,375
/bbs/Steam/index.html,Steam,373
/bbs/creditcard/index.html,creditcard,364
/bbs/TaichungBun/index.html,TaichungBun,331
/bbs/Monkeys/index.html,Monkeys,300
/bbs/CVS/index.html,CVS,290
/bbs/CFantasy/index.html,CFantasy,289
/bbs/NSwitch/index.html,NSwitch,278
/bbs/Salary/index.html,Salary,266
/bbs/Japandrama/index.html,Japandrama,265
/bbs/iOS/index.html,iOS,262
/bbs/KoreanPop/index.html,KoreanPop,254
/bbs/basketballTW/index.html,basketballTW,254
/bbs/PokemonGO/index.html,PokemonGO,254
/bbs/japanavgirls/index.html,japanavgirls,245
/bbs/ONE_PIECE/index.html,ONE_PIECE,243
/bbs/KanColle/index.html,KanColle,237
/bbs/BuyTogether/index.html,BuyTogether,236
/bbs/YuanChuang/index.html,YuanChuang,217
/bbs/studyteacher/index.html,studyteacher,213
/bbs/BeautySalon/index.html,BeautySalon,208
/bbs/HardwareSale/index.html,HardwareSale,197
/bbs/WOW/index.html,WOW,193
/bbs/MuscleBeach/index.html,MuscleBeach,193
/bbs/MobilePay/index.html,MobilePay,180
/bbs/TWICE/index.html,TWICE,177
/bbs/FATE_GO/index.html,FATE_GO,172
/bbs/Option/index.html,Option,169
/bbs/AC_In/index.html,AC_In,161
/bbs/BTS/index.html,BTS,158
/bbs/mobilesales/index.html,mobilesales,155
/bbs/Soft_Job/index.html,Soft_Job,153
/bbs/cat/index.html,cat,151
/bbs/part-time/index.html,part-time,150
/bbs/China-Drama/index.html,China-Drama,146
/bbs/Teacher/index.html,Teacher,143
/bbs/Examination/index.html,Examination,138
/bbs/biker/index.html,biker,137
/bbs/MLB/index.html,MLB,137
/bbs/Aviation/index.html,Aviation,136
/bbs/Hsinchu/index.html,Hsinchu,133
/bbs/Food/index.html,Food,131
/bbs/TaiwanDrama/index.html,TaiwanDrama,130
/bbs/TypeMoon/index.html,TypeMoon,129
/bbs/GetMarry/index.html,GetMarry,128
/bbs/PuzzleDragon/index.html,PuzzleDragon,125
/bbs/MayDay/index.html,MayDay,125
/bbs/AKB48/index.html,AKB48,119
/bbs/forsale/index.html,forsale,117
/bbs/DSLR/index.html,DSLR,116
/bbs/gay/index.html,gay,114
/bbs/Gov_owned/index.html,Gov_owned,113
/bbs/CarShop/index.html,CarShop,112
/bbs/NBA_Film/index.html,NBA_Film,112
/bbs/PublicServan/index.html,PublicServan,111
/bbs/Lakers/index.html,Lakers,111
/bbs/AzurLane/index.html,AzurLane,110
/bbs/Gamesale/index.html,Gamesale,107
/bbs/DMM_GAMES/index.html,DMM_GAMES,107
/bbs/lesbian/index.html,lesbian,107
/bbs/Headphone/index.html,Headphone,106
/bbs/LGBT_SEX/index.html,LGBT_SEX,102
/bbs/SENIORHIGH/index.html,SENIORHIGH,94
/bbs/TW_Entertain/index.html,TW_Entertain,91
/bbs/Guardians/index.html,Guardians,90
/bbs/Military/index.html,Military,90
/bbs/fastfood/index.html,fastfood,89
/bbs/GBF/index.html,GBF,89
/bbs/Finance/index.html,Finance,88
/bbs/MH/index.html,MH,87
/bbs/IZONE/index.html,IZONE,87
/bbs/Palmar_Drama/index.html,Palmar_Drama,87
/bbs/job/index.html,job,87
/bbs/give/index.html,give,85
/bbs/Tennis/index.html,Tennis,84
/bbs/MacShop/index.html,MacShop,83
/bbs/StarCraft/index.html,StarCraft,79
/bbs/cookclub/index.html,cookclub,78
/bbs/nb-shopping/index.html,nb-shopping,77
/bbs/HelpBuy/index.html,HelpBuy,77
/bbs/FITNESS/index.html,FITNESS,77
/bbs/Key_Mou_Pad/index.html,Key_Mou_Pad,74
/bbs/hypermall/index.html,hypermall,74
/bbs/DIABLO/index.html,DIABLO,74
/bbs/Nogizaka46/index.html,Nogizaka46,73
/bbs/watch/index.html,watch,72
/bbs/Wanted/index.html,Wanted,71
/bbs/feminine_sex/index.html,feminine_sex,70
/bbs/BabyProducts/index.html,BabyProducts,69
