﻿/bbs/Gossiping/index.html,Gossiping,15583
/bbs/NBA/index.html,NBA,3492
/bbs/Stock/index.html,Stock,2993
/bbs/C_Chat/index.html,C_Chat,2728
/bbs/Baseball/index.html,Baseball,2335
/bbs/Lifeismoney/index.html,Lifeismoney,1404
/bbs/HatePolitics/index.html,HatePolitics,1384
/bbs/MobileComm/index.html,MobileComm,1375
/bbs/LoL/index.html,LoL,1288
/bbs/sex/index.html,sex,1054
/bbs/Tech_Job/index.html,Tech_Job,990
/bbs/BabyMother/index.html,BabyMother,870
/bbs/car/index.html,car,846
/bbs/movie/index.html,movie,819
/bbs/WomenTalk/index.html,WomenTalk,806
/bbs/joke/index.html,joke,756
/bbs/marvel/index.html,marvel,692
/bbs/KoreaStar/index.html,KoreaStar,691
/bbs/Beauty/index.html,Beauty,625
/bbs/Japan_Travel/index.html,Japan_Travel,613
/bbs/PC_Shopping/index.html,PC_Shopping,590
/bbs/marriage/index.html,marriage,578
/bbs/ToS/index.html,ToS,565
/bbs/Boy-Girl/index.html,Boy-Girl,528
/bbs/Hearthstone/index.html,Hearthstone,468
/bbs/EAseries/index.html,EAseries,460
/bbs/PlayStation/index.html,PlayStation,457
/bbs/Steam/index.html,Steam,404
/bbs/e-shopping/index.html,e-shopping,390
/bbs/Kaohsiung/index.html,Kaohsiung,385
/bbs/AllTogether/index.html,AllTogether,374
/bbs/TaichungBun/index.html,TaichungBun,367
/bbs/SportLottery/index.html,SportLottery,359
/bbs/creditcard/index.html,creditcard,353
/bbs/PCReDive/index.html,PCReDive,351
/bbs/StupidClown/index.html,StupidClown,350
/bbs/MakeUp/index.html,MakeUp,339
/bbs/KoreaDrama/index.html,KoreaDrama,333
/bbs/home-sale/index.html,home-sale,321
/bbs/Tainan/index.html,Tainan,313
/bbs/BuyTogether/index.html,BuyTogether,270
/bbs/NSwitch/index.html,NSwitch,265
/bbs/CFantasy/index.html,CFantasy,254
/bbs/KR_Entertain/index.html,KR_Entertain,253
/bbs/CVS/index.html,CVS,246
/bbs/Salary/index.html,Salary,241
/bbs/WOW/index.html,WOW,236
/bbs/ONE_PIECE/index.html,ONE_PIECE,236
/bbs/japanavgirls/index.html,japanavgirls,234
/bbs/PokemonGO/index.html,PokemonGO,232
/bbs/Option/index.html,Option,229
/bbs/iOS/index.html,iOS,228
/bbs/basketballTW/index.html,basketballTW,225
/bbs/MuscleBeach/index.html,MuscleBeach,224
/bbs/HardwareSale/index.html,HardwareSale,219
/bbs/Japandrama/index.html,Japandrama,212
/bbs/Elephants/index.html,Elephants,192
/bbs/BeautySalon/index.html,BeautySalon,180
/bbs/PuzzleDragon/index.html,PuzzleDragon,172
/bbs/KanColle/index.html,KanColle,171
/bbs/MobilePay/index.html,MobilePay,166
/bbs/Badminton/index.html,Badminton,161
/bbs/studyteacher/index.html,studyteacher,154
/bbs/AC_In/index.html,AC_In,149
/bbs/Hsinchu/index.html,Hsinchu,149
/bbs/YuanChuang/index.html,YuanChuang,147
/bbs/Soft_Job/index.html,Soft_Job,147
/bbs/biker/index.html,biker,146
/bbs/cat/index.html,cat,145
/bbs/Food/index.html,Food,143
/bbs/mobilesales/index.html,mobilesales,142
/bbs/BTS/index.html,BTS,142
/bbs/Aviation/index.html,Aviation,136
/bbs/Teacher/index.html,Teacher,135
/bbs/DSLR/index.html,DSLR,131
/bbs/MLB/index.html,MLB,130
/bbs/part-time/index.html,part-time,129
/bbs/Headphone/index.html,Headphone,128
/bbs/TWICE/index.html,TWICE,128
/bbs/forsale/index.html,forsale,127
/bbs/Examination/index.html,Examination,125
/bbs/Gamesale/index.html,Gamesale,124
/bbs/job/index.html,job,123
/bbs/NBA_Film/index.html,NBA_Film,120
/bbs/Gov_owned/index.html,Gov_owned,118
/bbs/FATE_GO/index.html,FATE_GO,117
/bbs/Lakers/index.html,Lakers,116
/bbs/China-Drama/index.html,China-Drama,115
/bbs/GetMarry/index.html,GetMarry,114
/bbs/DMM_GAMES/index.html,DMM_GAMES,108
/bbs/MacShop/index.html,MacShop,101
/bbs/CarShop/index.html,CarShop,95
/bbs/Wanted/index.html,Wanted,95
/bbs/Monkeys/index.html,Monkeys,94
/bbs/HelpBuy/index.html,HelpBuy,91
/bbs/TaiwanDrama/index.html,TaiwanDrama,91
/bbs/MayDay/index.html,MayDay,91
/bbs/gay/index.html,gay,91
/bbs/cookclub/index.html,cookclub,89
/bbs/nb-shopping/index.html,nb-shopping,88
/bbs/KoreanPop/index.html,KoreanPop,88
/bbs/SENIORHIGH/index.html,SENIORHIGH,88
/bbs/watch/index.html,watch,85
/bbs/Tennis/index.html,Tennis,85
/bbs/TypeMoon/index.html,TypeMoon,84
/bbs/fastfood/index.html,fastfood,81
/bbs/LGBT_SEX/index.html,LGBT_SEX,81
/bbs/MH/index.html,MH,79
/bbs/Key_Mou_Pad/index.html,Key_Mou_Pad,79
/bbs/TW_Entertain/index.html,TW_Entertain,79
/bbs/FITNESS/index.html,FITNESS,78
/bbs/Nogizaka46/index.html,Nogizaka46,76
/bbs/Guardians/index.html,Guardians,75
/bbs/GBF/index.html,GBF,75
/bbs/Palmar_Drama/index.html,Palmar_Drama,73
/bbs/Military/index.html,Military,73
/bbs/BabyProducts/index.html,BabyProducts,72
/bbs/AKB48/index.html,AKB48,72
/bbs/lesbian/index.html,lesbian,72
/bbs/PublicServan/index.html,PublicServan,71
/bbs/DC_SALE/index.html,DC_SALE,70
/bbs/give/index.html,give,70
/bbs/DIABLO/index.html,DIABLO,70
/bbs/feminine_sex/index.html,feminine_sex,68
/bbs/IdolMaster/index.html,IdolMaster,67
/bbs/E-appliance/index.html,E-appliance,67
/bbs/PathofExile/index.html,PathofExile,67
/bbs/IZONE/index.html,IZONE,65
