﻿/bbs/Gossiping/index.html,Gossiping,15527
/bbs/NBA/index.html,NBA,3473
/bbs/Stock/index.html,Stock,2861
/bbs/C_Chat/index.html,C_Chat,2713
/bbs/Baseball/index.html,Baseball,2413
/bbs/HatePolitics/index.html,HatePolitics,1402
/bbs/MobileComm/index.html,MobileComm,1359
/bbs/Lifeismoney/index.html,Lifeismoney,1345
/bbs/LoL/index.html,LoL,1269
/bbs/sex/index.html,sex,978
/bbs/Tech_Job/index.html,Tech_Job,938
/bbs/BabyMother/index.html,BabyMother,869
/bbs/movie/index.html,movie,861
/bbs/car/index.html,car,813
/bbs/WomenTalk/index.html,WomenTalk,777
/bbs/joke/index.html,joke,750
/bbs/KoreaStar/index.html,KoreaStar,678
/bbs/marvel/index.html,marvel,652
/bbs/Beauty/index.html,Beauty,648
/bbs/Japan_Travel/index.html,Japan_Travel,609
/bbs/ToS/index.html,ToS,590
/bbs/marriage/index.html,marriage,563
/bbs/PC_Shopping/index.html,PC_Shopping,561
/bbs/Boy-Girl/index.html,Boy-Girl,560
/bbs/Hearthstone/index.html,Hearthstone,487
/bbs/EAseries/index.html,EAseries,473
/bbs/PlayStation/index.html,PlayStation,454
/bbs/AllTogether/index.html,AllTogether,388
/bbs/Steam/index.html,Steam,386
/bbs/e-shopping/index.html,e-shopping,378
/bbs/Kaohsiung/index.html,Kaohsiung,370
/bbs/PCReDive/index.html,PCReDive,367
/bbs/TaichungBun/index.html,TaichungBun,366
/bbs/MakeUp/index.html,MakeUp,359
/bbs/creditcard/index.html,creditcard,354
/bbs/home-sale/index.html,home-sale,353
/bbs/SportLottery/index.html,SportLottery,345
/bbs/Tainan/index.html,Tainan,338
/bbs/StupidClown/index.html,StupidClown,334
/bbs/KoreaDrama/index.html,KoreaDrama,313
/bbs/NSwitch/index.html,NSwitch,277
/bbs/KR_Entertain/index.html,KR_Entertain,274
/bbs/BuyTogether/index.html,BuyTogether,272
/bbs/CFantasy/index.html,CFantasy,266
/bbs/CVS/index.html,CVS,253
/bbs/WOW/index.html,WOW,240
/bbs/PokemonGO/index.html,PokemonGO,235
/bbs/basketballTW/index.html,basketballTW,234
/bbs/MuscleBeach/index.html,MuscleBeach,228
/bbs/japanavgirls/index.html,japanavgirls,228
/bbs/Salary/index.html,Salary,225
/bbs/HardwareSale/index.html,HardwareSale,222
/bbs/ONE_PIECE/index.html,ONE_PIECE,220
/bbs/Japandrama/index.html,Japandrama,215
/bbs/Option/index.html,Option,211
/bbs/iOS/index.html,iOS,210
/bbs/Elephants/index.html,Elephants,185
/bbs/BeautySalon/index.html,BeautySalon,185
/bbs/KanColle/index.html,KanColle,175
/bbs/PuzzleDragon/index.html,PuzzleDragon,163
/bbs/studyteacher/index.html,studyteacher,163
/bbs/AC_In/index.html,AC_In,159
/bbs/Soft_Job/index.html,Soft_Job,157
/bbs/MobilePay/index.html,MobilePay,157
/bbs/biker/index.html,biker,157
/bbs/Badminton/index.html,Badminton,154
/bbs/YuanChuang/index.html,YuanChuang,149
/bbs/Hsinchu/index.html,Hsinchu,149
/bbs/Aviation/index.html,Aviation,149
/bbs/mobilesales/index.html,mobilesales,147
/bbs/BTS/index.html,BTS,141
/bbs/cat/index.html,cat,134
/bbs/TWICE/index.html,TWICE,134
/bbs/Headphone/index.html,Headphone,131
/bbs/DSLR/index.html,DSLR,128
/bbs/part-time/index.html,part-time,128
/bbs/Teacher/index.html,Teacher,124
/bbs/MLB/index.html,MLB,124
/bbs/FATE_GO/index.html,FATE_GO,123
/bbs/forsale/index.html,forsale,123
/bbs/Gamesale/index.html,Gamesale,121
/bbs/NBA_Film/index.html,NBA_Film,121
/bbs/Examination/index.html,Examination,121
/bbs/TypeMoon/index.html,TypeMoon,120
/bbs/job/index.html,job,117
/bbs/China-Drama/index.html,China-Drama,116
/bbs/Food/index.html,Food,116
/bbs/GetMarry/index.html,GetMarry,115
/bbs/Gov_owned/index.html,Gov_owned,114
/bbs/Lakers/index.html,Lakers,110
/bbs/MacShop/index.html,MacShop,105
/bbs/Monkeys/index.html,Monkeys,105
/bbs/DMM_GAMES/index.html,DMM_GAMES,102
/bbs/CarShop/index.html,CarShop,100
/bbs/KoreanPop/index.html,KoreanPop,97
/bbs/TaiwanDrama/index.html,TaiwanDrama,96
/bbs/MayDay/index.html,MayDay,95
/bbs/Wanted/index.html,Wanted,93
/bbs/MH/index.html,MH,90
/bbs/HelpBuy/index.html,HelpBuy,90
/bbs/watch/index.html,watch,89
/bbs/cookclub/index.html,cookclub,88
/bbs/Guardians/index.html,Guardians,87
/bbs/SENIORHIGH/index.html,SENIORHIGH,85
/bbs/fastfood/index.html,fastfood,84
/bbs/TW_Entertain/index.html,TW_Entertain,84
/bbs/Tennis/index.html,Tennis,81
/bbs/Nogizaka46/index.html,Nogizaka46,80
/bbs/Key_Mou_Pad/index.html,Key_Mou_Pad,80
/bbs/LGBT_SEX/index.html,LGBT_SEX,80
/bbs/nb-shopping/index.html,nb-shopping,78
/bbs/Military/index.html,Military,78
/bbs/gay/index.html,gay,77
/bbs/PublicServan/index.html,PublicServan,76
/bbs/AKB48/index.html,AKB48,74
/bbs/Finance/index.html,Finance,74
/bbs/Palmar_Drama/index.html,Palmar_Drama,74
/bbs/DC_SALE/index.html,DC_SALE,71
/bbs/IZONE/index.html,IZONE,71
/bbs/give/index.html,give,70
/bbs/FITNESS/index.html,FITNESS,69
/bbs/Taoyuan/index.html,Taoyuan,68
/bbs/BabyProducts/index.html,BabyProducts,67
/bbs/IdolMaster/index.html,IdolMaster,67
/bbs/GBF/index.html,GBF,66
/bbs/lesbian/index.html,lesbian,64
/bbs/DIABLO/index.html,DIABLO,63
/bbs/Bank_Service/index.html,Bank_Service,63
