﻿/bbs/Gossiping/index.html,Gossiping,15116
/bbs/Baseball/index.html,Baseball,4164
/bbs/NBA/index.html,NBA,3350
/bbs/C_Chat/index.html,C_Chat,3197
/bbs/Stock/index.html,Stock,2961
/bbs/Lifeismoney/index.html,Lifeismoney,1673
/bbs/LoL/index.html,LoL,1367
/bbs/MobileComm/index.html,MobileComm,1328
/bbs/HatePolitics/index.html,HatePolitics,1178
/bbs/Tech_Job/index.html,Tech_Job,1064
/bbs/sex/index.html,sex,1043
/bbs/Elephants/index.html,Elephants,1006
/bbs/movie/index.html,movie,962
/bbs/car/index.html,car,923
/bbs/WomenTalk/index.html,WomenTalk,906
/bbs/KoreaStar/index.html,KoreaStar,750
/bbs/joke/index.html,joke,743
/bbs/Beauty/index.html,Beauty,739
/bbs/BabyMother/index.html,BabyMother,731
/bbs/ToS/index.html,ToS,710
/bbs/Japan_Travel/index.html,Japan_Travel,623
/bbs/PC_Shopping/index.html,PC_Shopping,576
/bbs/Boy-Girl/index.html,Boy-Girl,570
/bbs/e-shopping/index.html,e-shopping,532
/bbs/EAseries/index.html,EAseries,531
/bbs/Hearthstone/index.html,Hearthstone,522
/bbs/marriage/index.html,marriage,501
/bbs/KoreaDrama/index.html,KoreaDrama,473
/bbs/KR_Entertain/index.html,KR_Entertain,467
/bbs/marvel/index.html,marvel,462
/bbs/PlayStation/index.html,PlayStation,443
/bbs/AllTogether/index.html,AllTogether,434
/bbs/Tainan/index.html,Tainan,416
/bbs/Badminton/index.html,Badminton,401
/bbs/SportLottery/index.html,SportLottery,397
/bbs/MakeUp/index.html,MakeUp,391
/bbs/PCReDive/index.html,PCReDive,390
/bbs/home-sale/index.html,home-sale,374
/bbs/Kaohsiung/index.html,Kaohsiung,373
/bbs/StupidClown/index.html,StupidClown,372
/bbs/Steam/index.html,Steam,363
/bbs/creditcard/index.html,creditcard,354
/bbs/TaichungBun/index.html,TaichungBun,316
/bbs/Monkeys/index.html,Monkeys,285
/bbs/NSwitch/index.html,NSwitch,282
/bbs/KoreanPop/index.html,KoreanPop,276
/bbs/CVS/index.html,CVS,274
/bbs/CFantasy/index.html,CFantasy,270
/bbs/Salary/index.html,Salary,263
/bbs/Japandrama/index.html,Japandrama,262
/bbs/iOS/index.html,iOS,261
/bbs/japanavgirls/index.html,japanavgirls,253
/bbs/PokemonGO/index.html,PokemonGO,249
/bbs/basketballTW/index.html,basketballTW,248
/bbs/ONE_PIECE/index.html,ONE_PIECE,247
/bbs/KanColle/index.html,KanColle,236
/bbs/BuyTogether/index.html,BuyTogether,232
/bbs/studyteacher/index.html,studyteacher,220
/bbs/YuanChuang/index.html,YuanChuang,218
/bbs/BeautySalon/index.html,BeautySalon,211
/bbs/HardwareSale/index.html,HardwareSale,203
/bbs/MuscleBeach/index.html,MuscleBeach,194
/bbs/TWICE/index.html,TWICE,193
/bbs/WOW/index.html,WOW,176
/bbs/AC_In/index.html,AC_In,175
/bbs/MobilePay/index.html,MobilePay,168
/bbs/MLB/index.html,MLB,160
/bbs/FATE_GO/index.html,FATE_GO,158
/bbs/Soft_Job/index.html,Soft_Job,158
/bbs/Teacher/index.html,Teacher,156
/bbs/Option/index.html,Option,156
/bbs/Hsinchu/index.html,Hsinchu,154
/bbs/Food/index.html,Food,149
/bbs/BTS/index.html,BTS,148
/bbs/China-Drama/index.html,China-Drama,146
/bbs/part-time/index.html,part-time,143
/bbs/cat/index.html,cat,139
/bbs/gay/index.html,gay,139
/bbs/Examination/index.html,Examination,136
/bbs/TaiwanDrama/index.html,TaiwanDrama,135
/bbs/MayDay/index.html,MayDay,135
/bbs/mobilesales/index.html,mobilesales,134
/bbs/biker/index.html,biker,134
/bbs/TypeMoon/index.html,TypeMoon,131
/bbs/Lakers/index.html,Lakers,130
/bbs/Aviation/index.html,Aviation,129
/bbs/AKB48/index.html,AKB48,126
/bbs/NBA_Film/index.html,NBA_Film,125
/bbs/GetMarry/index.html,GetMarry,125
/bbs/TW_Entertain/index.html,TW_Entertain,125
/bbs/PuzzleDragon/index.html,PuzzleDragon,123
/bbs/DMM_GAMES/index.html,DMM_GAMES,118
/bbs/AzurLane/index.html,AzurLane,113
/bbs/CarShop/index.html,CarShop,113
/bbs/Gamesale/index.html,Gamesale,110
/bbs/Headphone/index.html,Headphone,107
/bbs/forsale/index.html,forsale,106
/bbs/DSLR/index.html,DSLR,102
/bbs/Gov_owned/index.html,Gov_owned,102
/bbs/MacShop/index.html,MacShop,98
/bbs/job/index.html,job,98
/bbs/LGBT_SEX/index.html,LGBT_SEX,96
/bbs/GBF/index.html,GBF,95
/bbs/PublicServan/index.html,PublicServan,94
/bbs/SENIORHIGH/index.html,SENIORHIGH,94
/bbs/MH/index.html,MH,93
/bbs/lesbian/index.html,lesbian,91
/bbs/IZONE/index.html,IZONE,89
/bbs/HelpBuy/index.html,HelpBuy,88
/bbs/Wanted/index.html,Wanted,88
/bbs/Palmar_Drama/index.html,Palmar_Drama,87
/bbs/Military/index.html,Military,87
/bbs/cookclub/index.html,cookclub,82
/bbs/Finance/index.html,Finance,81
/bbs/Nogizaka46/index.html,Nogizaka46,78
/bbs/give/index.html,give,77
/bbs/Tennis/index.html,Tennis,77
/bbs/fastfood/index.html,fastfood,76
/bbs/DIABLO/index.html,DIABLO,75
/bbs/Guardians/index.html,Guardians,74
/bbs/StarCraft/index.html,StarCraft,74
/bbs/watch/index.html,watch,73
/bbs/BB-Love/index.html,BB-Love,72
/bbs/FITNESS/index.html,FITNESS,72
/bbs/nb-shopping/index.html,nb-shopping,71
/bbs/PathofExile/index.html,PathofExile,70
/bbs/hypermall/index.html,hypermall,68
/bbs/Key_Mou_Pad/index.html,Key_Mou_Pad,67
