﻿/bbs/Gossiping/index.html,Gossiping,15332
/bbs/NBA/index.html,NBA,3415
/bbs/Stock/index.html,Stock,2849
/bbs/Baseball/index.html,Baseball,2650
/bbs/C_Chat/index.html,C_Chat,2604
/bbs/HatePolitics/index.html,HatePolitics,1341
/bbs/Lifeismoney/index.html,Lifeismoney,1336
/bbs/MobileComm/index.html,MobileComm,1326
/bbs/LoL/index.html,LoL,1283
/bbs/sex/index.html,sex,1006
/bbs/Tech_Job/index.html,Tech_Job,960
/bbs/BabyMother/index.html,BabyMother,861
/bbs/movie/index.html,movie,841
/bbs/car/index.html,car,821
/bbs/WomenTalk/index.html,WomenTalk,777
/bbs/joke/index.html,joke,745
/bbs/ToS/index.html,ToS,706
/bbs/Beauty/index.html,Beauty,643
/bbs/KoreaStar/index.html,KoreaStar,641
/bbs/marvel/index.html,marvel,636
/bbs/Boy-Girl/index.html,Boy-Girl,563
/bbs/PC_Shopping/index.html,PC_Shopping,558
/bbs/Japan_Travel/index.html,Japan_Travel,556
/bbs/marriage/index.html,marriage,553
/bbs/PlayStation/index.html,PlayStation,474
/bbs/EAseries/index.html,EAseries,459
/bbs/Hearthstone/index.html,Hearthstone,442
/bbs/TaichungBun/index.html,TaichungBun,385
/bbs/AllTogether/index.html,AllTogether,377
/bbs/Steam/index.html,Steam,369
/bbs/e-shopping/index.html,e-shopping,367
/bbs/MakeUp/index.html,MakeUp,355
/bbs/PCReDive/index.html,PCReDive,341
/bbs/Kaohsiung/index.html,Kaohsiung,335
/bbs/creditcard/index.html,creditcard,330
/bbs/home-sale/index.html,home-sale,321
/bbs/Tainan/index.html,Tainan,320
/bbs/KoreaDrama/index.html,KoreaDrama,318
/bbs/SportLottery/index.html,SportLottery,311
/bbs/StupidClown/index.html,StupidClown,311
/bbs/NSwitch/index.html,NSwitch,278
/bbs/CFantasy/index.html,CFantasy,264
/bbs/KR_Entertain/index.html,KR_Entertain,255
/bbs/CVS/index.html,CVS,253
/bbs/PokemonGO/index.html,PokemonGO,248
/bbs/BuyTogether/index.html,BuyTogether,242
/bbs/WOW/index.html,WOW,231
/bbs/HardwareSale/index.html,HardwareSale,227
/bbs/japanavgirls/index.html,japanavgirls,225
/bbs/ONE_PIECE/index.html,ONE_PIECE,223
/bbs/MuscleBeach/index.html,MuscleBeach,218
/bbs/Elephants/index.html,Elephants,218
/bbs/basketballTW/index.html,basketballTW,212
/bbs/Japandrama/index.html,Japandrama,211
/bbs/BeautySalon/index.html,BeautySalon,211
/bbs/Option/index.html,Option,210
/bbs/iOS/index.html,iOS,206
/bbs/Salary/index.html,Salary,197
/bbs/KanColle/index.html,KanColle,175
/bbs/studyteacher/index.html,studyteacher,175
/bbs/PuzzleDragon/index.html,PuzzleDragon,169
/bbs/Soft_Job/index.html,Soft_Job,159
/bbs/Badminton/index.html,Badminton,158
/bbs/mobilesales/index.html,mobilesales,153
/bbs/Aviation/index.html,Aviation,149
/bbs/AC_In/index.html,AC_In,147
/bbs/Hsinchu/index.html,Hsinchu,147
/bbs/biker/index.html,biker,147
/bbs/YuanChuang/index.html,YuanChuang,141
/bbs/TWICE/index.html,TWICE,141
/bbs/Headphone/index.html,Headphone,138
/bbs/MobilePay/index.html,MobilePay,135
/bbs/BTS/index.html,BTS,135
/bbs/part-time/index.html,part-time,134
/bbs/Teacher/index.html,Teacher,133
/bbs/Food/index.html,Food,130
/bbs/Gamesale/index.html,Gamesale,129
/bbs/NBA_Film/index.html,NBA_Film,129
/bbs/cat/index.html,cat,128
/bbs/DSLR/index.html,DSLR,122
/bbs/Examination/index.html,Examination,122
/bbs/MLB/index.html,MLB,120
/bbs/FATE_GO/index.html,FATE_GO,118
/bbs/KoreanPop/index.html,KoreanPop,118
/bbs/TypeMoon/index.html,TypeMoon,116
/bbs/job/index.html,job,115
/bbs/forsale/index.html,forsale,114
/bbs/China-Drama/index.html,China-Drama,112
/bbs/GetMarry/index.html,GetMarry,112
/bbs/Lakers/index.html,Lakers,108
/bbs/Gov_owned/index.html,Gov_owned,102
/bbs/MacShop/index.html,MacShop,100
/bbs/DMM_GAMES/index.html,DMM_GAMES,100
/bbs/MayDay/index.html,MayDay,100
/bbs/TaiwanDrama/index.html,TaiwanDrama,96
/bbs/HelpBuy/index.html,HelpBuy,88
/bbs/MH/index.html,MH,86
/bbs/cookclub/index.html,cookclub,86
/bbs/gay/index.html,gay,86
/bbs/SENIORHIGH/index.html,SENIORHIGH,85
/bbs/fastfood/index.html,fastfood,84
/bbs/Wanted/index.html,Wanted,82
/bbs/Palmar_Drama/index.html,Palmar_Drama,82
/bbs/Tennis/index.html,Tennis,82
/bbs/TW_Entertain/index.html,TW_Entertain,82
/bbs/AKB48/index.html,AKB48,78
/bbs/CarShop/index.html,CarShop,78
/bbs/watch/index.html,watch,78
/bbs/LGBT_SEX/index.html,LGBT_SEX,76
/bbs/Military/index.html,Military,76
/bbs/IdolMaster/index.html,IdolMaster,75
/bbs/Guardians/index.html,Guardians,75
/bbs/Lions/index.html,Lions,75
/bbs/BabyProducts/index.html,BabyProducts,74
/bbs/Monkeys/index.html,Monkeys,74
/bbs/DC_SALE/index.html,DC_SALE,73
/bbs/nb-shopping/index.html,nb-shopping,73
/bbs/lesbian/index.html,lesbian,73
/bbs/GBF/index.html,GBF,72
/bbs/Key_Mou_Pad/index.html,Key_Mou_Pad,70
/bbs/IZONE/index.html,IZONE,70
/bbs/MAC/index.html,MAC,70
/bbs/DIABLO/index.html,DIABLO,69
/bbs/Nogizaka46/index.html,Nogizaka46,66
/bbs/give/index.html,give,65
/bbs/graduate/index.html,graduate,64
/bbs/AzurLane/index.html,AzurLane,63
/bbs/PublicServan/index.html,PublicServan,63
