﻿/bbs/Gossiping/index.html,Gossiping,15097
/bbs/Baseball/index.html,Baseball,4066
/bbs/NBA/index.html,NBA,3345
/bbs/C_Chat/index.html,C_Chat,3145
/bbs/Stock/index.html,Stock,3004
/bbs/Lifeismoney/index.html,Lifeismoney,1643
/bbs/LoL/index.html,LoL,1374
/bbs/MobileComm/index.html,MobileComm,1346
/bbs/HatePolitics/index.html,HatePolitics,1167
/bbs/Tech_Job/index.html,Tech_Job,1082
/bbs/sex/index.html,sex,1080
/bbs/Elephants/index.html,Elephants,1051
/bbs/movie/index.html,movie,966
/bbs/car/index.html,car,936
/bbs/WomenTalk/index.html,WomenTalk,883
/bbs/BabyMother/index.html,BabyMother,796
/bbs/joke/index.html,joke,756
/bbs/KoreaStar/index.html,KoreaStar,733
/bbs/ToS/index.html,ToS,722
/bbs/Beauty/index.html,Beauty,721
/bbs/Japan_Travel/index.html,Japan_Travel,651
/bbs/PC_Shopping/index.html,PC_Shopping,586
/bbs/Boy-Girl/index.html,Boy-Girl,573
/bbs/KoreaDrama/index.html,KoreaDrama,542
/bbs/EAseries/index.html,EAseries,532
/bbs/Hearthstone/index.html,Hearthstone,526
/bbs/e-shopping/index.html,e-shopping,515
/bbs/KR_Entertain/index.html,KR_Entertain,494
/bbs/marvel/index.html,marvel,479
/bbs/PlayStation/index.html,PlayStation,456
/bbs/marriage/index.html,marriage,455
/bbs/AllTogether/index.html,AllTogether,430
/bbs/MakeUp/index.html,MakeUp,419
/bbs/Tainan/index.html,Tainan,407
/bbs/Badminton/index.html,Badminton,395
/bbs/home-sale/index.html,home-sale,388
/bbs/SportLottery/index.html,SportLottery,383
/bbs/Steam/index.html,Steam,377
/bbs/PCReDive/index.html,PCReDive,376
/bbs/Kaohsiung/index.html,Kaohsiung,364
/bbs/TaichungBun/index.html,TaichungBun,324
/bbs/creditcard/index.html,creditcard,324
/bbs/StupidClown/index.html,StupidClown,319
/bbs/Monkeys/index.html,Monkeys,305
/bbs/CVS/index.html,CVS,292
/bbs/KoreanPop/index.html,KoreanPop,290
/bbs/iOS/index.html,iOS,289
/bbs/NSwitch/index.html,NSwitch,277
/bbs/japanavgirls/index.html,japanavgirls,274
/bbs/CFantasy/index.html,CFantasy,269
/bbs/Salary/index.html,Salary,269
/bbs/Japandrama/index.html,Japandrama,262
/bbs/ONE_PIECE/index.html,ONE_PIECE,254
/bbs/PokemonGO/index.html,PokemonGO,249
/bbs/YuanChuang/index.html,YuanChuang,248
/bbs/KanColle/index.html,KanColle,246
/bbs/basketballTW/index.html,basketballTW,241
/bbs/BuyTogether/index.html,BuyTogether,223
/bbs/MuscleBeach/index.html,MuscleBeach,222
/bbs/BeautySalon/index.html,BeautySalon,220
/bbs/studyteacher/index.html,studyteacher,218
/bbs/TWICE/index.html,TWICE,190
/bbs/HardwareSale/index.html,HardwareSale,189
/bbs/WOW/index.html,WOW,174
/bbs/MobilePay/index.html,MobilePay,171
/bbs/TaiwanDrama/index.html,TaiwanDrama,168
/bbs/MLB/index.html,MLB,165
/bbs/AC_In/index.html,AC_In,163
/bbs/Soft_Job/index.html,Soft_Job,160
/bbs/FATE_GO/index.html,FATE_GO,156
/bbs/Lakers/index.html,Lakers,155
/bbs/mobilesales/index.html,mobilesales,152
/bbs/Hsinchu/index.html,Hsinchu,149
/bbs/Option/index.html,Option,147
/bbs/Aviation/index.html,Aviation,147
/bbs/BTS/index.html,BTS,145
/bbs/gay/index.html,gay,144
/bbs/Examination/index.html,Examination,141
/bbs/PuzzleDragon/index.html,PuzzleDragon,139
/bbs/part-time/index.html,part-time,139
/bbs/Food/index.html,Food,138
/bbs/Teacher/index.html,Teacher,136
/bbs/GetMarry/index.html,GetMarry,136
/bbs/cat/index.html,cat,135
/bbs/China-Drama/index.html,China-Drama,132
/bbs/TW_Entertain/index.html,TW_Entertain,129
/bbs/DMM_GAMES/index.html,DMM_GAMES,128
/bbs/biker/index.html,biker,127
/bbs/NBA_Film/index.html,NBA_Film,126
/bbs/TypeMoon/index.html,TypeMoon,121
/bbs/Gov_owned/index.html,Gov_owned,121
/bbs/AKB48/index.html,AKB48,120
/bbs/CarShop/index.html,CarShop,120
/bbs/Headphone/index.html,Headphone,119
/bbs/AzurLane/index.html,AzurLane,111
/bbs/MayDay/index.html,MayDay,110
/bbs/forsale/index.html,forsale,110
/bbs/Gamesale/index.html,Gamesale,107
/bbs/DSLR/index.html,DSLR,107
/bbs/lesbian/index.html,lesbian,101
/bbs/MH/index.html,MH,99
/bbs/LGBT_SEX/index.html,LGBT_SEX,99
/bbs/Finance/index.html,Finance,96
/bbs/IZONE/index.html,IZONE,96
/bbs/SENIORHIGH/index.html,SENIORHIGH,96
/bbs/GBF/index.html,GBF,96
/bbs/job/index.html,job,92
/bbs/Wanted/index.html,Wanted,87
/bbs/MacShop/index.html,MacShop,86
/bbs/HelpBuy/index.html,HelpBuy,85
/bbs/cookclub/index.html,cookclub,85
/bbs/Military/index.html,Military,84
/bbs/fastfood/index.html,fastfood,83
/bbs/watch/index.html,watch,83
/bbs/Guardians/index.html,Guardians,80
/bbs/Palmar_Drama/index.html,Palmar_Drama,80
/bbs/PublicServan/index.html,PublicServan,79
/bbs/Key_Mou_Pad/index.html,Key_Mou_Pad,79
/bbs/Tennis/index.html,Tennis,79
/bbs/give/index.html,give,78
/bbs/Nogizaka46/index.html,Nogizaka46,78
/bbs/FITNESS/index.html,FITNESS,77
/bbs/nb-shopping/index.html,nb-shopping,75
/bbs/BB-Love/index.html,BB-Love,75
/bbs/Railway/index.html,Railway,73
/bbs/DIABLO/index.html,DIABLO,71
/bbs/medstudent/index.html,medstudent,70
/bbs/FORMULA1/index.html,FORMULA1,67
