﻿/bbs/Gossiping/index.html,Gossiping,15058
/bbs/Baseball/index.html,Baseball,3960
/bbs/NBA/index.html,NBA,3351
/bbs/C_Chat/index.html,C_Chat,3177
/bbs/Stock/index.html,Stock,3105
/bbs/Lifeismoney/index.html,Lifeismoney,1544
/bbs/LoL/index.html,LoL,1408
/bbs/MobileComm/index.html,MobileComm,1329
/bbs/HatePolitics/index.html,HatePolitics,1191
/bbs/Tech_Job/index.html,Tech_Job,1108
/bbs/sex/index.html,sex,1099
/bbs/movie/index.html,movie,968
/bbs/Elephants/index.html,Elephants,962
/bbs/car/index.html,car,912
/bbs/WomenTalk/index.html,WomenTalk,897
/bbs/Beauty/index.html,Beauty,775
/bbs/BabyMother/index.html,BabyMother,770
/bbs/KoreaStar/index.html,KoreaStar,769
/bbs/joke/index.html,joke,744
/bbs/ToS/index.html,ToS,732
/bbs/KoreaDrama/index.html,KoreaDrama,651
/bbs/Japan_Travel/index.html,Japan_Travel,620
/bbs/PC_Shopping/index.html,PC_Shopping,593
/bbs/Boy-Girl/index.html,Boy-Girl,579
/bbs/e-shopping/index.html,e-shopping,570
/bbs/Hearthstone/index.html,Hearthstone,552
/bbs/EAseries/index.html,EAseries,543
/bbs/KR_Entertain/index.html,KR_Entertain,504
/bbs/marvel/index.html,marvel,498
/bbs/marriage/index.html,marriage,496
/bbs/PlayStation/index.html,PlayStation,464
/bbs/Badminton/index.html,Badminton,436
/bbs/MakeUp/index.html,MakeUp,435
/bbs/Tainan/index.html,Tainan,432
/bbs/AllTogether/index.html,AllTogether,420
/bbs/home-sale/index.html,home-sale,418
/bbs/PCReDive/index.html,PCReDive,397
/bbs/Steam/index.html,Steam,395
/bbs/SportLottery/index.html,SportLottery,393
/bbs/Kaohsiung/index.html,Kaohsiung,385
/bbs/creditcard/index.html,creditcard,333
/bbs/TaichungBun/index.html,TaichungBun,330
/bbs/StupidClown/index.html,StupidClown,323
/bbs/iOS/index.html,iOS,306
/bbs/CVS/index.html,CVS,286
/bbs/Monkeys/index.html,Monkeys,284
/bbs/japanavgirls/index.html,japanavgirls,278
/bbs/CFantasy/index.html,CFantasy,276
/bbs/Japandrama/index.html,Japandrama,275
/bbs/NSwitch/index.html,NSwitch,274
/bbs/KanColle/index.html,KanColle,274
/bbs/KoreanPop/index.html,KoreanPop,272
/bbs/ONE_PIECE/index.html,ONE_PIECE,272
/bbs/Salary/index.html,Salary,269
/bbs/YuanChuang/index.html,YuanChuang,252
/bbs/PokemonGO/index.html,PokemonGO,246
/bbs/MuscleBeach/index.html,MuscleBeach,243
/bbs/basketballTW/index.html,basketballTW,233
/bbs/BuyTogether/index.html,BuyTogether,222
/bbs/studyteacher/index.html,studyteacher,220
/bbs/BeautySalon/index.html,BeautySalon,220
/bbs/HardwareSale/index.html,HardwareSale,199
/bbs/TWICE/index.html,TWICE,189
/bbs/WOW/index.html,WOW,177
/bbs/Hsinchu/index.html,Hsinchu,175
/bbs/TaiwanDrama/index.html,TaiwanDrama,172
/bbs/MobilePay/index.html,MobilePay,170
/bbs/AC_In/index.html,AC_In,168
/bbs/FATE_GO/index.html,FATE_GO,166
/bbs/MLB/index.html,MLB,166
/bbs/Option/index.html,Option,162
/bbs/Soft_Job/index.html,Soft_Job,159
/bbs/mobilesales/index.html,mobilesales,153
/bbs/gay/index.html,gay,150
/bbs/Teacher/index.html,Teacher,149
/bbs/Aviation/index.html,Aviation,148
/bbs/cat/index.html,cat,144
/bbs/biker/index.html,biker,142
/bbs/China-Drama/index.html,China-Drama,140
/bbs/PuzzleDragon/index.html,PuzzleDragon,138
/bbs/part-time/index.html,part-time,138
/bbs/GetMarry/index.html,GetMarry,137
/bbs/Food/index.html,Food,137
/bbs/Gov_owned/index.html,Gov_owned,136
/bbs/Examination/index.html,Examination,134
/bbs/BTS/index.html,BTS,133
/bbs/MayDay/index.html,MayDay,132
/bbs/NBA_Film/index.html,NBA_Film,130
/bbs/Lakers/index.html,Lakers,129
/bbs/TW_Entertain/index.html,TW_Entertain,126
/bbs/TypeMoon/index.html,TypeMoon,124
/bbs/Headphone/index.html,Headphone,124
/bbs/DMM_GAMES/index.html,DMM_GAMES,121
/bbs/AKB48/index.html,AKB48,120
/bbs/Gamesale/index.html,Gamesale,115
/bbs/CarShop/index.html,CarShop,109
/bbs/DSLR/index.html,DSLR,108
/bbs/forsale/index.html,forsale,108
/bbs/AzurLane/index.html,AzurLane,107
/bbs/LGBT_SEX/index.html,LGBT_SEX,105
/bbs/MacShop/index.html,MacShop,103
/bbs/lesbian/index.html,lesbian,102
/bbs/job/index.html,job,100
/bbs/MH/index.html,MH,98
/bbs/IZONE/index.html,IZONE,97
/bbs/HelpBuy/index.html,HelpBuy,96
/bbs/GBF/index.html,GBF,95
/bbs/Palmar_Drama/index.html,Palmar_Drama,91
/bbs/Finance/index.html,Finance,87
/bbs/SENIORHIGH/index.html,SENIORHIGH,87
/bbs/Nogizaka46/index.html,Nogizaka46,84
/bbs/Tennis/index.html,Tennis,84
/bbs/PublicServan/index.html,PublicServan,83
/bbs/watch/index.html,watch,82
/bbs/give/index.html,give,81
/bbs/cookclub/index.html,cookclub,79
/bbs/Key_Mou_Pad/index.html,Key_Mou_Pad,78
/bbs/Railway/index.html,Railway,78
/bbs/Wanted/index.html,Wanted,77
/bbs/Military/index.html,Military,77
/bbs/fastfood/index.html,fastfood,75
/bbs/hypermall/index.html,hypermall,75
/bbs/FITNESS/index.html,FITNESS,75
/bbs/medstudent/index.html,medstudent,74
/bbs/DIABLO/index.html,DIABLO,74
/bbs/nb-shopping/index.html,nb-shopping,73
/bbs/BabyProducts/index.html,BabyProducts,72
/bbs/IdolMaster/index.html,IdolMaster,70
