﻿/bbs/Gossiping/index.html,Gossiping,15438
/bbs/NBA/index.html,NBA,3449
/bbs/Baseball/index.html,Baseball,3011
/bbs/Stock/index.html,Stock,2866
/bbs/C_Chat/index.html,C_Chat,2631
/bbs/HatePolitics/index.html,HatePolitics,1367
/bbs/MobileComm/index.html,MobileComm,1350
/bbs/Lifeismoney/index.html,Lifeismoney,1310
/bbs/LoL/index.html,LoL,1254
/bbs/Tech_Job/index.html,Tech_Job,988
/bbs/sex/index.html,sex,978
/bbs/movie/index.html,movie,866
/bbs/car/index.html,car,852
/bbs/BabyMother/index.html,BabyMother,797
/bbs/WomenTalk/index.html,WomenTalk,784
/bbs/joke/index.html,joke,736
/bbs/ToS/index.html,ToS,718
/bbs/KoreaStar/index.html,KoreaStar,664
/bbs/Beauty/index.html,Beauty,658
/bbs/marvel/index.html,marvel,655
/bbs/Japan_Travel/index.html,Japan_Travel,597
/bbs/PC_Shopping/index.html,PC_Shopping,573
/bbs/marriage/index.html,marriage,563
/bbs/Boy-Girl/index.html,Boy-Girl,556
/bbs/Hearthstone/index.html,Hearthstone,483
/bbs/PlayStation/index.html,PlayStation,468
/bbs/EAseries/index.html,EAseries,448
/bbs/AllTogether/index.html,AllTogether,389
/bbs/Steam/index.html,Steam,373
/bbs/TaichungBun/index.html,TaichungBun,372
/bbs/e-shopping/index.html,e-shopping,360
/bbs/MakeUp/index.html,MakeUp,356
/bbs/PCReDive/index.html,PCReDive,345
/bbs/Kaohsiung/index.html,Kaohsiung,341
/bbs/StupidClown/index.html,StupidClown,340
/bbs/SportLottery/index.html,SportLottery,331
/bbs/creditcard/index.html,creditcard,329
/bbs/home-sale/index.html,home-sale,322
/bbs/Tainan/index.html,Tainan,313
/bbs/KoreaDrama/index.html,KoreaDrama,307
/bbs/CVS/index.html,CVS,268
/bbs/CFantasy/index.html,CFantasy,266
/bbs/KR_Entertain/index.html,KR_Entertain,262
/bbs/NSwitch/index.html,NSwitch,261
/bbs/ONE_PIECE/index.html,ONE_PIECE,245
/bbs/BuyTogether/index.html,BuyTogether,244
/bbs/MuscleBeach/index.html,MuscleBeach,231
/bbs/PokemonGO/index.html,PokemonGO,231
/bbs/WOW/index.html,WOW,229
/bbs/HardwareSale/index.html,HardwareSale,228
/bbs/Japandrama/index.html,Japandrama,226
/bbs/Elephants/index.html,Elephants,222
/bbs/japanavgirls/index.html,japanavgirls,222
/bbs/iOS/index.html,iOS,218
/bbs/basketballTW/index.html,basketballTW,208
/bbs/Salary/index.html,Salary,207
/bbs/Option/index.html,Option,198
/bbs/BeautySalon/index.html,BeautySalon,192
/bbs/KanColle/index.html,KanColle,181
/bbs/PuzzleDragon/index.html,PuzzleDragon,174
/bbs/studyteacher/index.html,studyteacher,171
/bbs/Soft_Job/index.html,Soft_Job,160
/bbs/Badminton/index.html,Badminton,158
/bbs/Aviation/index.html,Aviation,156
/bbs/mobilesales/index.html,mobilesales,151
/bbs/YuanChuang/index.html,YuanChuang,148
/bbs/Teacher/index.html,Teacher,148
/bbs/BTS/index.html,BTS,147
/bbs/biker/index.html,biker,147
/bbs/MobilePay/index.html,MobilePay,146
/bbs/AC_In/index.html,AC_In,144
/bbs/Food/index.html,Food,143
/bbs/DSLR/index.html,DSLR,133
/bbs/cat/index.html,cat,131
/bbs/part-time/index.html,part-time,131
/bbs/TWICE/index.html,TWICE,128
/bbs/Headphone/index.html,Headphone,127
/bbs/MLB/index.html,MLB,127
/bbs/Hsinchu/index.html,Hsinchu,126
/bbs/NBA_Film/index.html,NBA_Film,123
/bbs/Examination/index.html,Examination,122
/bbs/TypeMoon/index.html,TypeMoon,121
/bbs/FATE_GO/index.html,FATE_GO,118
/bbs/KoreanPop/index.html,KoreanPop,114
/bbs/China-Drama/index.html,China-Drama,114
/bbs/forsale/index.html,forsale,114
/bbs/Lakers/index.html,Lakers,113
/bbs/Gamesale/index.html,Gamesale,112
/bbs/job/index.html,job,111
/bbs/GetMarry/index.html,GetMarry,110
/bbs/Gov_owned/index.html,Gov_owned,103
/bbs/TaiwanDrama/index.html,TaiwanDrama,103
/bbs/SENIORHIGH/index.html,SENIORHIGH,99
/bbs/MacShop/index.html,MacShop,96
/bbs/DMM_GAMES/index.html,DMM_GAMES,94
/bbs/LGBT_SEX/index.html,LGBT_SEX,93
/bbs/MayDay/index.html,MayDay,93
/bbs/HelpBuy/index.html,HelpBuy,91
/bbs/cookclub/index.html,cookclub,90
/bbs/fastfood/index.html,fastfood,89
/bbs/CarShop/index.html,CarShop,87
/bbs/Palmar_Drama/index.html,Palmar_Drama,86
/bbs/BabyProducts/index.html,BabyProducts,85
/bbs/Nogizaka46/index.html,Nogizaka46,85
/bbs/watch/index.html,watch,83
/bbs/gay/index.html,gay,83
/bbs/Wanted/index.html,Wanted,82
/bbs/GBF/index.html,GBF,82
/bbs/TW_Entertain/index.html,TW_Entertain,81
/bbs/Monkeys/index.html,Monkeys,79
/bbs/IdolMaster/index.html,IdolMaster,78
/bbs/Tennis/index.html,Tennis,77
/bbs/DC_SALE/index.html,DC_SALE,76
/bbs/Military/index.html,Military,73
/bbs/Guardians/index.html,Guardians,72
/bbs/lesbian/index.html,lesbian,72
/bbs/MH/index.html,MH,71
/bbs/give/index.html,give,71
/bbs/Lions/index.html,Lions,70
/bbs/IZONE/index.html,IZONE,69
/bbs/AKB48/index.html,AKB48,68
/bbs/nb-shopping/index.html,nb-shopping,67
/bbs/DIABLO/index.html,DIABLO,67
/bbs/Key_Mou_Pad/index.html,Key_Mou_Pad,66
/bbs/MAC/index.html,MAC,64
/bbs/PathofExile/index.html,PathofExile,63
/bbs/PublicServan/index.html,PublicServan,62
/bbs/hypermall/index.html,hypermall,62
